16:54:36 | INFO: Data are loaded, start creating Blender stuff
16:54:36 | INFO: Blender create Mesh node Cube.009
16:54:36 | INFO: Blender create Mesh node Cube.001
16:54:36 | INFO: glTF import finished in 0.01s
Blender 4.3.2
Fra:1 Mem:10.64M (Peak 10.64M) | Time:00:00.00 | Mem:0.00M, Peak:0.00M | Scene, ViewLayer | Synchronizing object | env_ammo_can__shell_mesh
Fra:1 Mem:12.75M (Peak 12.75M) | Time:00:00.01 | Mem:0.00M, Peak:0.00M | Scene, ViewLayer | Synchronizing object | env_ammo_can__lid_pivot_mesh
Fra:1 Mem:12.78M (Peak 12.78M) | Time:00:00.01 | Mem:0.00M, Peak:0.00M | Scene, ViewLayer | Initializing
Fra:1 Mem:12.49M (Peak 12.78M) | Time:00:00.01 | Mem:0.00M, Peak:0.00M | Scene, ViewLayer | Waiting for render to start
Fra:1 Mem:12.49M (Peak 12.78M) | Time:00:00.01 | Mem:0.00M, Peak:0.00M | Scene, ViewLayer | Loading render kernels (may take a few minutes the first time)
Fra:1 Mem:12.49M (Peak 12.78M) | Time:00:00.01 | Mem:0.00M, Peak:0.00M | Scene, ViewLayer | Updating Scene
Fra:1 Mem:12.49M (Peak 12.78M) | Time:00:00.01 | Mem:0.00M, Peak:0.00M | Scene, ViewLayer | Updating Shaders
Fra:1 Mem:12.57M (Peak 12.78M) | Time:00:00.01 | Mem:0.00M, Peak:0.00M | Scene, ViewLayer | Updating Procedurals
Fra:1 Mem:12.57M (Peak 12.78M) | Time:00:00.01 | Mem:0.00M, Peak:0.00M | Scene, ViewLayer | Updating Background
Fra:1 Mem:12.57M (Peak 12.78M) | Time:00:00.01 | Mem:0.00M, Peak:0.00M | Scene, ViewLayer | Updating Camera
Fra:1 Mem:12.57M (Peak 12.78M) | Time:00:00.01 | Mem:0.00M, Peak:0.00M | Scene, ViewLayer | Updating Meshes Flags
Fra:1 Mem:12.57M (Peak 12.78M) | Time:00:00.01 | Mem:0.00M, Peak:0.00M | Scene, ViewLayer | Updating Objects
Fra:1 Mem:12.57M (Peak 12.78M) | Time:00:00.01 | Mem:0.00M, Peak:0.00M | Scene, ViewLayer | Updating Objects | Copying Transformations to device
Fra:1 Mem:12.57M (Peak 12.78M) | Time:00:00.01 | Mem:0.00M, Peak:0.00M | Scene, ViewLayer | Updating Objects | Applying Static Transformations
Fra:1 Mem:12.57M (Peak 12.78M) | Time:00:00.01 | Mem:0.00M, Peak:0.00M | Scene, ViewLayer | Updating Particle Systems
Fra:1 Mem:12.57M (Peak 12.78M) | Time:00:00.01 | Mem:0.00M, Peak:0.00M | Scene, ViewLayer | Updating Particle Systems | Copying Particles to device
Fra:1 Mem:12.57M (Peak 12.78M) | Time:00:00.01 | Mem:0.00M, Peak:0.00M | Scene, ViewLayer | Updating Meshes
Fra:1 Mem:12.58M (Peak 12.78M) | Time:00:00.01 | Mem:0.00M, Peak:0.00M | Scene, ViewLayer | Updating Mesh | Computing attributes
Fra:1 Mem:12.63M (Peak 12.78M) | Time:00:00.01 | Mem:0.00M, Peak:0.00M | Scene, ViewLayer | Updating Mesh | Copying Attributes to device
Fra:1 Mem:12.63M (Peak 12.78M) | Time:00:00.01 | Mem:0.06M, Peak:0.06M | Scene, ViewLayer | Updating Scene BVH | Building
Fra:1 Mem:12.63M (Peak 12.78M) | Time:00:00.01 | Mem:0.06M, Peak:0.06M | Scene, ViewLayer | Updating Scene BVH | Building BVH
Fra:1 Mem:12.63M (Peak 12.78M) | Time:00:00.01 | Mem:0.07M, Peak:0.07M | Scene, ViewLayer | Updating Scene BVH | Building BVH 0%
Fra:1 Mem:12.63M (Peak 12.78M) | Time:00:00.02 | Mem:0.10M, Peak:0.11M | Scene, ViewLayer | Updating Scene BVH | Copying BVH to device
Fra:1 Mem:12.63M (Peak 12.78M) | Time:00:00.02 | Mem:0.10M, Peak:0.11M | Scene, ViewLayer | Updating Mesh | Computing normals
Fra:1 Mem:12.69M (Peak 12.78M) | Time:00:00.02 | Mem:0.10M, Peak:0.11M | Scene, ViewLayer | Updating Mesh | Copying Mesh to device
Fra:1 Mem:12.69M (Peak 12.78M) | Time:00:00.02 | Mem:0.16M, Peak:0.16M | Scene, ViewLayer | Updating Objects Flags
Fra:1 Mem:12.69M (Peak 12.78M) | Time:00:00.02 | Mem:0.16M, Peak:0.16M | Scene, ViewLayer | Updating Primitive Offsets
Fra:1 Mem:12.69M (Peak 12.78M) | Time:00:00.02 | Mem:0.16M, Peak:0.16M | Scene, ViewLayer | Updating Images
Fra:1 Mem:12.69M (Peak 12.78M) | Time:00:00.02 | Mem:0.16M, Peak:0.16M | Scene, ViewLayer | Updating Images | Loading environment_v2_normal.png
Fra:1 Mem:16.69M (Peak 16.69M) | Time:00:00.02 | Mem:0.16M, Peak:0.16M | Scene, ViewLayer | Updating Images | Loading environment_v2_albedo.png
Fra:1 Mem:20.71M (Peak 20.71M) | Time:00:00.05 | Mem:4.16M, Peak:4.16M | Scene, ViewLayer | Updating Images | Loading environment_v2_orm.png
Fra:1 Mem:24.71M (Peak 24.71M) | Time:00:00.07 | Mem:12.16M, Peak:12.16M | Scene, ViewLayer | Updating Camera Volume
Fra:1 Mem:24.71M (Peak 24.71M) | Time:00:00.07 | Mem:12.16M, Peak:12.16M | Scene, ViewLayer | Updating Lookup Tables
Fra:1 Mem:24.71M (Peak 24.71M) | Time:00:00.07 | Mem:12.24M, Peak:12.24M | Scene, ViewLayer | Updating Lights
Fra:1 Mem:24.71M (Peak 24.71M) | Time:00:00.07 | Mem:12.24M, Peak:12.24M | Scene, ViewLayer | Updating Lights | Computing tree
Fra:1 Mem:24.71M (Peak 24.71M) | Time:00:00.07 | Mem:12.24M, Peak:12.24M | Scene, ViewLayer | Updating Integrator
Fra:1 Mem:24.71M (Peak 24.71M) | Time:00:00.07 | Mem:12.24M, Peak:12.24M | Scene, ViewLayer | Updating Film
Fra:1 Mem:24.71M (Peak 24.71M) | Time:00:00.07 | Mem:12.16M, Peak:12.24M | Scene, ViewLayer | Updating Lookup Tables
Fra:1 Mem:24.71M (Peak 24.71M) | Time:00:00.07 | Mem:12.24M, Peak:12.24M | Scene, ViewLayer | Updating Baking
Fra:1 Mem:24.71M (Peak 24.71M) | Time:00:00.07 | Mem:12.24M, Peak:12.24M | Scene, ViewLayer | Updating Device | Writing constant memory
Fra:1 Mem:24.71M (Peak 24.71M) | Time:00:00.07 | Mem:12.24M, Peak:12.24M | Scene, ViewLayer | Sample 0/24
Fra:1 Mem:30.34M (Peak 30.34M) | Time:00:00.11 | Remaining:00:00.99 | Mem:17.88M, Peak:17.88M | Scene, ViewLayer | Sample 1/24
Fra:1 Mem:32.84M (Peak 37.84M) | Time:00:00.90 | Mem:17.88M, Peak:17.88M | Scene, ViewLayer | Sample 24/24
Fra:1 Mem:32.84M (Peak 37.84M) | Time:00:00.90 | Mem:17.88M, Peak:17.88M | Scene, ViewLayer | Finished
Saved: '/tmp/environment-v2-blender/env_ammo_can_shaded_0.png'
Time: 00:00.94 (Saving: 00:00.03)

Fra:1 Mem:12.66M (Peak 12.66M) | Time:00:00.00 | Mem:0.00M, Peak:0.00M | Scene, ViewLayer | Synchronizing object | env_ammo_can__lid_pivot_mesh
Fra:1 Mem:12.66M (Peak 12.66M) | Time:00:00.00 | Mem:0.00M, Peak:0.00M | Scene, ViewLayer | Synchronizing object | env_ammo_can__shell_mesh
Fra:1 Mem:12.78M (Peak 12.78M) | Time:00:00.00 | Mem:0.00M, Peak:0.00M | Scene, ViewLayer | Initializing
Fra:1 Mem:12.49M (Peak 12.78M) | Time:00:00.00 | Mem:0.00M, Peak:0.00M | Scene, ViewLayer | Waiting for render to start
Fra:1 Mem:12.49M (Peak 12.78M) | Time:00:00.00 | Mem:0.00M, Peak:0.00M | Scene, ViewLayer | Loading render kernels (may take a few minutes the first time)
Fra:1 Mem:12.49M (Peak 12.78M) | Time:00:00.00 | Mem:0.00M, Peak:0.00M | Scene, ViewLayer | Updating Scene
Fra:1 Mem:12.49M (Peak 12.78M) | Time:00:00.00 | Mem:0.00M, Peak:0.00M | Scene, ViewLayer | Updating Shaders
Fra:1 Mem:12.57M (Peak 12.78M) | Time:00:00.00 | Mem:0.00M, Peak:0.00M | Scene, ViewLayer | Updating Procedurals
Fra:1 Mem:12.57M (Peak 12.78M) | Time:00:00.00 | Mem:0.00M, Peak:0.00M | Scene, ViewLayer | Updating Background
Fra:1 Mem:12.57M (Peak 12.78M) | Time:00:00.00 | Mem:0.00M, Peak:0.00M | Scene, ViewLayer | Updating Camera
Fra:1 Mem:12.57M (Peak 12.78M) | Time:00:00.00 | Mem:0.00M, Peak:0.00M | Scene, ViewLayer | Updating Meshes Flags
Fra:1 Mem:12.57M (Peak 12.78M) | Time:00:00.00 | Mem:0.00M, Peak:0.00M | Scene, ViewLayer | Updating Objects
Fra:1 Mem:12.57M (Peak 12.78M) | Time:00:00.00 | Mem:0.00M, Peak:0.00M | Scene, ViewLayer | Updating Objects | Copying Transformations to device
Fra:1 Mem:12.57M (Peak 12.78M) | Time:00:00.00 | Mem:0.00M, Peak:0.00M | Scene, ViewLayer | Updating Objects | Applying Static Transformations
Fra:1 Mem:12.57M (Peak 12.78M) | Time:00:00.00 | Mem:0.00M, Peak:0.00M | Scene, ViewLayer | Updating Particle Systems
Fra:1 Mem:12.57M (Peak 12.78M) | Time:00:00.00 | Mem:0.00M, Peak:0.00M | Scene, ViewLayer | Updating Particle Systems | Copying Particles to device
Fra:1 Mem:12.57M (Peak 12.78M) | Time:00:00.00 | Mem:0.00M, Peak:0.00M | Scene, ViewLayer | Updating Meshes
Fra:1 Mem:12.58M (Peak 12.78M) | Time:00:00.00 | Mem:0.00M, Peak:0.00M | Scene, ViewLayer | Updating Mesh | Computing attributes
Fra:1 Mem:12.63M (Peak 12.78M) | Time:00:00.00 | Mem:0.00M, Peak:0.00M | Scene, ViewLayer | Updating Mesh | Copying Attributes to device
Fra:1 Mem:12.63M (Peak 12.78M) | Time:00:00.00 | Mem:0.06M, Peak:0.06M | Scene, ViewLayer | Updating Scene BVH | Building
Fra:1 Mem:12.63M (Peak 12.78M) | Time:00:00.00 | Mem:0.06M, Peak:0.06M | Scene, ViewLayer | Updating Scene BVH | Building BVH
Fra:1 Mem:12.63M (Peak 12.78M) | Time:00:00.00 | Mem:0.07M, Peak:0.07M | Scene, ViewLayer | Updating Scene BVH | Building BVH 0%
Fra:1 Mem:12.63M (Peak 12.78M) | Time:00:00.00 | Mem:0.10M, Peak:0.11M | Scene, ViewLayer | Updating Scene BVH | Copying BVH to device
Fra:1 Mem:12.63M (Peak 12.78M) | Time:00:00.00 | Mem:0.10M, Peak:0.11M | Scene, ViewLayer | Updating Mesh | Computing normals
Fra:1 Mem:12.69M (Peak 12.78M) | Time:00:00.00 | Mem:0.10M, Peak:0.11M | Scene, ViewLayer | Updating Mesh | Copying Mesh to device
Fra:1 Mem:12.69M (Peak 12.78M) | Time:00:00.00 | Mem:0.16M, Peak:0.16M | Scene, ViewLayer | Updating Objects Flags
Fra:1 Mem:12.69M (Peak 12.78M) | Time:00:00.00 | Mem:0.16M, Peak:0.16M | Scene, ViewLayer | Updating Primitive Offsets
Fra:1 Mem:12.69M (Peak 12.78M) | Time:00:00.00 | Mem:0.16M, Peak:0.16M | Scene, ViewLayer | Updating Images
Fra:1 Mem:12.69M (Peak 12.78M) | Time:00:00.00 | Mem:0.16M, Peak:0.16M | Scene, ViewLayer | Updating Images | Loading environment_v2_normal.png
Fra:1 Mem:16.69M (Peak 16.69M) | Time:00:00.00 | Mem:0.16M, Peak:0.16M | Scene, ViewLayer | Updating Images | Loading environment_v2_albedo.png
Fra:1 Mem:20.71M (Peak 20.71M) | Time:00:00.02 | Mem:4.16M, Peak:4.16M | Scene, ViewLayer | Updating Images | Loading environment_v2_orm.png
Fra:1 Mem:24.71M (Peak 24.71M) | Time:00:00.05 | Mem:12.16M, Peak:12.16M | Scene, ViewLayer | Updating Camera Volume
Fra:1 Mem:24.71M (Peak 24.71M) | Time:00:00.05 | Mem:12.16M, Peak:12.16M | Scene, ViewLayer | Updating Lookup Tables
Fra:1 Mem:24.71M (Peak 24.71M) | Time:00:00.05 | Mem:12.24M, Peak:12.24M | Scene, ViewLayer | Updating Lights
Fra:1 Mem:24.71M (Peak 24.71M) | Time:00:00.05 | Mem:12.24M, Peak:12.24M | Scene, ViewLayer | Updating Lights | Computing tree
Fra:1 Mem:24.71M (Peak 24.71M) | Time:00:00.05 | Mem:12.24M, Peak:12.24M | Scene, ViewLayer | Updating Integrator
Fra:1 Mem:24.71M (Peak 24.71M) | Time:00:00.05 | Mem:12.24M, Peak:12.24M | Scene, ViewLayer | Updating Film
Fra:1 Mem:24.71M (Peak 24.71M) | Time:00:00.05 | Mem:12.16M, Peak:12.24M | Scene, ViewLayer | Updating Lookup Tables
Fra:1 Mem:24.71M (Peak 24.71M) | Time:00:00.05 | Mem:12.24M, Peak:12.24M | Scene, ViewLayer | Updating Baking
Fra:1 Mem:24.71M (Peak 24.71M) | Time:00:00.05 | Mem:12.24M, Peak:12.24M | Scene, ViewLayer | Updating Device | Writing constant memory
Fra:1 Mem:24.71M (Peak 24.71M) | Time:00:00.05 | Mem:12.24M, Peak:12.24M | Scene, ViewLayer | Sample 0/24
Fra:1 Mem:30.34M (Peak 30.34M) | Time:00:00.09 | Remaining:00:01.05 | Mem:17.88M, Peak:17.88M | Scene, ViewLayer | Sample 1/24
Fra:1 Mem:32.84M (Peak 37.85M) | Time:00:00.77 | Mem:17.88M, Peak:17.88M | Scene, ViewLayer | Sample 24/24
Fra:1 Mem:32.84M (Peak 37.85M) | Time:00:00.77 | Mem:17.88M, Peak:17.88M | Scene, ViewLayer | Finished
Saved: '/tmp/environment-v2-blender/env_ammo_can_shaded_90.png'
Time: 00:00.81 (Saving: 00:00.03)

Fra:1 Mem:12.66M (Peak 12.66M) | Time:00:00.00 | Mem:0.00M, Peak:0.00M | Scene, ViewLayer | Synchronizing object | env_ammo_can__shell_mesh
Fra:1 Mem:12.75M (Peak 12.75M) | Time:00:00.00 | Mem:0.00M, Peak:0.00M | Scene, ViewLayer | Synchronizing object | env_ammo_can__lid_pivot_mesh
Fra:1 Mem:12.78M (Peak 12.78M) | Time:00:00.00 | Mem:0.00M, Peak:0.00M | Scene, ViewLayer | Initializing
Fra:1 Mem:12.49M (Peak 12.78M) | Time:00:00.00 | Mem:0.00M, Peak:0.00M | Scene, ViewLayer | Waiting for render to start
Fra:1 Mem:12.49M (Peak 12.78M) | Time:00:00.00 | Mem:0.00M, Peak:0.00M | Scene, ViewLayer | Loading render kernels (may take a few minutes the first time)
Fra:1 Mem:12.49M (Peak 12.78M) | Time:00:00.00 | Mem:0.00M, Peak:0.00M | Scene, ViewLayer | Updating Scene
Fra:1 Mem:12.49M (Peak 12.78M) | Time:00:00.00 | Mem:0.00M, Peak:0.00M | Scene, ViewLayer | Updating Shaders
Fra:1 Mem:12.57M (Peak 12.78M) | Time:00:00.00 | Mem:0.00M, Peak:0.00M | Scene, ViewLayer | Updating Procedurals
Fra:1 Mem:12.57M (Peak 12.78M) | Time:00:00.00 | Mem:0.00M, Peak:0.00M | Scene, ViewLayer | Updating Background
Fra:1 Mem:12.57M (Peak 12.78M) | Time:00:00.00 | Mem:0.00M, Peak:0.00M | Scene, ViewLayer | Updating Camera
Fra:1 Mem:12.57M (Peak 12.78M) | Time:00:00.00 | Mem:0.00M, Peak:0.00M | Scene, ViewLayer | Updating Meshes Flags
Fra:1 Mem:12.57M (Peak 12.78M) | Time:00:00.00 | Mem:0.00M, Peak:0.00M | Scene, ViewLayer | Updating Objects
Fra:1 Mem:12.57M (Peak 12.78M) | Time:00:00.00 | Mem:0.00M, Peak:0.00M | Scene, ViewLayer | Updating Objects | Copying Transformations to device
Fra:1 Mem:12.57M (Peak 12.78M) | Time:00:00.00 | Mem:0.00M, Peak:0.00M | Scene, ViewLayer | Updating Objects | Applying Static Transformations
Fra:1 Mem:12.57M (Peak 12.78M) | Time:00:00.00 | Mem:0.00M, Peak:0.00M | Scene, ViewLayer | Updating Particle Systems
Fra:1 Mem:12.57M (Peak 12.78M) | Time:00:00.00 | Mem:0.00M, Peak:0.00M | Scene, ViewLayer | Updating Particle Systems | Copying Particles to device
Fra:1 Mem:12.57M (Peak 12.78M) | Time:00:00.00 | Mem:0.00M, Peak:0.00M | Scene, ViewLayer | Updating Meshes
Fra:1 Mem:12.58M (Peak 12.78M) | Time:00:00.00 | Mem:0.00M, Peak:0.00M | Scene, ViewLayer | Updating Mesh | Computing attributes
Fra:1 Mem:12.63M (Peak 12.78M) | Time:00:00.00 | Mem:0.00M, Peak:0.00M | Scene, ViewLayer | Updating Mesh | Copying Attributes to device
Fra:1 Mem:12.63M (Peak 12.78M) | Time:00:00.00 | Mem:0.06M, Peak:0.06M | Scene, ViewLayer | Updating Scene BVH | Building
Fra:1 Mem:12.63M (Peak 12.78M) | Time:00:00.00 | Mem:0.06M, Peak:0.06M | Scene, ViewLayer | Updating Scene BVH | Building BVH
Fra:1 Mem:12.63M (Peak 12.78M) | Time:00:00.00 | Mem:0.07M, Peak:0.07M | Scene, ViewLayer | Updating Scene BVH | Building BVH 0%
Fra:1 Mem:12.63M (Peak 12.78M) | Time:00:00.00 | Mem:0.10M, Peak:0.11M | Scene, ViewLayer | Updating Scene BVH | Copying BVH to device
Fra:1 Mem:12.63M (Peak 12.78M) | Time:00:00.00 | Mem:0.10M, Peak:0.11M | Scene, ViewLayer | Updating Mesh | Computing normals
Fra:1 Mem:12.69M (Peak 12.78M) | Time:00:00.00 | Mem:0.10M, Peak:0.11M | Scene, ViewLayer | Updating Mesh | Copying Mesh to device
Fra:1 Mem:12.69M (Peak 12.78M) | Time:00:00.00 | Mem:0.16M, Peak:0.16M | Scene, ViewLayer | Updating Objects Flags
Fra:1 Mem:12.69M (Peak 12.78M) | Time:00:00.00 | Mem:0.16M, Peak:0.16M | Scene, ViewLayer | Updating Primitive Offsets
Fra:1 Mem:12.69M (Peak 12.78M) | Time:00:00.00 | Mem:0.16M, Peak:0.16M | Scene, ViewLayer | Updating Images
Fra:1 Mem:12.69M (Peak 12.78M) | Time:00:00.00 | Mem:0.16M, Peak:0.16M | Scene, ViewLayer | Updating Images | Loading environment_v2_normal.png
Fra:1 Mem:16.69M (Peak 16.69M) | Time:00:00.00 | Mem:0.16M, Peak:0.16M | Scene, ViewLayer | Updating Images | Loading environment_v2_albedo.png
Fra:1 Mem:20.71M (Peak 20.71M) | Time:00:00.03 | Mem:4.16M, Peak:4.16M | Scene, ViewLayer | Updating Images | Loading environment_v2_orm.png
Fra:1 Mem:24.71M (Peak 24.71M) | Time:00:00.05 | Mem:12.16M, Peak:12.16M | Scene, ViewLayer | Updating Camera Volume
Fra:1 Mem:24.71M (Peak 24.71M) | Time:00:00.05 | Mem:12.16M, Peak:12.16M | Scene, ViewLayer | Updating Lookup Tables
Fra:1 Mem:24.71M (Peak 24.71M) | Time:00:00.05 | Mem:12.24M, Peak:12.24M | Scene, ViewLayer | Updating Lights
Fra:1 Mem:24.71M (Peak 24.71M) | Time:00:00.05 | Mem:12.24M, Peak:12.24M | Scene, ViewLayer | Updating Lights | Computing tree
Fra:1 Mem:24.71M (Peak 24.71M) | Time:00:00.05 | Mem:12.24M, Peak:12.24M | Scene, ViewLayer | Updating Integrator
Fra:1 Mem:24.71M (Peak 24.71M) | Time:00:00.05 | Mem:12.24M, Peak:12.24M | Scene, ViewLayer | Updating Film
Fra:1 Mem:24.71M (Peak 24.71M) | Time:00:00.05 | Mem:12.16M, Peak:12.24M | Scene, ViewLayer | Updating Lookup Tables
Fra:1 Mem:24.71M (Peak 24.71M) | Time:00:00.05 | Mem:12.24M, Peak:12.24M | Scene, ViewLayer | Updating Baking
Fra:1 Mem:24.71M (Peak 24.71M) | Time:00:00.05 | Mem:12.24M, Peak:12.24M | Scene, ViewLayer | Updating Device | Writing constant memory
Fra:1 Mem:24.71M (Peak 24.71M) | Time:00:00.05 | Mem:12.24M, Peak:12.24M | Scene, ViewLayer | Sample 0/24
Fra:1 Mem:30.34M (Peak 30.34M) | Time:00:00.11 | Remaining:00:01.20 | Mem:17.88M, Peak:17.88M | Scene, ViewLayer | Sample 1/24
Fra:1 Mem:32.84M (Peak 37.85M) | Time:00:00.85 | Mem:17.88M, Peak:17.88M | Scene, ViewLayer | Sample 24/24
Fra:1 Mem:32.84M (Peak 37.85M) | Time:00:00.85 | Mem:17.88M, Peak:17.88M | Scene, ViewLayer | Finished
Saved: '/tmp/environment-v2-blender/env_ammo_can_shaded_180.png'
Time: 00:00.87 (Saving: 00:00.01)

Fra:1 Mem:12.60M (Peak 12.60M) | Time:00:00.00 | Mem:0.00M, Peak:0.00M | Scene, ViewLayer | Synchronizing object | env_ammo_can__lid_pivot_mesh
Fra:1 Mem:12.60M (Peak 12.60M) | Time:00:00.00 | Mem:0.00M, Peak:0.00M | Scene, ViewLayer | Synchronizing object | env_ammo_can__shell_mesh
Fra:1 Mem:12.68M (Peak 12.68M) | Time:00:00.00 | Mem:0.00M, Peak:0.00M | Scene, ViewLayer | Initializing
Fra:1 Mem:12.41M (Peak 12.68M) | Time:00:00.00 | Mem:0.00M, Peak:0.00M | Scene, ViewLayer | Waiting for render to start
Fra:1 Mem:12.41M (Peak 12.68M) | Time:00:00.00 | Mem:0.00M, Peak:0.00M | Scene, ViewLayer | Loading render kernels (may take a few minutes the first time)
Fra:1 Mem:12.41M (Peak 12.68M) | Time:00:00.00 | Mem:0.00M, Peak:0.00M | Scene, ViewLayer | Updating Scene
Fra:1 Mem:12.41M (Peak 12.68M) | Time:00:00.00 | Mem:0.00M, Peak:0.00M | Scene, ViewLayer | Updating Shaders
Fra:1 Mem:12.50M (Peak 12.68M) | Time:00:00.00 | Mem:0.00M, Peak:0.00M | Scene, ViewLayer | Updating Procedurals
Fra:1 Mem:12.50M (Peak 12.68M) | Time:00:00.00 | Mem:0.00M, Peak:0.00M | Scene, ViewLayer | Updating Background
Fra:1 Mem:12.50M (Peak 12.68M) | Time:00:00.00 | Mem:0.00M, Peak:0.00M | Scene, ViewLayer | Updating Camera
Fra:1 Mem:12.50M (Peak 12.68M) | Time:00:00.00 | Mem:0.00M, Peak:0.00M | Scene, ViewLayer | Updating Meshes Flags
Fra:1 Mem:12.50M (Peak 12.68M) | Time:00:00.00 | Mem:0.00M, Peak:0.00M | Scene, ViewLayer | Updating Objects
Fra:1 Mem:12.50M (Peak 12.68M) | Time:00:00.00 | Mem:0.00M, Peak:0.00M | Scene, ViewLayer | Updating Objects | Copying Transformations to device
Fra:1 Mem:12.50M (Peak 12.68M) | Time:00:00.00 | Mem:0.00M, Peak:0.00M | Scene, ViewLayer | Updating Objects | Applying Static Transformations
Fra:1 Mem:12.50M (Peak 12.68M) | Time:00:00.00 | Mem:0.00M, Peak:0.00M | Scene, ViewLayer | Updating Particle Systems
Fra:1 Mem:12.50M (Peak 12.68M) | Time:00:00.00 | Mem:0.00M, Peak:0.00M | Scene, ViewLayer | Updating Particle Systems | Copying Particles to device
Fra:1 Mem:12.50M (Peak 12.68M) | Time:00:00.00 | Mem:0.00M, Peak:0.00M | Scene, ViewLayer | Updating Meshes
Fra:1 Mem:12.50M (Peak 12.68M) | Time:00:00.00 | Mem:0.00M, Peak:0.00M | Scene, ViewLayer | Updating Mesh | Computing attributes
Fra:1 Mem:12.52M (Peak 12.68M) | Time:00:00.00 | Mem:0.00M, Peak:0.00M | Scene, ViewLayer | Updating Mesh | Copying Attributes to device
Fra:1 Mem:12.52M (Peak 12.68M) | Time:00:00.00 | Mem:0.02M, Peak:0.02M | Scene, ViewLayer | Updating Scene BVH | Building
Fra:1 Mem:12.52M (Peak 12.68M) | Time:00:00.00 | Mem:0.02M, Peak:0.02M | Scene, ViewLayer | Updating Scene BVH | Building BVH
Fra:1 Mem:12.52M (Peak 12.68M) | Time:00:00.00 | Mem:0.04M, Peak:0.04M | Scene, ViewLayer | Updating Scene BVH | Building BVH 0%
Fra:1 Mem:12.52M (Peak 12.68M) | Time:00:00.00 | Mem:0.06M, Peak:0.08M | Scene, ViewLayer | Updating Scene BVH | Copying BVH to device
Fra:1 Mem:12.52M (Peak 12.68M) | Time:00:00.00 | Mem:0.06M, Peak:0.08M | Scene, ViewLayer | Updating Mesh | Computing normals
Fra:1 Mem:12.58M (Peak 12.68M) | Time:00:00.00 | Mem:0.06M, Peak:0.08M | Scene, ViewLayer | Updating Mesh | Copying Mesh to device
Fra:1 Mem:12.58M (Peak 12.68M) | Time:00:00.00 | Mem:0.12M, Peak:0.12M | Scene, ViewLayer | Updating Objects Flags
Fra:1 Mem:12.58M (Peak 12.68M) | Time:00:00.00 | Mem:0.12M, Peak:0.12M | Scene, ViewLayer | Updating Primitive Offsets
Fra:1 Mem:12.58M (Peak 12.68M) | Time:00:00.00 | Mem:0.12M, Peak:0.12M | Scene, ViewLayer | Updating Images
Fra:1 Mem:12.58M (Peak 12.68M) | Time:00:00.00 | Mem:0.12M, Peak:0.12M | Scene, ViewLayer | Updating Camera Volume
Fra:1 Mem:12.58M (Peak 12.68M) | Time:00:00.00 | Mem:0.12M, Peak:0.12M | Scene, ViewLayer | Updating Lookup Tables
Fra:1 Mem:12.58M (Peak 12.68M) | Time:00:00.00 | Mem:0.20M, Peak:0.20M | Scene, ViewLayer | Updating Lights
Fra:1 Mem:12.58M (Peak 12.68M) | Time:00:00.00 | Mem:0.20M, Peak:0.20M | Scene, ViewLayer | Updating Lights | Computing tree
Fra:1 Mem:12.58M (Peak 12.68M) | Time:00:00.00 | Mem:0.20M, Peak:0.20M | Scene, ViewLayer | Updating Integrator
Fra:1 Mem:12.58M (Peak 12.68M) | Time:00:00.00 | Mem:0.20M, Peak:0.20M | Scene, ViewLayer | Updating Film
Fra:1 Mem:12.59M (Peak 12.68M) | Time:00:00.00 | Mem:0.12M, Peak:0.20M | Scene, ViewLayer | Updating Lookup Tables
Fra:1 Mem:12.59M (Peak 12.68M) | Time:00:00.00 | Mem:0.20M, Peak:0.20M | Scene, ViewLayer | Updating Baking
Fra:1 Mem:12.59M (Peak 12.68M) | Time:00:00.00 | Mem:0.20M, Peak:0.20M | Scene, ViewLayer | Updating Device | Writing constant memory
Fra:1 Mem:12.59M (Peak 12.68M) | Time:00:00.00 | Mem:0.20M, Peak:0.20M | Scene, ViewLayer | Sample 0/24
Fra:1 Mem:18.22M (Peak 18.22M) | Time:00:00.04 | Remaining:00:00.85 | Mem:5.83M, Peak:5.83M | Scene, ViewLayer | Sample 1/24
Fra:1 Mem:20.72M (Peak 25.72M) | Time:00:00.76 | Mem:5.83M, Peak:5.83M | Scene, ViewLayer | Sample 24/24
Fra:1 Mem:20.72M (Peak 25.72M) | Time:00:00.76 | Mem:5.83M, Peak:5.83M | Scene, ViewLayer | Finished
Saved: '/tmp/environment-v2-blender/env_ammo_can_clay_0.png'
Time: 00:00.79 (Saving: 00:00.03)

Fra:1 Mem:12.60M (Peak 12.60M) | Time:00:00.00 | Mem:0.00M, Peak:0.00M | Scene, ViewLayer | Synchronizing object | env_ammo_can__lid_pivot_mesh
Fra:1 Mem:12.62M (Peak 12.62M) | Time:00:00.00 | Mem:0.00M, Peak:0.00M | Scene, ViewLayer | Synchronizing object | env_ammo_can__shell_mesh
Fra:1 Mem:12.68M (Peak 12.68M) | Time:00:00.00 | Mem:0.00M, Peak:0.00M | Scene, ViewLayer | Initializing
Fra:1 Mem:12.41M (Peak 12.68M) | Time:00:00.00 | Mem:0.00M, Peak:0.00M | Scene, ViewLayer | Waiting for render to start
Fra:1 Mem:12.41M (Peak 12.68M) | Time:00:00.00 | Mem:0.00M, Peak:0.00M | Scene, ViewLayer | Loading render kernels (may take a few minutes the first time)
Fra:1 Mem:12.41M (Peak 12.68M) | Time:00:00.00 | Mem:0.00M, Peak:0.00M | Scene, ViewLayer | Updating Scene
Fra:1 Mem:12.41M (Peak 12.68M) | Time:00:00.00 | Mem:0.00M, Peak:0.00M | Scene, ViewLayer | Updating Shaders
Fra:1 Mem:12.50M (Peak 12.68M) | Time:00:00.00 | Mem:0.00M, Peak:0.00M | Scene, ViewLayer | Updating Procedurals
Fra:1 Mem:12.50M (Peak 12.68M) | Time:00:00.00 | Mem:0.00M, Peak:0.00M | Scene, ViewLayer | Updating Background
Fra:1 Mem:12.50M (Peak 12.68M) | Time:00:00.00 | Mem:0.00M, Peak:0.00M | Scene, ViewLayer | Updating Camera
Fra:1 Mem:12.50M (Peak 12.68M) | Time:00:00.00 | Mem:0.00M, Peak:0.00M | Scene, ViewLayer | Updating Meshes Flags
Fra:1 Mem:12.50M (Peak 12.68M) | Time:00:00.00 | Mem:0.00M, Peak:0.00M | Scene, ViewLayer | Updating Objects
Fra:1 Mem:12.50M (Peak 12.68M) | Time:00:00.00 | Mem:0.00M, Peak:0.00M | Scene, ViewLayer | Updating Objects | Copying Transformations to device
Fra:1 Mem:12.50M (Peak 12.68M) | Time:00:00.00 | Mem:0.00M, Peak:0.00M | Scene, ViewLayer | Updating Objects | Applying Static Transformations
Fra:1 Mem:12.50M (Peak 12.68M) | Time:00:00.00 | Mem:0.00M, Peak:0.00M | Scene, ViewLayer | Updating Particle Systems
Fra:1 Mem:12.50M (Peak 12.68M) | Time:00:00.00 | Mem:0.00M, Peak:0.00M | Scene, ViewLayer | Updating Particle Systems | Copying Particles to device
Fra:1 Mem:12.50M (Peak 12.68M) | Time:00:00.00 | Mem:0.00M, Peak:0.00M | Scene, ViewLayer | Updating Meshes
Fra:1 Mem:12.50M (Peak 12.68M) | Time:00:00.00 | Mem:0.00M, Peak:0.00M | Scene, ViewLayer | Updating Mesh | Computing attributes
Fra:1 Mem:12.52M (Peak 12.68M) | Time:00:00.00 | Mem:0.00M, Peak:0.00M | Scene, ViewLayer | Updating Mesh | Copying Attributes to device
Fra:1 Mem:12.52M (Peak 12.68M) | Time:00:00.00 | Mem:0.02M, Peak:0.02M | Scene, ViewLayer | Updating Scene BVH | Building
Fra:1 Mem:12.52M (Peak 12.68M) | Time:00:00.00 | Mem:0.02M, Peak:0.02M | Scene, ViewLayer | Updating Scene BVH | Building BVH
Fra:1 Mem:12.52M (Peak 12.68M) | Time:00:00.00 | Mem:0.04M, Peak:0.04M | Scene, ViewLayer | Updating Scene BVH | Building BVH 0%
Fra:1 Mem:12.52M (Peak 12.68M) | Time:00:00.00 | Mem:0.06M, Peak:0.08M | Scene, ViewLayer | Updating Scene BVH | Copying BVH to device
Fra:1 Mem:12.52M (Peak 12.68M) | Time:00:00.00 | Mem:0.06M, Peak:0.08M | Scene, ViewLayer | Updating Mesh | Computing normals
Fra:1 Mem:12.58M (Peak 12.68M) | Time:00:00.00 | Mem:0.06M, Peak:0.08M | Scene, ViewLayer | Updating Mesh | Copying Mesh to device
Fra:1 Mem:12.58M (Peak 12.68M) | Time:00:00.00 | Mem:0.12M, Peak:0.12M | Scene, ViewLayer | Updating Objects Flags
Fra:1 Mem:12.58M (Peak 12.68M) | Time:00:00.00 | Mem:0.12M, Peak:0.12M | Scene, ViewLayer | Updating Primitive Offsets
Fra:1 Mem:12.58M (Peak 12.68M) | Time:00:00.00 | Mem:0.12M, Peak:0.12M | Scene, ViewLayer | Updating Images
Fra:1 Mem:12.58M (Peak 12.68M) | Time:00:00.00 | Mem:0.12M, Peak:0.12M | Scene, ViewLayer | Updating Camera Volume
Fra:1 Mem:12.58M (Peak 12.68M) | Time:00:00.00 | Mem:0.12M, Peak:0.12M | Scene, ViewLayer | Updating Lookup Tables
Fra:1 Mem:12.58M (Peak 12.68M) | Time:00:00.00 | Mem:0.20M, Peak:0.20M | Scene, ViewLayer | Updating Lights
Fra:1 Mem:12.58M (Peak 12.68M) | Time:00:00.00 | Mem:0.20M, Peak:0.20M | Scene, ViewLayer | Updating Lights | Computing tree
Fra:1 Mem:12.58M (Peak 12.68M) | Time:00:00.00 | Mem:0.20M, Peak:0.20M | Scene, ViewLayer | Updating Integrator
Fra:1 Mem:12.58M (Peak 12.68M) | Time:00:00.00 | Mem:0.20M, Peak:0.20M | Scene, ViewLayer | Updating Film
Fra:1 Mem:12.59M (Peak 12.68M) | Time:00:00.00 | Mem:0.12M, Peak:0.20M | Scene, ViewLayer | Updating Lookup Tables
Fra:1 Mem:12.59M (Peak 12.68M) | Time:00:00.00 | Mem:0.20M, Peak:0.20M | Scene, ViewLayer | Updating Baking
Fra:1 Mem:12.59M (Peak 12.68M) | Time:00:00.00 | Mem:0.20M, Peak:0.20M | Scene, ViewLayer | Updating Device | Writing constant memory
Fra:1 Mem:12.59M (Peak 12.68M) | Time:00:00.00 | Mem:0.20M, Peak:0.20M | Scene, ViewLayer | Sample 0/24
Fra:1 Mem:18.22M (Peak 18.22M) | Time:00:00.03 | Remaining:00:00.55 | Mem:5.83M, Peak:5.83M | Scene, ViewLayer | Sample 1/24
Fra:1 Mem:20.72M (Peak 25.72M) | Time:00:00.68 | Mem:5.83M, Peak:5.83M | Scene, ViewLayer | Sample 24/24
Fra:1 Mem:20.72M (Peak 25.72M) | Time:00:00.68 | Mem:5.83M, Peak:5.83M | Scene, ViewLayer | Finished
Saved: '/tmp/environment-v2-blender/env_ammo_can_clay_90.png'
Time: 00:00.70 (Saving: 00:00.02)

Fra:1 Mem:12.60M (Peak 12.60M) | Time:00:00.00 | Mem:0.00M, Peak:0.00M | Scene, ViewLayer | Synchronizing object | env_ammo_can__shell_mesh
Fra:1 Mem:12.66M (Peak 12.66M) | Time:00:00.00 | Mem:0.00M, Peak:0.00M | Scene, ViewLayer | Synchronizing object | env_ammo_can__lid_pivot_mesh
Fra:1 Mem:12.68M (Peak 12.68M) | Time:00:00.00 | Mem:0.00M, Peak:0.00M | Scene, ViewLayer | Initializing
Fra:1 Mem:12.41M (Peak 12.68M) | Time:00:00.00 | Mem:0.00M, Peak:0.00M | Scene, ViewLayer | Waiting for render to start
Fra:1 Mem:12.41M (Peak 12.68M) | Time:00:00.00 | Mem:0.00M, Peak:0.00M | Scene, ViewLayer | Loading render kernels (may take a few minutes the first time)
Fra:1 Mem:12.41M (Peak 12.68M) | Time:00:00.00 | Mem:0.00M, Peak:0.00M | Scene, ViewLayer | Updating Scene
Fra:1 Mem:12.41M (Peak 12.68M) | Time:00:00.00 | Mem:0.00M, Peak:0.00M | Scene, ViewLayer | Updating Shaders
Fra:1 Mem:12.50M (Peak 12.68M) | Time:00:00.00 | Mem:0.00M, Peak:0.00M | Scene, ViewLayer | Updating Procedurals
Fra:1 Mem:12.50M (Peak 12.68M) | Time:00:00.00 | Mem:0.00M, Peak:0.00M | Scene, ViewLayer | Updating Background
Fra:1 Mem:12.50M (Peak 12.68M) | Time:00:00.00 | Mem:0.00M, Peak:0.00M | Scene, ViewLayer | Updating Camera
Fra:1 Mem:12.50M (Peak 12.68M) | Time:00:00.00 | Mem:0.00M, Peak:0.00M | Scene, ViewLayer | Updating Meshes Flags
Fra:1 Mem:12.50M (Peak 12.68M) | Time:00:00.00 | Mem:0.00M, Peak:0.00M | Scene, ViewLayer | Updating Objects
Fra:1 Mem:12.50M (Peak 12.68M) | Time:00:00.00 | Mem:0.00M, Peak:0.00M | Scene, ViewLayer | Updating Objects | Copying Transformations to device
Fra:1 Mem:12.50M (Peak 12.68M) | Time:00:00.00 | Mem:0.00M, Peak:0.00M | Scene, ViewLayer | Updating Objects | Applying Static Transformations
Fra:1 Mem:12.50M (Peak 12.68M) | Time:00:00.00 | Mem:0.00M, Peak:0.00M | Scene, ViewLayer | Updating Particle Systems
Fra:1 Mem:12.50M (Peak 12.68M) | Time:00:00.00 | Mem:0.00M, Peak:0.00M | Scene, ViewLayer | Updating Particle Systems | Copying Particles to device
Fra:1 Mem:12.50M (Peak 12.68M) | Time:00:00.00 | Mem:0.00M, Peak:0.00M | Scene, ViewLayer | Updating Meshes
Fra:1 Mem:12.50M (Peak 12.68M) | Time:00:00.00 | Mem:0.00M, Peak:0.00M | Scene, ViewLayer | Updating Mesh | Computing attributes
Fra:1 Mem:12.52M (Peak 12.68M) | Time:00:00.00 | Mem:0.00M, Peak:0.00M | Scene, ViewLayer | Updating Mesh | Copying Attributes to device
Fra:1 Mem:12.52M (Peak 12.68M) | Time:00:00.00 | Mem:0.02M, Peak:0.02M | Scene, ViewLayer | Updating Scene BVH | Building
Fra:1 Mem:12.52M (Peak 12.68M) | Time:00:00.00 | Mem:0.02M, Peak:0.02M | Scene, ViewLayer | Updating Scene BVH | Building BVH
Fra:1 Mem:12.52M (Peak 12.68M) | Time:00:00.00 | Mem:0.04M, Peak:0.04M | Scene, ViewLayer | Updating Scene BVH | Building BVH 0%
Fra:1 Mem:12.52M (Peak 12.68M) | Time:00:00.00 | Mem:0.06M, Peak:0.08M | Scene, ViewLayer | Updating Scene BVH | Copying BVH to device
Fra:1 Mem:12.52M (Peak 12.68M) | Time:00:00.00 | Mem:0.06M, Peak:0.08M | Scene, ViewLayer | Updating Mesh | Computing normals
Fra:1 Mem:12.58M (Peak 12.68M) | Time:00:00.00 | Mem:0.06M, Peak:0.08M | Scene, ViewLayer | Updating Mesh | Copying Mesh to device
Fra:1 Mem:12.58M (Peak 12.68M) | Time:00:00.00 | Mem:0.12M, Peak:0.12M | Scene, ViewLayer | Updating Objects Flags
Fra:1 Mem:12.58M (Peak 12.68M) | Time:00:00.00 | Mem:0.12M, Peak:0.12M | Scene, ViewLayer | Updating Primitive Offsets
Fra:1 Mem:12.58M (Peak 12.68M) | Time:00:00.00 | Mem:0.12M, Peak:0.12M | Scene, ViewLayer | Updating Images
Fra:1 Mem:12.58M (Peak 12.68M) | Time:00:00.00 | Mem:0.12M, Peak:0.12M | Scene, ViewLayer | Updating Camera Volume
Fra:1 Mem:12.58M (Peak 12.68M) | Time:00:00.00 | Mem:0.12M, Peak:0.12M | Scene, ViewLayer | Updating Lookup Tables
Fra:1 Mem:12.58M (Peak 12.68M) | Time:00:00.00 | Mem:0.20M, Peak:0.20M | Scene, ViewLayer | Updating Lights
Fra:1 Mem:12.58M (Peak 12.68M) | Time:00:00.00 | Mem:0.20M, Peak:0.20M | Scene, ViewLayer | Updating Lights | Computing tree
Fra:1 Mem:12.58M (Peak 12.68M) | Time:00:00.00 | Mem:0.20M, Peak:0.20M | Scene, ViewLayer | Updating Integrator
Fra:1 Mem:12.58M (Peak 12.68M) | Time:00:00.00 | Mem:0.20M, Peak:0.20M | Scene, ViewLayer | Updating Film
Fra:1 Mem:12.59M (Peak 12.68M) | Time:00:00.00 | Mem:0.12M, Peak:0.20M | Scene, ViewLayer | Updating Lookup Tables
Fra:1 Mem:12.59M (Peak 12.68M) | Time:00:00.00 | Mem:0.20M, Peak:0.20M | Scene, ViewLayer | Updating Baking
Fra:1 Mem:12.59M (Peak 12.68M) | Time:00:00.00 | Mem:0.20M, Peak:0.20M | Scene, ViewLayer | Updating Device | Writing constant memory
Fra:1 Mem:12.59M (Peak 12.68M) | Time:00:00.00 | Mem:0.20M, Peak:0.20M | Scene, ViewLayer | Sample 0/24
Fra:1 Mem:18.22M (Peak 18.22M) | Time:00:00.03 | Remaining:00:00.72 | Mem:5.83M, Peak:5.83M | Scene, ViewLayer | Sample 1/24
Fra:1 Mem:20.72M (Peak 25.72M) | Time:00:00.68 | Mem:5.83M, Peak:5.83M | Scene, ViewLayer | Sample 24/24
Fra:1 Mem:20.72M (Peak 25.72M) | Time:00:00.68 | Mem:5.83M, Peak:5.83M | Scene, ViewLayer | Finished
Saved: '/tmp/environment-v2-blender/env_ammo_can_clay_180.png'
Time: 00:00.71 (Saving: 00:00.02)

BLENDER_STUDY env_ammo_can
16:54:40 | INFO: Data are loaded, start creating Blender stuff
16:54:40 | INFO: Blender create Mesh node Cube.047
16:54:40 | INFO: Blender create Mesh node Cube.027
16:54:40 | INFO: glTF import finished in 0.01s
Fra:1 Mem:12.93M (Peak 12.93M) | Time:00:00.00 | Mem:0.00M, Peak:0.00M | Scene, ViewLayer | Synchronizing object | env_gun_case__shell_mesh
Fra:1 Mem:13.19M (Peak 13.19M) | Time:00:00.00 | Mem:0.00M, Peak:0.00M | Scene, ViewLayer | Synchronizing object | env_gun_case__lid_pivot_mesh
Fra:1 Mem:13.26M (Peak 13.26M) | Time:00:00.00 | Mem:0.00M, Peak:0.00M | Scene, ViewLayer | Initializing
Fra:1 Mem:12.96M (Peak 13.26M) | Time:00:00.00 | Mem:0.00M, Peak:0.00M | Scene, ViewLayer | Waiting for render to start
Fra:1 Mem:12.96M (Peak 13.26M) | Time:00:00.00 | Mem:0.00M, Peak:0.00M | Scene, ViewLayer | Loading render kernels (may take a few minutes the first time)
Fra:1 Mem:12.96M (Peak 13.26M) | Time:00:00.00 | Mem:0.00M, Peak:0.00M | Scene, ViewLayer | Updating Scene
Fra:1 Mem:12.96M (Peak 13.26M) | Time:00:00.00 | Mem:0.00M, Peak:0.00M | Scene, ViewLayer | Updating Shaders
Fra:1 Mem:13.05M (Peak 13.26M) | Time:00:00.00 | Mem:0.00M, Peak:0.00M | Scene, ViewLayer | Updating Procedurals
Fra:1 Mem:13.05M (Peak 13.26M) | Time:00:00.00 | Mem:0.00M, Peak:0.00M | Scene, ViewLayer | Updating Background
Fra:1 Mem:13.05M (Peak 13.26M) | Time:00:00.00 | Mem:0.00M, Peak:0.00M | Scene, ViewLayer | Updating Camera
Fra:1 Mem:13.05M (Peak 13.26M) | Time:00:00.00 | Mem:0.00M, Peak:0.00M | Scene, ViewLayer | Updating Meshes Flags
Fra:1 Mem:13.05M (Peak 13.26M) | Time:00:00.00 | Mem:0.00M, Peak:0.00M | Scene, ViewLayer | Updating Objects
Fra:1 Mem:13.05M (Peak 13.26M) | Time:00:00.00 | Mem:0.00M, Peak:0.00M | Scene, ViewLayer | Updating Objects | Copying Transformations to device
Fra:1 Mem:13.05M (Peak 13.26M) | Time:00:00.00 | Mem:0.00M, Peak:0.00M | Scene, ViewLayer | Updating Objects | Applying Static Transformations
Fra:1 Mem:13.05M (Peak 13.26M) | Time:00:00.00 | Mem:0.00M, Peak:0.00M | Scene, ViewLayer | Updating Particle Systems
Fra:1 Mem:13.05M (Peak 13.26M) | Time:00:00.00 | Mem:0.00M, Peak:0.00M | Scene, ViewLayer | Updating Particle Systems | Copying Particles to device
Fra:1 Mem:13.05M (Peak 13.26M) | Time:00:00.00 | Mem:0.00M, Peak:0.00M | Scene, ViewLayer | Updating Meshes
Fra:1 Mem:13.07M (Peak 13.26M) | Time:00:00.00 | Mem:0.00M, Peak:0.00M | Scene, ViewLayer | Updating Mesh | Computing attributes
Fra:1 Mem:13.20M (Peak 13.26M) | Time:00:00.00 | Mem:0.00M, Peak:0.00M | Scene, ViewLayer | Updating Mesh | Copying Attributes to device
Fra:1 Mem:13.20M (Peak 13.26M) | Time:00:00.00 | Mem:0.13M, Peak:0.13M | Scene, ViewLayer | Updating Scene BVH | Building
Fra:1 Mem:13.20M (Peak 13.26M) | Time:00:00.00 | Mem:0.13M, Peak:0.13M | Scene, ViewLayer | Updating Scene BVH | Building BVH
Fra:1 Mem:13.20M (Peak 13.26M) | Time:00:00.00 | Mem:0.17M, Peak:0.17M | Scene, ViewLayer | Updating Scene BVH | Building BVH 0%
Fra:1 Mem:13.20M (Peak 13.26M) | Time:00:00.00 | Mem:0.22M, Peak:0.26M | Scene, ViewLayer | Updating Scene BVH | Copying BVH to device
Fra:1 Mem:13.20M (Peak 13.26M) | Time:00:00.00 | Mem:0.22M, Peak:0.26M | Scene, ViewLayer | Updating Mesh | Computing normals
Fra:1 Mem:13.34M (Peak 13.34M) | Time:00:00.00 | Mem:0.22M, Peak:0.26M | Scene, ViewLayer | Updating Mesh | Copying Mesh to device
Fra:1 Mem:13.34M (Peak 13.34M) | Time:00:00.00 | Mem:0.36M, Peak:0.36M | Scene, ViewLayer | Updating Objects Flags
Fra:1 Mem:13.34M (Peak 13.34M) | Time:00:00.00 | Mem:0.36M, Peak:0.36M | Scene, ViewLayer | Updating Primitive Offsets
Fra:1 Mem:13.34M (Peak 13.34M) | Time:00:00.00 | Mem:0.36M, Peak:0.36M | Scene, ViewLayer | Updating Images
Fra:1 Mem:13.34M (Peak 13.34M) | Time:00:00.00 | Mem:0.36M, Peak:0.36M | Scene, ViewLayer | Updating Images | Loading environment_v2_normal.png
Fra:1 Mem:17.34M (Peak 17.34M) | Time:00:00.00 | Mem:0.36M, Peak:0.36M | Scene, ViewLayer | Updating Images | Loading environment_v2_albedo.png
Fra:1 Mem:21.35M (Peak 21.35M) | Time:00:00.03 | Mem:4.36M, Peak:4.36M | Scene, ViewLayer | Updating Images | Loading environment_v2_orm.png
Fra:1 Mem:25.35M (Peak 25.35M) | Time:00:00.05 | Mem:12.36M, Peak:12.36M | Scene, ViewLayer | Updating Camera Volume
Fra:1 Mem:25.35M (Peak 25.35M) | Time:00:00.05 | Mem:12.36M, Peak:12.36M | Scene, ViewLayer | Updating Lookup Tables
Fra:1 Mem:25.35M (Peak 25.35M) | Time:00:00.05 | Mem:12.45M, Peak:12.45M | Scene, ViewLayer | Updating Lights
Fra:1 Mem:25.35M (Peak 25.35M) | Time:00:00.05 | Mem:12.45M, Peak:12.45M | Scene, ViewLayer | Updating Lights | Computing tree
Fra:1 Mem:25.35M (Peak 25.35M) | Time:00:00.05 | Mem:12.45M, Peak:12.45M | Scene, ViewLayer | Updating Integrator
Fra:1 Mem:25.35M (Peak 25.35M) | Time:00:00.05 | Mem:12.45M, Peak:12.45M | Scene, ViewLayer | Updating Film
Fra:1 Mem:25.36M (Peak 25.36M) | Time:00:00.05 | Mem:12.37M, Peak:12.45M | Scene, ViewLayer | Updating Lookup Tables
Fra:1 Mem:25.36M (Peak 25.36M) | Time:00:00.05 | Mem:12.45M, Peak:12.45M | Scene, ViewLayer | Updating Baking
Fra:1 Mem:25.36M (Peak 25.36M) | Time:00:00.05 | Mem:12.45M, Peak:12.45M | Scene, ViewLayer | Updating Device | Writing constant memory
Fra:1 Mem:25.36M (Peak 25.36M) | Time:00:00.05 | Mem:12.45M, Peak:12.45M | Scene, ViewLayer | Sample 0/24
Fra:1 Mem:30.99M (Peak 30.99M) | Time:00:00.10 | Remaining:00:00.97 | Mem:18.09M, Peak:18.09M | Scene, ViewLayer | Sample 1/24
Fra:1 Mem:33.49M (Peak 38.49M) | Time:00:01.07 | Mem:18.09M, Peak:18.09M | Scene, ViewLayer | Sample 24/24
Fra:1 Mem:33.49M (Peak 38.49M) | Time:00:01.07 | Mem:18.09M, Peak:18.09M | Scene, ViewLayer | Finished
Saved: '/tmp/environment-v2-blender/env_gun_case_shaded_0.png'
Time: 00:01.09 (Saving: 00:00.02)

Fra:1 Mem:12.96M (Peak 12.96M) | Time:00:00.00 | Mem:0.00M, Peak:0.00M | Scene, ViewLayer | Synchronizing object | env_gun_case__lid_pivot_mesh
Fra:1 Mem:12.97M (Peak 12.97M) | Time:00:00.00 | Mem:0.00M, Peak:0.00M | Scene, ViewLayer | Synchronizing object | env_gun_case__shell_mesh
Fra:1 Mem:13.26M (Peak 13.26M) | Time:00:00.00 | Mem:0.00M, Peak:0.00M | Scene, ViewLayer | Initializing
Fra:1 Mem:12.96M (Peak 13.26M) | Time:00:00.00 | Mem:0.00M, Peak:0.00M | Scene, ViewLayer | Waiting for render to start
Fra:1 Mem:12.96M (Peak 13.26M) | Time:00:00.00 | Mem:0.00M, Peak:0.00M | Scene, ViewLayer | Loading render kernels (may take a few minutes the first time)
Fra:1 Mem:12.96M (Peak 13.26M) | Time:00:00.00 | Mem:0.00M, Peak:0.00M | Scene, ViewLayer | Updating Scene
Fra:1 Mem:12.96M (Peak 13.26M) | Time:00:00.00 | Mem:0.00M, Peak:0.00M | Scene, ViewLayer | Updating Shaders
Fra:1 Mem:13.05M (Peak 13.26M) | Time:00:00.00 | Mem:0.00M, Peak:0.00M | Scene, ViewLayer | Updating Procedurals
Fra:1 Mem:13.05M (Peak 13.26M) | Time:00:00.00 | Mem:0.00M, Peak:0.00M | Scene, ViewLayer | Updating Background
Fra:1 Mem:13.05M (Peak 13.26M) | Time:00:00.00 | Mem:0.00M, Peak:0.00M | Scene, ViewLayer | Updating Camera
Fra:1 Mem:13.05M (Peak 13.26M) | Time:00:00.00 | Mem:0.00M, Peak:0.00M | Scene, ViewLayer | Updating Meshes Flags
Fra:1 Mem:13.05M (Peak 13.26M) | Time:00:00.00 | Mem:0.00M, Peak:0.00M | Scene, ViewLayer | Updating Objects
Fra:1 Mem:13.05M (Peak 13.26M) | Time:00:00.00 | Mem:0.00M, Peak:0.00M | Scene, ViewLayer | Updating Objects | Copying Transformations to device
Fra:1 Mem:13.05M (Peak 13.26M) | Time:00:00.00 | Mem:0.00M, Peak:0.00M | Scene, ViewLayer | Updating Objects | Applying Static Transformations
Fra:1 Mem:13.05M (Peak 13.26M) | Time:00:00.00 | Mem:0.00M, Peak:0.00M | Scene, ViewLayer | Updating Particle Systems
Fra:1 Mem:13.05M (Peak 13.26M) | Time:00:00.00 | Mem:0.00M, Peak:0.00M | Scene, ViewLayer | Updating Particle Systems | Copying Particles to device
Fra:1 Mem:13.05M (Peak 13.26M) | Time:00:00.00 | Mem:0.00M, Peak:0.00M | Scene, ViewLayer | Updating Meshes
Fra:1 Mem:13.07M (Peak 13.26M) | Time:00:00.00 | Mem:0.00M, Peak:0.00M | Scene, ViewLayer | Updating Mesh | Computing attributes
Fra:1 Mem:13.20M (Peak 13.26M) | Time:00:00.00 | Mem:0.00M, Peak:0.00M | Scene, ViewLayer | Updating Mesh | Copying Attributes to device
Fra:1 Mem:13.20M (Peak 13.26M) | Time:00:00.00 | Mem:0.13M, Peak:0.13M | Scene, ViewLayer | Updating Scene BVH | Building
Fra:1 Mem:13.20M (Peak 13.26M) | Time:00:00.00 | Mem:0.13M, Peak:0.13M | Scene, ViewLayer | Updating Scene BVH | Building BVH
Fra:1 Mem:13.20M (Peak 13.26M) | Time:00:00.00 | Mem:0.17M, Peak:0.17M | Scene, ViewLayer | Updating Scene BVH | Building BVH 0%
Fra:1 Mem:13.20M (Peak 13.26M) | Time:00:00.00 | Mem:0.22M, Peak:0.26M | Scene, ViewLayer | Updating Scene BVH | Copying BVH to device
Fra:1 Mem:13.20M (Peak 13.26M) | Time:00:00.00 | Mem:0.22M, Peak:0.26M | Scene, ViewLayer | Updating Mesh | Computing normals
Fra:1 Mem:13.34M (Peak 13.34M) | Time:00:00.00 | Mem:0.22M, Peak:0.26M | Scene, ViewLayer | Updating Mesh | Copying Mesh to device
Fra:1 Mem:13.34M (Peak 13.34M) | Time:00:00.00 | Mem:0.36M, Peak:0.36M | Scene, ViewLayer | Updating Objects Flags
Fra:1 Mem:13.34M (Peak 13.34M) | Time:00:00.00 | Mem:0.36M, Peak:0.36M | Scene, ViewLayer | Updating Primitive Offsets
Fra:1 Mem:13.34M (Peak 13.34M) | Time:00:00.00 | Mem:0.36M, Peak:0.36M | Scene, ViewLayer | Updating Images
Fra:1 Mem:13.34M (Peak 13.34M) | Time:00:00.00 | Mem:0.36M, Peak:0.36M | Scene, ViewLayer | Updating Images | Loading environment_v2_normal.png
Fra:1 Mem:13.34M (Peak 13.34M) | Time:00:00.00 | Mem:0.36M, Peak:0.36M | Scene, ViewLayer | Updating Images | Loading environment_v2_albedo.png
Fra:1 Mem:21.35M (Peak 21.35M) | Time:00:00.03 | Mem:4.36M, Peak:4.36M | Scene, ViewLayer | Updating Images | Loading environment_v2_orm.png
Fra:1 Mem:25.35M (Peak 25.35M) | Time:00:00.05 | Mem:12.36M, Peak:12.36M | Scene, ViewLayer | Updating Camera Volume
Fra:1 Mem:25.35M (Peak 25.35M) | Time:00:00.05 | Mem:12.36M, Peak:12.36M | Scene, ViewLayer | Updating Lookup Tables
Fra:1 Mem:25.35M (Peak 25.35M) | Time:00:00.05 | Mem:12.45M, Peak:12.45M | Scene, ViewLayer | Updating Lights
Fra:1 Mem:25.35M (Peak 25.35M) | Time:00:00.05 | Mem:12.45M, Peak:12.45M | Scene, ViewLayer | Updating Lights | Computing tree
Fra:1 Mem:25.35M (Peak 25.35M) | Time:00:00.05 | Mem:12.45M, Peak:12.45M | Scene, ViewLayer | Updating Integrator
Fra:1 Mem:25.35M (Peak 25.35M) | Time:00:00.05 | Mem:12.45M, Peak:12.45M | Scene, ViewLayer | Updating Film
Fra:1 Mem:25.36M (Peak 25.36M) | Time:00:00.05 | Mem:12.37M, Peak:12.45M | Scene, ViewLayer | Updating Lookup Tables
Fra:1 Mem:25.36M (Peak 25.36M) | Time:00:00.05 | Mem:12.45M, Peak:12.45M | Scene, ViewLayer | Updating Baking
Fra:1 Mem:25.36M (Peak 25.36M) | Time:00:00.05 | Mem:12.45M, Peak:12.45M | Scene, ViewLayer | Updating Device | Writing constant memory
Fra:1 Mem:25.36M (Peak 25.36M) | Time:00:00.05 | Mem:12.45M, Peak:12.45M | Scene, ViewLayer | Sample 0/24
Fra:1 Mem:30.99M (Peak 30.99M) | Time:00:00.10 | Remaining:00:01.09 | Mem:18.09M, Peak:18.09M | Scene, ViewLayer | Sample 1/24
Fra:1 Mem:33.49M (Peak 38.49M) | Time:00:00.86 | Mem:18.09M, Peak:18.09M | Scene, ViewLayer | Sample 24/24
Fra:1 Mem:33.49M (Peak 38.49M) | Time:00:00.86 | Mem:18.09M, Peak:18.09M | Scene, ViewLayer | Finished
Saved: '/tmp/environment-v2-blender/env_gun_case_shaded_90.png'
Time: 00:00.88 (Saving: 00:00.01)

Fra:1 Mem:12.96M (Peak 12.96M) | Time:00:00.00 | Mem:0.00M, Peak:0.00M | Scene, ViewLayer | Synchronizing object | env_gun_case__lid_pivot_mesh
Fra:1 Mem:12.96M (Peak 12.96M) | Time:00:00.00 | Mem:0.00M, Peak:0.00M | Scene, ViewLayer | Synchronizing object | env_gun_case__shell_mesh
Fra:1 Mem:13.26M (Peak 13.26M) | Time:00:00.00 | Mem:0.00M, Peak:0.00M | Scene, ViewLayer | Initializing
Fra:1 Mem:12.96M (Peak 13.26M) | Time:00:00.00 | Mem:0.00M, Peak:0.00M | Scene, ViewLayer | Waiting for render to start
Fra:1 Mem:12.96M (Peak 13.26M) | Time:00:00.00 | Mem:0.00M, Peak:0.00M | Scene, ViewLayer | Loading render kernels (may take a few minutes the first time)
Fra:1 Mem:12.96M (Peak 13.26M) | Time:00:00.00 | Mem:0.00M, Peak:0.00M | Scene, ViewLayer | Updating Scene
Fra:1 Mem:12.96M (Peak 13.26M) | Time:00:00.00 | Mem:0.00M, Peak:0.00M | Scene, ViewLayer | Updating Shaders
Fra:1 Mem:13.05M (Peak 13.26M) | Time:00:00.00 | Mem:0.00M, Peak:0.00M | Scene, ViewLayer | Updating Procedurals
Fra:1 Mem:13.05M (Peak 13.26M) | Time:00:00.00 | Mem:0.00M, Peak:0.00M | Scene, ViewLayer | Updating Background
Fra:1 Mem:13.05M (Peak 13.26M) | Time:00:00.00 | Mem:0.00M, Peak:0.00M | Scene, ViewLayer | Updating Camera
Fra:1 Mem:13.05M (Peak 13.26M) | Time:00:00.00 | Mem:0.00M, Peak:0.00M | Scene, ViewLayer | Updating Meshes Flags
Fra:1 Mem:13.05M (Peak 13.26M) | Time:00:00.00 | Mem:0.00M, Peak:0.00M | Scene, ViewLayer | Updating Objects
Fra:1 Mem:13.05M (Peak 13.26M) | Time:00:00.00 | Mem:0.00M, Peak:0.00M | Scene, ViewLayer | Updating Objects | Copying Transformations to device
Fra:1 Mem:13.05M (Peak 13.26M) | Time:00:00.00 | Mem:0.00M, Peak:0.00M | Scene, ViewLayer | Updating Objects | Applying Static Transformations
Fra:1 Mem:13.05M (Peak 13.26M) | Time:00:00.00 | Mem:0.00M, Peak:0.00M | Scene, ViewLayer | Updating Particle Systems
Fra:1 Mem:13.05M (Peak 13.26M) | Time:00:00.00 | Mem:0.00M, Peak:0.00M | Scene, ViewLayer | Updating Particle Systems | Copying Particles to device
Fra:1 Mem:13.05M (Peak 13.26M) | Time:00:00.00 | Mem:0.00M, Peak:0.00M | Scene, ViewLayer | Updating Meshes
Fra:1 Mem:13.07M (Peak 13.26M) | Time:00:00.00 | Mem:0.00M, Peak:0.00M | Scene, ViewLayer | Updating Mesh | Computing attributes
Fra:1 Mem:13.20M (Peak 13.26M) | Time:00:00.00 | Mem:0.00M, Peak:0.00M | Scene, ViewLayer | Updating Mesh | Copying Attributes to device
Fra:1 Mem:13.20M (Peak 13.26M) | Time:00:00.00 | Mem:0.13M, Peak:0.13M | Scene, ViewLayer | Updating Scene BVH | Building
Fra:1 Mem:13.20M (Peak 13.26M) | Time:00:00.00 | Mem:0.13M, Peak:0.13M | Scene, ViewLayer | Updating Scene BVH | Building BVH
Fra:1 Mem:13.20M (Peak 13.26M) | Time:00:00.00 | Mem:0.17M, Peak:0.17M | Scene, ViewLayer | Updating Scene BVH | Building BVH 0%
Fra:1 Mem:13.20M (Peak 13.26M) | Time:00:00.00 | Mem:0.22M, Peak:0.26M | Scene, ViewLayer | Updating Scene BVH | Copying BVH to device
Fra:1 Mem:13.20M (Peak 13.26M) | Time:00:00.00 | Mem:0.22M, Peak:0.26M | Scene, ViewLayer | Updating Mesh | Computing normals
Fra:1 Mem:13.34M (Peak 13.34M) | Time:00:00.00 | Mem:0.22M, Peak:0.26M | Scene, ViewLayer | Updating Mesh | Copying Mesh to device
Fra:1 Mem:13.34M (Peak 13.34M) | Time:00:00.00 | Mem:0.36M, Peak:0.36M | Scene, ViewLayer | Updating Objects Flags
Fra:1 Mem:13.34M (Peak 13.34M) | Time:00:00.00 | Mem:0.36M, Peak:0.36M | Scene, ViewLayer | Updating Primitive Offsets
Fra:1 Mem:13.34M (Peak 13.34M) | Time:00:00.00 | Mem:0.36M, Peak:0.36M | Scene, ViewLayer | Updating Images
Fra:1 Mem:13.34M (Peak 13.34M) | Time:00:00.00 | Mem:0.36M, Peak:0.36M | Scene, ViewLayer | Updating Images | Loading environment_v2_normal.png
Fra:1 Mem:17.34M (Peak 17.34M) | Time:00:00.00 | Mem:0.36M, Peak:0.36M | Scene, ViewLayer | Updating Images | Loading environment_v2_albedo.png
Fra:1 Mem:21.35M (Peak 21.35M) | Time:00:00.03 | Mem:4.36M, Peak:4.36M | Scene, ViewLayer | Updating Images | Loading environment_v2_orm.png
Fra:1 Mem:25.35M (Peak 25.35M) | Time:00:00.05 | Mem:12.36M, Peak:12.36M | Scene, ViewLayer | Updating Camera Volume
Fra:1 Mem:25.35M (Peak 25.35M) | Time:00:00.05 | Mem:12.36M, Peak:12.36M | Scene, ViewLayer | Updating Lookup Tables
Fra:1 Mem:25.35M (Peak 25.35M) | Time:00:00.05 | Mem:12.45M, Peak:12.45M | Scene, ViewLayer | Updating Lights
Fra:1 Mem:25.35M (Peak 25.35M) | Time:00:00.05 | Mem:12.45M, Peak:12.45M | Scene, ViewLayer | Updating Lights | Computing tree
Fra:1 Mem:25.35M (Peak 25.35M) | Time:00:00.05 | Mem:12.45M, Peak:12.45M | Scene, ViewLayer | Updating Integrator
Fra:1 Mem:25.35M (Peak 25.35M) | Time:00:00.05 | Mem:12.45M, Peak:12.45M | Scene, ViewLayer | Updating Film
Fra:1 Mem:25.36M (Peak 25.36M) | Time:00:00.05 | Mem:12.37M, Peak:12.45M | Scene, ViewLayer | Updating Lookup Tables
Fra:1 Mem:25.36M (Peak 25.36M) | Time:00:00.05 | Mem:12.45M, Peak:12.45M | Scene, ViewLayer | Updating Baking
Fra:1 Mem:25.36M (Peak 25.36M) | Time:00:00.05 | Mem:12.45M, Peak:12.45M | Scene, ViewLayer | Updating Device | Writing constant memory
Fra:1 Mem:25.36M (Peak 25.36M) | Time:00:00.05 | Mem:12.45M, Peak:12.45M | Scene, ViewLayer | Sample 0/24
Fra:1 Mem:30.99M (Peak 30.99M) | Time:00:00.09 | Remaining:00:01.02 | Mem:18.09M, Peak:18.09M | Scene, ViewLayer | Sample 1/24
Fra:1 Mem:33.49M (Peak 38.49M) | Time:00:01.08 | Mem:18.09M, Peak:18.09M | Scene, ViewLayer | Sample 24/24
Fra:1 Mem:33.49M (Peak 38.49M) | Time:00:01.08 | Mem:18.09M, Peak:18.09M | Scene, ViewLayer | Finished
Saved: '/tmp/environment-v2-blender/env_gun_case_shaded_180.png'
Time: 00:01.10 (Saving: 00:00.01)

Fra:1 Mem:12.90M (Peak 12.90M) | Time:00:00.00 | Mem:0.00M, Peak:0.00M | Scene, ViewLayer | Synchronizing object | env_gun_case__lid_pivot_mesh
Fra:1 Mem:12.90M (Peak 12.90M) | Time:00:00.00 | Mem:0.00M, Peak:0.00M | Scene, ViewLayer | Synchronizing object | env_gun_case__shell_mesh
Fra:1 Mem:13.09M (Peak 13.09M) | Time:00:00.00 | Mem:0.00M, Peak:0.00M | Scene, ViewLayer | Initializing
Fra:1 Mem:12.83M (Peak 13.09M) | Time:00:00.00 | Mem:0.00M, Peak:0.00M | Scene, ViewLayer | Waiting for render to start
Fra:1 Mem:12.83M (Peak 13.09M) | Time:00:00.00 | Mem:0.00M, Peak:0.00M | Scene, ViewLayer | Loading render kernels (may take a few minutes the first time)
Fra:1 Mem:12.83M (Peak 13.09M) | Time:00:00.00 | Mem:0.00M, Peak:0.00M | Scene, ViewLayer | Updating Scene
Fra:1 Mem:12.83M (Peak 13.09M) | Time:00:00.00 | Mem:0.00M, Peak:0.00M | Scene, ViewLayer | Updating Shaders
Fra:1 Mem:12.91M (Peak 13.09M) | Time:00:00.00 | Mem:0.00M, Peak:0.00M | Scene, ViewLayer | Updating Procedurals
Fra:1 Mem:12.91M (Peak 13.09M) | Time:00:00.00 | Mem:0.00M, Peak:0.00M | Scene, ViewLayer | Updating Background
Fra:1 Mem:12.91M (Peak 13.09M) | Time:00:00.00 | Mem:0.00M, Peak:0.00M | Scene, ViewLayer | Updating Camera
Fra:1 Mem:12.91M (Peak 13.09M) | Time:00:00.00 | Mem:0.00M, Peak:0.00M | Scene, ViewLayer | Updating Meshes Flags
Fra:1 Mem:12.91M (Peak 13.09M) | Time:00:00.00 | Mem:0.00M, Peak:0.00M | Scene, ViewLayer | Updating Objects
Fra:1 Mem:12.91M (Peak 13.09M) | Time:00:00.00 | Mem:0.00M, Peak:0.00M | Scene, ViewLayer | Updating Objects | Copying Transformations to device
Fra:1 Mem:12.91M (Peak 13.09M) | Time:00:00.00 | Mem:0.00M, Peak:0.00M | Scene, ViewLayer | Updating Objects | Applying Static Transformations
Fra:1 Mem:12.91M (Peak 13.09M) | Time:00:00.00 | Mem:0.00M, Peak:0.00M | Scene, ViewLayer | Updating Particle Systems
Fra:1 Mem:12.91M (Peak 13.09M) | Time:00:00.00 | Mem:0.00M, Peak:0.00M | Scene, ViewLayer | Updating Particle Systems | Copying Particles to device
Fra:1 Mem:12.91M (Peak 13.09M) | Time:00:00.00 | Mem:0.00M, Peak:0.00M | Scene, ViewLayer | Updating Meshes
Fra:1 Mem:12.93M (Peak 13.09M) | Time:00:00.00 | Mem:0.00M, Peak:0.00M | Scene, ViewLayer | Updating Mesh | Computing attributes
Fra:1 Mem:12.98M (Peak 13.09M) | Time:00:00.00 | Mem:0.00M, Peak:0.00M | Scene, ViewLayer | Updating Mesh | Copying Attributes to device
Fra:1 Mem:12.98M (Peak 13.09M) | Time:00:00.00 | Mem:0.05M, Peak:0.05M | Scene, ViewLayer | Updating Scene BVH | Building
Fra:1 Mem:12.98M (Peak 13.09M) | Time:00:00.00 | Mem:0.05M, Peak:0.05M | Scene, ViewLayer | Updating Scene BVH | Building BVH
Fra:1 Mem:12.98M (Peak 13.09M) | Time:00:00.00 | Mem:0.08M, Peak:0.08M | Scene, ViewLayer | Updating Scene BVH | Building BVH 0%
Fra:1 Mem:12.98M (Peak 13.09M) | Time:00:00.00 | Mem:0.14M, Peak:0.17M | Scene, ViewLayer | Updating Scene BVH | Copying BVH to device
Fra:1 Mem:12.98M (Peak 13.09M) | Time:00:00.00 | Mem:0.14M, Peak:0.17M | Scene, ViewLayer | Updating Mesh | Computing normals
Fra:1 Mem:13.12M (Peak 13.12M) | Time:00:00.00 | Mem:0.14M, Peak:0.17M | Scene, ViewLayer | Updating Mesh | Copying Mesh to device
Fra:1 Mem:13.12M (Peak 13.12M) | Time:00:00.00 | Mem:0.28M, Peak:0.28M | Scene, ViewLayer | Updating Objects Flags
Fra:1 Mem:13.12M (Peak 13.12M) | Time:00:00.00 | Mem:0.28M, Peak:0.28M | Scene, ViewLayer | Updating Primitive Offsets
Fra:1 Mem:13.12M (Peak 13.12M) | Time:00:00.00 | Mem:0.28M, Peak:0.28M | Scene, ViewLayer | Updating Images
Fra:1 Mem:13.12M (Peak 13.12M) | Time:00:00.00 | Mem:0.28M, Peak:0.28M | Scene, ViewLayer | Updating Camera Volume
Fra:1 Mem:13.12M (Peak 13.12M) | Time:00:00.00 | Mem:0.28M, Peak:0.28M | Scene, ViewLayer | Updating Lookup Tables
Fra:1 Mem:13.12M (Peak 13.12M) | Time:00:00.00 | Mem:0.36M, Peak:0.36M | Scene, ViewLayer | Updating Lights
Fra:1 Mem:13.12M (Peak 13.12M) | Time:00:00.00 | Mem:0.36M, Peak:0.36M | Scene, ViewLayer | Updating Lights | Computing tree
Fra:1 Mem:13.12M (Peak 13.12M) | Time:00:00.00 | Mem:0.36M, Peak:0.36M | Scene, ViewLayer | Updating Integrator
Fra:1 Mem:13.12M (Peak 13.12M) | Time:00:00.00 | Mem:0.36M, Peak:0.36M | Scene, ViewLayer | Updating Film
Fra:1 Mem:13.12M (Peak 13.12M) | Time:00:00.00 | Mem:0.28M, Peak:0.36M | Scene, ViewLayer | Updating Lookup Tables
Fra:1 Mem:13.12M (Peak 13.12M) | Time:00:00.00 | Mem:0.36M, Peak:0.36M | Scene, ViewLayer | Updating Baking
Fra:1 Mem:13.12M (Peak 13.12M) | Time:00:00.00 | Mem:0.36M, Peak:0.36M | Scene, ViewLayer | Updating Device | Writing constant memory
Fra:1 Mem:13.12M (Peak 13.12M) | Time:00:00.00 | Mem:0.36M, Peak:0.36M | Scene, ViewLayer | Sample 0/24
Fra:1 Mem:18.76M (Peak 18.76M) | Time:00:00.04 | Remaining:00:00.88 | Mem:5.99M, Peak:5.99M | Scene, ViewLayer | Sample 1/24
Fra:1 Mem:21.26M (Peak 26.26M) | Time:00:00.95 | Mem:5.99M, Peak:5.99M | Scene, ViewLayer | Sample 24/24
Fra:1 Mem:21.26M (Peak 26.26M) | Time:00:00.95 | Mem:5.99M, Peak:5.99M | Scene, ViewLayer | Finished
Saved: '/tmp/environment-v2-blender/env_gun_case_clay_0.png'
Time: 00:00.98 (Saving: 00:00.02)

Fra:1 Mem:12.90M (Peak 12.90M) | Time:00:00.00 | Mem:0.00M, Peak:0.00M | Scene, ViewLayer | Synchronizing object | env_gun_case__lid_pivot_mesh
Fra:1 Mem:12.90M (Peak 12.90M) | Time:00:00.00 | Mem:0.00M, Peak:0.00M | Scene, ViewLayer | Synchronizing object | env_gun_case__shell_mesh
Fra:1 Mem:13.09M (Peak 13.09M) | Time:00:00.00 | Mem:0.00M, Peak:0.00M | Scene, ViewLayer | Initializing
Fra:1 Mem:12.83M (Peak 13.09M) | Time:00:00.00 | Mem:0.00M, Peak:0.00M | Scene, ViewLayer | Waiting for render to start
Fra:1 Mem:12.83M (Peak 13.09M) | Time:00:00.00 | Mem:0.00M, Peak:0.00M | Scene, ViewLayer | Loading render kernels (may take a few minutes the first time)
Fra:1 Mem:12.83M (Peak 13.09M) | Time:00:00.00 | Mem:0.00M, Peak:0.00M | Scene, ViewLayer | Updating Scene
Fra:1 Mem:12.83M (Peak 13.09M) | Time:00:00.00 | Mem:0.00M, Peak:0.00M | Scene, ViewLayer | Updating Shaders
Fra:1 Mem:12.91M (Peak 13.09M) | Time:00:00.00 | Mem:0.00M, Peak:0.00M | Scene, ViewLayer | Updating Procedurals
Fra:1 Mem:12.91M (Peak 13.09M) | Time:00:00.00 | Mem:0.00M, Peak:0.00M | Scene, ViewLayer | Updating Background
Fra:1 Mem:12.91M (Peak 13.09M) | Time:00:00.00 | Mem:0.00M, Peak:0.00M | Scene, ViewLayer | Updating Camera
Fra:1 Mem:12.91M (Peak 13.09M) | Time:00:00.00 | Mem:0.00M, Peak:0.00M | Scene, ViewLayer | Updating Meshes Flags
Fra:1 Mem:12.91M (Peak 13.09M) | Time:00:00.00 | Mem:0.00M, Peak:0.00M | Scene, ViewLayer | Updating Objects
Fra:1 Mem:12.91M (Peak 13.09M) | Time:00:00.00 | Mem:0.00M, Peak:0.00M | Scene, ViewLayer | Updating Objects | Copying Transformations to device
Fra:1 Mem:12.91M (Peak 13.09M) | Time:00:00.00 | Mem:0.00M, Peak:0.00M | Scene, ViewLayer | Updating Objects | Applying Static Transformations
Fra:1 Mem:12.91M (Peak 13.09M) | Time:00:00.00 | Mem:0.00M, Peak:0.00M | Scene, ViewLayer | Updating Particle Systems
Fra:1 Mem:12.91M (Peak 13.09M) | Time:00:00.00 | Mem:0.00M, Peak:0.00M | Scene, ViewLayer | Updating Particle Systems | Copying Particles to device
Fra:1 Mem:12.91M (Peak 13.09M) | Time:00:00.00 | Mem:0.00M, Peak:0.00M | Scene, ViewLayer | Updating Meshes
Fra:1 Mem:12.93M (Peak 13.09M) | Time:00:00.00 | Mem:0.00M, Peak:0.00M | Scene, ViewLayer | Updating Mesh | Computing attributes
Fra:1 Mem:12.98M (Peak 13.09M) | Time:00:00.00 | Mem:0.00M, Peak:0.00M | Scene, ViewLayer | Updating Mesh | Copying Attributes to device
Fra:1 Mem:12.98M (Peak 13.09M) | Time:00:00.00 | Mem:0.05M, Peak:0.05M | Scene, ViewLayer | Updating Scene BVH | Building
Fra:1 Mem:12.98M (Peak 13.09M) | Time:00:00.00 | Mem:0.05M, Peak:0.05M | Scene, ViewLayer | Updating Scene BVH | Building BVH
Fra:1 Mem:12.98M (Peak 13.09M) | Time:00:00.00 | Mem:0.08M, Peak:0.08M | Scene, ViewLayer | Updating Scene BVH | Building BVH 0%
Fra:1 Mem:12.98M (Peak 13.09M) | Time:00:00.00 | Mem:0.14M, Peak:0.17M | Scene, ViewLayer | Updating Scene BVH | Copying BVH to device
Fra:1 Mem:12.98M (Peak 13.09M) | Time:00:00.00 | Mem:0.14M, Peak:0.17M | Scene, ViewLayer | Updating Mesh | Computing normals
Fra:1 Mem:13.12M (Peak 13.12M) | Time:00:00.00 | Mem:0.14M, Peak:0.17M | Scene, ViewLayer | Updating Mesh | Copying Mesh to device
Fra:1 Mem:13.12M (Peak 13.12M) | Time:00:00.00 | Mem:0.28M, Peak:0.28M | Scene, ViewLayer | Updating Objects Flags
Fra:1 Mem:13.12M (Peak 13.12M) | Time:00:00.00 | Mem:0.28M, Peak:0.28M | Scene, ViewLayer | Updating Primitive Offsets
Fra:1 Mem:13.12M (Peak 13.12M) | Time:00:00.00 | Mem:0.28M, Peak:0.28M | Scene, ViewLayer | Updating Images
Fra:1 Mem:13.12M (Peak 13.12M) | Time:00:00.00 | Mem:0.28M, Peak:0.28M | Scene, ViewLayer | Updating Camera Volume
Fra:1 Mem:13.12M (Peak 13.12M) | Time:00:00.00 | Mem:0.28M, Peak:0.28M | Scene, ViewLayer | Updating Lookup Tables
Fra:1 Mem:13.12M (Peak 13.12M) | Time:00:00.00 | Mem:0.36M, Peak:0.36M | Scene, ViewLayer | Updating Lights
Fra:1 Mem:13.12M (Peak 13.12M) | Time:00:00.00 | Mem:0.36M, Peak:0.36M | Scene, ViewLayer | Updating Lights | Computing tree
Fra:1 Mem:13.12M (Peak 13.12M) | Time:00:00.00 | Mem:0.36M, Peak:0.36M | Scene, ViewLayer | Updating Integrator
Fra:1 Mem:13.12M (Peak 13.12M) | Time:00:00.00 | Mem:0.36M, Peak:0.36M | Scene, ViewLayer | Updating Film
Fra:1 Mem:13.12M (Peak 13.12M) | Time:00:00.00 | Mem:0.28M, Peak:0.36M | Scene, ViewLayer | Updating Lookup Tables
Fra:1 Mem:13.12M (Peak 13.12M) | Time:00:00.00 | Mem:0.36M, Peak:0.36M | Scene, ViewLayer | Updating Baking
Fra:1 Mem:13.12M (Peak 13.12M) | Time:00:00.00 | Mem:0.36M, Peak:0.36M | Scene, ViewLayer | Updating Device | Writing constant memory
Fra:1 Mem:13.12M (Peak 13.12M) | Time:00:00.00 | Mem:0.36M, Peak:0.36M | Scene, ViewLayer | Sample 0/24
Fra:1 Mem:18.76M (Peak 18.76M) | Time:00:00.03 | Remaining:00:00.72 | Mem:5.99M, Peak:5.99M | Scene, ViewLayer | Sample 1/24
Fra:1 Mem:21.26M (Peak 26.26M) | Time:00:00.76 | Mem:5.99M, Peak:5.99M | Scene, ViewLayer | Sample 24/24
Fra:1 Mem:21.26M (Peak 26.26M) | Time:00:00.76 | Mem:5.99M, Peak:5.99M | Scene, ViewLayer | Finished
Saved: '/tmp/environment-v2-blender/env_gun_case_clay_90.png'
Time: 00:00.78 (Saving: 00:00.02)

Fra:1 Mem:12.90M (Peak 12.90M) | Time:00:00.00 | Mem:0.00M, Peak:0.00M | Scene, ViewLayer | Synchronizing object | env_gun_case__lid_pivot_mesh
Fra:1 Mem:12.90M (Peak 12.90M) | Time:00:00.00 | Mem:0.00M, Peak:0.00M | Scene, ViewLayer | Synchronizing object | env_gun_case__shell_mesh
Fra:1 Mem:13.09M (Peak 13.09M) | Time:00:00.00 | Mem:0.00M, Peak:0.00M | Scene, ViewLayer | Initializing
Fra:1 Mem:12.83M (Peak 13.09M) | Time:00:00.00 | Mem:0.00M, Peak:0.00M | Scene, ViewLayer | Waiting for render to start
Fra:1 Mem:12.83M (Peak 13.09M) | Time:00:00.00 | Mem:0.00M, Peak:0.00M | Scene, ViewLayer | Loading render kernels (may take a few minutes the first time)
Fra:1 Mem:12.83M (Peak 13.09M) | Time:00:00.00 | Mem:0.00M, Peak:0.00M | Scene, ViewLayer | Updating Scene
Fra:1 Mem:12.83M (Peak 13.09M) | Time:00:00.00 | Mem:0.00M, Peak:0.00M | Scene, ViewLayer | Updating Shaders
Fra:1 Mem:12.91M (Peak 13.09M) | Time:00:00.00 | Mem:0.00M, Peak:0.00M | Scene, ViewLayer | Updating Procedurals
Fra:1 Mem:12.91M (Peak 13.09M) | Time:00:00.00 | Mem:0.00M, Peak:0.00M | Scene, ViewLayer | Updating Background
Fra:1 Mem:12.91M (Peak 13.09M) | Time:00:00.00 | Mem:0.00M, Peak:0.00M | Scene, ViewLayer | Updating Camera
Fra:1 Mem:12.91M (Peak 13.09M) | Time:00:00.00 | Mem:0.00M, Peak:0.00M | Scene, ViewLayer | Updating Meshes Flags
Fra:1 Mem:12.91M (Peak 13.09M) | Time:00:00.00 | Mem:0.00M, Peak:0.00M | Scene, ViewLayer | Updating Objects
Fra:1 Mem:12.91M (Peak 13.09M) | Time:00:00.00 | Mem:0.00M, Peak:0.00M | Scene, ViewLayer | Updating Objects | Copying Transformations to device
Fra:1 Mem:12.91M (Peak 13.09M) | Time:00:00.00 | Mem:0.00M, Peak:0.00M | Scene, ViewLayer | Updating Objects | Applying Static Transformations
Fra:1 Mem:12.91M (Peak 13.09M) | Time:00:00.00 | Mem:0.00M, Peak:0.00M | Scene, ViewLayer | Updating Particle Systems
Fra:1 Mem:12.91M (Peak 13.09M) | Time:00:00.00 | Mem:0.00M, Peak:0.00M | Scene, ViewLayer | Updating Particle Systems | Copying Particles to device
Fra:1 Mem:12.91M (Peak 13.09M) | Time:00:00.00 | Mem:0.00M, Peak:0.00M | Scene, ViewLayer | Updating Meshes
Fra:1 Mem:12.93M (Peak 13.09M) | Time:00:00.00 | Mem:0.00M, Peak:0.00M | Scene, ViewLayer | Updating Mesh | Computing attributes
Fra:1 Mem:12.98M (Peak 13.09M) | Time:00:00.00 | Mem:0.00M, Peak:0.00M | Scene, ViewLayer | Updating Mesh | Copying Attributes to device
Fra:1 Mem:12.98M (Peak 13.09M) | Time:00:00.00 | Mem:0.05M, Peak:0.05M | Scene, ViewLayer | Updating Scene BVH | Building
Fra:1 Mem:12.98M (Peak 13.09M) | Time:00:00.00 | Mem:0.05M, Peak:0.05M | Scene, ViewLayer | Updating Scene BVH | Building BVH
Fra:1 Mem:12.98M (Peak 13.09M) | Time:00:00.00 | Mem:0.08M, Peak:0.08M | Scene, ViewLayer | Updating Scene BVH | Building BVH 0%
Fra:1 Mem:12.98M (Peak 13.09M) | Time:00:00.00 | Mem:0.14M, Peak:0.17M | Scene, ViewLayer | Updating Scene BVH | Copying BVH to device
Fra:1 Mem:12.98M (Peak 13.09M) | Time:00:00.00 | Mem:0.14M, Peak:0.17M | Scene, ViewLayer | Updating Mesh | Computing normals
Fra:1 Mem:13.12M (Peak 13.12M) | Time:00:00.00 | Mem:0.14M, Peak:0.17M | Scene, ViewLayer | Updating Mesh | Copying Mesh to device
Fra:1 Mem:13.12M (Peak 13.12M) | Time:00:00.00 | Mem:0.28M, Peak:0.28M | Scene, ViewLayer | Updating Objects Flags
Fra:1 Mem:13.12M (Peak 13.12M) | Time:00:00.00 | Mem:0.28M, Peak:0.28M | Scene, ViewLayer | Updating Primitive Offsets
Fra:1 Mem:13.12M (Peak 13.12M) | Time:00:00.00 | Mem:0.28M, Peak:0.28M | Scene, ViewLayer | Updating Images
Fra:1 Mem:13.12M (Peak 13.12M) | Time:00:00.00 | Mem:0.28M, Peak:0.28M | Scene, ViewLayer | Updating Camera Volume
Fra:1 Mem:13.12M (Peak 13.12M) | Time:00:00.00 | Mem:0.28M, Peak:0.28M | Scene, ViewLayer | Updating Lookup Tables
Fra:1 Mem:13.12M (Peak 13.12M) | Time:00:00.00 | Mem:0.36M, Peak:0.36M | Scene, ViewLayer | Updating Lights
Fra:1 Mem:13.12M (Peak 13.12M) | Time:00:00.00 | Mem:0.36M, Peak:0.36M | Scene, ViewLayer | Updating Lights | Computing tree
Fra:1 Mem:13.12M (Peak 13.12M) | Time:00:00.00 | Mem:0.36M, Peak:0.36M | Scene, ViewLayer | Updating Integrator
Fra:1 Mem:13.12M (Peak 13.12M) | Time:00:00.00 | Mem:0.36M, Peak:0.36M | Scene, ViewLayer | Updating Film
Fra:1 Mem:13.12M (Peak 13.12M) | Time:00:00.00 | Mem:0.28M, Peak:0.36M | Scene, ViewLayer | Updating Lookup Tables
Fra:1 Mem:13.12M (Peak 13.12M) | Time:00:00.00 | Mem:0.36M, Peak:0.36M | Scene, ViewLayer | Updating Baking
Fra:1 Mem:13.12M (Peak 13.12M) | Time:00:00.00 | Mem:0.36M, Peak:0.36M | Scene, ViewLayer | Updating Device | Writing constant memory
Fra:1 Mem:13.12M (Peak 13.12M) | Time:00:00.00 | Mem:0.36M, Peak:0.36M | Scene, ViewLayer | Sample 0/24
Fra:1 Mem:18.76M (Peak 18.76M) | Time:00:00.04 | Remaining:00:00.81 | Mem:5.99M, Peak:5.99M | Scene, ViewLayer | Sample 1/24
Fra:1 Mem:21.26M (Peak 26.26M) | Time:00:00.97 | Mem:5.99M, Peak:5.99M | Scene, ViewLayer | Sample 24/24
Fra:1 Mem:21.26M (Peak 26.26M) | Time:00:00.97 | Mem:5.99M, Peak:5.99M | Scene, ViewLayer | Finished
Saved: '/tmp/environment-v2-blender/env_gun_case_clay_180.png'
Time: 00:00.99 (Saving: 00:00.02)

BLENDER_STUDY env_gun_case
16:54:46 | INFO: Data are loaded, start creating Blender stuff
16:54:46 | INFO: Blender create Mesh node Cube.081
16:54:46 | INFO: glTF import finished in 0.01s
Fra:1 Mem:13.14M (Peak 13.14M) | Time:00:00.00 | Mem:0.00M, Peak:0.00M | Scene, ViewLayer | Synchronizing object | env_handcart__shell_mesh
Fra:1 Mem:13.50M (Peak 13.50M) | Time:00:00.00 | Mem:0.00M, Peak:0.00M | Scene, ViewLayer | Initializing
Fra:1 Mem:13.25M (Peak 13.50M) | Time:00:00.00 | Mem:0.00M, Peak:0.00M | Scene, ViewLayer | Waiting for render to start
Fra:1 Mem:13.25M (Peak 13.50M) | Time:00:00.00 | Mem:0.00M, Peak:0.00M | Scene, ViewLayer | Loading render kernels (may take a few minutes the first time)
Fra:1 Mem:13.25M (Peak 13.50M) | Time:00:00.00 | Mem:0.00M, Peak:0.00M | Scene, ViewLayer | Updating Scene
Fra:1 Mem:13.25M (Peak 13.50M) | Time:00:00.00 | Mem:0.00M, Peak:0.00M | Scene, ViewLayer | Updating Shaders
Fra:1 Mem:13.33M (Peak 13.50M) | Time:00:00.00 | Mem:0.00M, Peak:0.00M | Scene, ViewLayer | Updating Procedurals
Fra:1 Mem:13.33M (Peak 13.50M) | Time:00:00.00 | Mem:0.00M, Peak:0.00M | Scene, ViewLayer | Updating Background
Fra:1 Mem:13.33M (Peak 13.50M) | Time:00:00.00 | Mem:0.00M, Peak:0.00M | Scene, ViewLayer | Updating Camera
Fra:1 Mem:13.33M (Peak 13.50M) | Time:00:00.00 | Mem:0.00M, Peak:0.00M | Scene, ViewLayer | Updating Meshes Flags
Fra:1 Mem:13.33M (Peak 13.50M) | Time:00:00.00 | Mem:0.00M, Peak:0.00M | Scene, ViewLayer | Updating Objects
Fra:1 Mem:13.33M (Peak 13.50M) | Time:00:00.00 | Mem:0.00M, Peak:0.00M | Scene, ViewLayer | Updating Objects | Copying Transformations to device
Fra:1 Mem:13.33M (Peak 13.50M) | Time:00:00.00 | Mem:0.00M, Peak:0.00M | Scene, ViewLayer | Updating Objects | Applying Static Transformations
Fra:1 Mem:13.33M (Peak 13.50M) | Time:00:00.00 | Mem:0.00M, Peak:0.00M | Scene, ViewLayer | Updating Particle Systems
Fra:1 Mem:13.33M (Peak 13.50M) | Time:00:00.00 | Mem:0.00M, Peak:0.00M | Scene, ViewLayer | Updating Particle Systems | Copying Particles to device
Fra:1 Mem:13.33M (Peak 13.50M) | Time:00:00.00 | Mem:0.00M, Peak:0.00M | Scene, ViewLayer | Updating Meshes
Fra:1 Mem:13.35M (Peak 13.50M) | Time:00:00.00 | Mem:0.00M, Peak:0.00M | Scene, ViewLayer | Updating Mesh | Computing attributes
Fra:1 Mem:13.50M (Peak 13.50M) | Time:00:00.00 | Mem:0.00M, Peak:0.00M | Scene, ViewLayer | Updating Mesh | Copying Attributes to device
Fra:1 Mem:13.50M (Peak 13.50M) | Time:00:00.00 | Mem:0.15M, Peak:0.15M | Scene, ViewLayer | Updating Scene BVH | Building
Fra:1 Mem:13.50M (Peak 13.50M) | Time:00:00.00 | Mem:0.15M, Peak:0.15M | Scene, ViewLayer | Updating Scene BVH | Building BVH
Fra:1 Mem:13.50M (Peak 13.50M) | Time:00:00.00 | Mem:0.19M, Peak:0.19M | Scene, ViewLayer | Updating Scene BVH | Building BVH 0%
Fra:1 Mem:13.50M (Peak 13.50M) | Time:00:00.00 | Mem:0.24M, Peak:0.28M | Scene, ViewLayer | Updating Scene BVH | Copying BVH to device
Fra:1 Mem:13.50M (Peak 13.50M) | Time:00:00.00 | Mem:0.24M, Peak:0.28M | Scene, ViewLayer | Updating Mesh | Computing normals
Fra:1 Mem:13.65M (Peak 13.65M) | Time:00:00.00 | Mem:0.24M, Peak:0.28M | Scene, ViewLayer | Updating Mesh | Copying Mesh to device
Fra:1 Mem:13.65M (Peak 13.65M) | Time:00:00.00 | Mem:0.39M, Peak:0.39M | Scene, ViewLayer | Updating Objects Flags
Fra:1 Mem:13.65M (Peak 13.65M) | Time:00:00.00 | Mem:0.39M, Peak:0.39M | Scene, ViewLayer | Updating Primitive Offsets
Fra:1 Mem:13.65M (Peak 13.65M) | Time:00:00.00 | Mem:0.39M, Peak:0.39M | Scene, ViewLayer | Updating Images
Fra:1 Mem:13.65M (Peak 13.65M) | Time:00:00.00 | Mem:0.39M, Peak:0.39M | Scene, ViewLayer | Updating Images | Loading environment_v2_normal.png
Fra:1 Mem:17.65M (Peak 17.65M) | Time:00:00.00 | Mem:0.39M, Peak:0.39M | Scene, ViewLayer | Updating Images | Loading environment_v2_albedo.png
Fra:1 Mem:21.67M (Peak 21.67M) | Time:00:00.03 | Mem:4.39M, Peak:4.39M | Scene, ViewLayer | Updating Images | Loading environment_v2_orm.png
Fra:1 Mem:25.67M (Peak 25.67M) | Time:00:00.05 | Mem:12.39M, Peak:12.39M | Scene, ViewLayer | Updating Camera Volume
Fra:1 Mem:25.67M (Peak 25.67M) | Time:00:00.05 | Mem:12.39M, Peak:12.39M | Scene, ViewLayer | Updating Lookup Tables
Fra:1 Mem:25.67M (Peak 25.67M) | Time:00:00.05 | Mem:12.47M, Peak:12.47M | Scene, ViewLayer | Updating Lights
Fra:1 Mem:25.67M (Peak 25.67M) | Time:00:00.05 | Mem:12.48M, Peak:12.48M | Scene, ViewLayer | Updating Lights | Computing tree
Fra:1 Mem:25.67M (Peak 25.67M) | Time:00:00.05 | Mem:12.48M, Peak:12.48M | Scene, ViewLayer | Updating Integrator
Fra:1 Mem:25.67M (Peak 25.67M) | Time:00:00.05 | Mem:12.48M, Peak:12.48M | Scene, ViewLayer | Updating Film
Fra:1 Mem:25.67M (Peak 25.67M) | Time:00:00.05 | Mem:12.39M, Peak:12.48M | Scene, ViewLayer | Updating Lookup Tables
Fra:1 Mem:25.67M (Peak 25.67M) | Time:00:00.05 | Mem:12.48M, Peak:12.48M | Scene, ViewLayer | Updating Baking
Fra:1 Mem:25.67M (Peak 25.67M) | Time:00:00.05 | Mem:12.48M, Peak:12.48M | Scene, ViewLayer | Updating Device | Writing constant memory
Fra:1 Mem:25.67M (Peak 25.67M) | Time:00:00.05 | Mem:12.48M, Peak:12.48M | Scene, ViewLayer | Sample 0/24
Fra:1 Mem:31.30M (Peak 31.30M) | Time:00:00.11 | Remaining:00:01.36 | Mem:18.12M, Peak:18.12M | Scene, ViewLayer | Sample 1/24
Fra:1 Mem:33.80M (Peak 38.81M) | Time:00:01.19 | Mem:18.12M, Peak:18.12M | Scene, ViewLayer | Sample 24/24
Fra:1 Mem:33.80M (Peak 38.81M) | Time:00:01.19 | Mem:18.12M, Peak:18.12M | Scene, ViewLayer | Finished
Saved: '/tmp/environment-v2-blender/env_handcart_shaded_0.png'
Time: 00:01.21 (Saving: 00:00.01)

Fra:1 Mem:13.17M (Peak 13.17M) | Time:00:00.00 | Mem:0.00M, Peak:0.00M | Scene, ViewLayer | Synchronizing object | env_handcart__shell_mesh
Fra:1 Mem:13.50M (Peak 13.50M) | Time:00:00.00 | Mem:0.00M, Peak:0.00M | Scene, ViewLayer | Initializing
Fra:1 Mem:13.25M (Peak 13.50M) | Time:00:00.00 | Mem:0.00M, Peak:0.00M | Scene, ViewLayer | Waiting for render to start
Fra:1 Mem:13.25M (Peak 13.50M) | Time:00:00.00 | Mem:0.00M, Peak:0.00M | Scene, ViewLayer | Loading render kernels (may take a few minutes the first time)
Fra:1 Mem:13.25M (Peak 13.50M) | Time:00:00.00 | Mem:0.00M, Peak:0.00M | Scene, ViewLayer | Updating Scene
Fra:1 Mem:13.25M (Peak 13.50M) | Time:00:00.00 | Mem:0.00M, Peak:0.00M | Scene, ViewLayer | Updating Shaders
Fra:1 Mem:13.33M (Peak 13.50M) | Time:00:00.00 | Mem:0.00M, Peak:0.00M | Scene, ViewLayer | Updating Procedurals
Fra:1 Mem:13.33M (Peak 13.50M) | Time:00:00.00 | Mem:0.00M, Peak:0.00M | Scene, ViewLayer | Updating Background
Fra:1 Mem:13.33M (Peak 13.50M) | Time:00:00.00 | Mem:0.00M, Peak:0.00M | Scene, ViewLayer | Updating Camera
Fra:1 Mem:13.33M (Peak 13.50M) | Time:00:00.00 | Mem:0.00M, Peak:0.00M | Scene, ViewLayer | Updating Meshes Flags
Fra:1 Mem:13.33M (Peak 13.50M) | Time:00:00.00 | Mem:0.00M, Peak:0.00M | Scene, ViewLayer | Updating Objects
Fra:1 Mem:13.33M (Peak 13.50M) | Time:00:00.00 | Mem:0.00M, Peak:0.00M | Scene, ViewLayer | Updating Objects | Copying Transformations to device
Fra:1 Mem:13.33M (Peak 13.50M) | Time:00:00.00 | Mem:0.00M, Peak:0.00M | Scene, ViewLayer | Updating Objects | Applying Static Transformations
Fra:1 Mem:13.33M (Peak 13.50M) | Time:00:00.00 | Mem:0.00M, Peak:0.00M | Scene, ViewLayer | Updating Particle Systems
Fra:1 Mem:13.33M (Peak 13.50M) | Time:00:00.00 | Mem:0.00M, Peak:0.00M | Scene, ViewLayer | Updating Particle Systems | Copying Particles to device
Fra:1 Mem:13.33M (Peak 13.50M) | Time:00:00.00 | Mem:0.00M, Peak:0.00M | Scene, ViewLayer | Updating Meshes
Fra:1 Mem:13.35M (Peak 13.50M) | Time:00:00.00 | Mem:0.00M, Peak:0.00M | Scene, ViewLayer | Updating Mesh | Computing attributes
Fra:1 Mem:13.50M (Peak 13.50M) | Time:00:00.00 | Mem:0.00M, Peak:0.00M | Scene, ViewLayer | Updating Mesh | Copying Attributes to device
Fra:1 Mem:13.50M (Peak 13.50M) | Time:00:00.00 | Mem:0.15M, Peak:0.15M | Scene, ViewLayer | Updating Scene BVH | Building
Fra:1 Mem:13.50M (Peak 13.50M) | Time:00:00.00 | Mem:0.15M, Peak:0.15M | Scene, ViewLayer | Updating Scene BVH | Building BVH
Fra:1 Mem:13.50M (Peak 13.50M) | Time:00:00.00 | Mem:0.19M, Peak:0.19M | Scene, ViewLayer | Updating Scene BVH | Building BVH 0%
Fra:1 Mem:13.50M (Peak 13.50M) | Time:00:00.00 | Mem:0.24M, Peak:0.28M | Scene, ViewLayer | Updating Scene BVH | Copying BVH to device
Fra:1 Mem:13.50M (Peak 13.50M) | Time:00:00.00 | Mem:0.24M, Peak:0.28M | Scene, ViewLayer | Updating Mesh | Computing normals
Fra:1 Mem:13.65M (Peak 13.65M) | Time:00:00.00 | Mem:0.24M, Peak:0.28M | Scene, ViewLayer | Updating Mesh | Copying Mesh to device
Fra:1 Mem:13.65M (Peak 13.65M) | Time:00:00.00 | Mem:0.39M, Peak:0.39M | Scene, ViewLayer | Updating Objects Flags
Fra:1 Mem:13.65M (Peak 13.65M) | Time:00:00.00 | Mem:0.39M, Peak:0.39M | Scene, ViewLayer | Updating Primitive Offsets
Fra:1 Mem:13.65M (Peak 13.65M) | Time:00:00.00 | Mem:0.39M, Peak:0.39M | Scene, ViewLayer | Updating Images
Fra:1 Mem:13.65M (Peak 13.65M) | Time:00:00.00 | Mem:0.39M, Peak:0.39M | Scene, ViewLayer | Updating Images | Loading environment_v2_albedo.png
Fra:1 Mem:17.65M (Peak 17.65M) | Time:00:00.00 | Mem:0.39M, Peak:0.39M | Scene, ViewLayer | Updating Images | Loading environment_v2_normal.png
Fra:1 Mem:21.67M (Peak 21.67M) | Time:00:00.02 | Mem:4.39M, Peak:4.39M | Scene, ViewLayer | Updating Images | Loading environment_v2_orm.png
Fra:1 Mem:25.67M (Peak 25.67M) | Time:00:00.05 | Mem:12.39M, Peak:12.39M | Scene, ViewLayer | Updating Camera Volume
Fra:1 Mem:25.67M (Peak 25.67M) | Time:00:00.05 | Mem:12.39M, Peak:12.39M | Scene, ViewLayer | Updating Lookup Tables
Fra:1 Mem:25.67M (Peak 25.67M) | Time:00:00.05 | Mem:12.47M, Peak:12.47M | Scene, ViewLayer | Updating Lights
Fra:1 Mem:25.67M (Peak 25.67M) | Time:00:00.05 | Mem:12.48M, Peak:12.48M | Scene, ViewLayer | Updating Lights | Computing tree
Fra:1 Mem:25.67M (Peak 25.67M) | Time:00:00.05 | Mem:12.48M, Peak:12.48M | Scene, ViewLayer | Updating Integrator
Fra:1 Mem:25.67M (Peak 25.67M) | Time:00:00.05 | Mem:12.48M, Peak:12.48M | Scene, ViewLayer | Updating Film
Fra:1 Mem:25.67M (Peak 25.67M) | Time:00:00.05 | Mem:12.39M, Peak:12.48M | Scene, ViewLayer | Updating Lookup Tables
Fra:1 Mem:25.67M (Peak 25.67M) | Time:00:00.05 | Mem:12.48M, Peak:12.48M | Scene, ViewLayer | Updating Baking
Fra:1 Mem:25.67M (Peak 25.67M) | Time:00:00.05 | Mem:12.48M, Peak:12.48M | Scene, ViewLayer | Updating Device | Writing constant memory
Fra:1 Mem:25.67M (Peak 25.67M) | Time:00:00.05 | Mem:12.48M, Peak:12.48M | Scene, ViewLayer | Sample 0/24
Fra:1 Mem:31.30M (Peak 31.30M) | Time:00:00.09 | Remaining:00:01.10 | Mem:18.12M, Peak:18.12M | Scene, ViewLayer | Sample 1/24
Fra:1 Mem:33.80M (Peak 38.81M) | Time:00:01.15 | Mem:18.12M, Peak:18.12M | Scene, ViewLayer | Sample 24/24
Fra:1 Mem:33.80M (Peak 38.81M) | Time:00:01.15 | Mem:18.12M, Peak:18.12M | Scene, ViewLayer | Finished
Saved: '/tmp/environment-v2-blender/env_handcart_shaded_90.png'
Time: 00:01.18 (Saving: 00:00.02)

Fra:1 Mem:13.17M (Peak 13.17M) | Time:00:00.00 | Mem:0.00M, Peak:0.00M | Scene, ViewLayer | Synchronizing object | env_handcart__shell_mesh
Fra:1 Mem:13.50M (Peak 13.50M) | Time:00:00.00 | Mem:0.00M, Peak:0.00M | Scene, ViewLayer | Initializing
Fra:1 Mem:13.25M (Peak 13.50M) | Time:00:00.00 | Mem:0.00M, Peak:0.00M | Scene, ViewLayer | Waiting for render to start
Fra:1 Mem:13.25M (Peak 13.50M) | Time:00:00.00 | Mem:0.00M, Peak:0.00M | Scene, ViewLayer | Loading render kernels (may take a few minutes the first time)
Fra:1 Mem:13.25M (Peak 13.50M) | Time:00:00.00 | Mem:0.00M, Peak:0.00M | Scene, ViewLayer | Updating Scene
Fra:1 Mem:13.25M (Peak 13.50M) | Time:00:00.00 | Mem:0.00M, Peak:0.00M | Scene, ViewLayer | Updating Shaders
Fra:1 Mem:13.33M (Peak 13.50M) | Time:00:00.00 | Mem:0.00M, Peak:0.00M | Scene, ViewLayer | Updating Procedurals
Fra:1 Mem:13.33M (Peak 13.50M) | Time:00:00.00 | Mem:0.00M, Peak:0.00M | Scene, ViewLayer | Updating Background
Fra:1 Mem:13.33M (Peak 13.50M) | Time:00:00.00 | Mem:0.00M, Peak:0.00M | Scene, ViewLayer | Updating Camera
Fra:1 Mem:13.33M (Peak 13.50M) | Time:00:00.00 | Mem:0.00M, Peak:0.00M | Scene, ViewLayer | Updating Meshes Flags
Fra:1 Mem:13.33M (Peak 13.50M) | Time:00:00.00 | Mem:0.00M, Peak:0.00M | Scene, ViewLayer | Updating Objects
Fra:1 Mem:13.33M (Peak 13.50M) | Time:00:00.00 | Mem:0.00M, Peak:0.00M | Scene, ViewLayer | Updating Objects | Copying Transformations to device
Fra:1 Mem:13.33M (Peak 13.50M) | Time:00:00.00 | Mem:0.00M, Peak:0.00M | Scene, ViewLayer | Updating Objects | Applying Static Transformations
Fra:1 Mem:13.33M (Peak 13.50M) | Time:00:00.00 | Mem:0.00M, Peak:0.00M | Scene, ViewLayer | Updating Particle Systems
Fra:1 Mem:13.33M (Peak 13.50M) | Time:00:00.00 | Mem:0.00M, Peak:0.00M | Scene, ViewLayer | Updating Particle Systems | Copying Particles to device
Fra:1 Mem:13.33M (Peak 13.50M) | Time:00:00.00 | Mem:0.00M, Peak:0.00M | Scene, ViewLayer | Updating Meshes
Fra:1 Mem:13.35M (Peak 13.50M) | Time:00:00.00 | Mem:0.00M, Peak:0.00M | Scene, ViewLayer | Updating Mesh | Computing attributes
Fra:1 Mem:13.50M (Peak 13.50M) | Time:00:00.00 | Mem:0.00M, Peak:0.00M | Scene, ViewLayer | Updating Mesh | Copying Attributes to device
Fra:1 Mem:13.50M (Peak 13.50M) | Time:00:00.00 | Mem:0.15M, Peak:0.15M | Scene, ViewLayer | Updating Scene BVH | Building
Fra:1 Mem:13.50M (Peak 13.50M) | Time:00:00.00 | Mem:0.15M, Peak:0.15M | Scene, ViewLayer | Updating Scene BVH | Building BVH
Fra:1 Mem:13.50M (Peak 13.50M) | Time:00:00.00 | Mem:0.19M, Peak:0.19M | Scene, ViewLayer | Updating Scene BVH | Building BVH 0%
Fra:1 Mem:13.50M (Peak 13.50M) | Time:00:00.00 | Mem:0.24M, Peak:0.28M | Scene, ViewLayer | Updating Scene BVH | Copying BVH to device
Fra:1 Mem:13.50M (Peak 13.50M) | Time:00:00.00 | Mem:0.24M, Peak:0.28M | Scene, ViewLayer | Updating Mesh | Computing normals
Fra:1 Mem:13.65M (Peak 13.65M) | Time:00:00.00 | Mem:0.24M, Peak:0.28M | Scene, ViewLayer | Updating Mesh | Copying Mesh to device
Fra:1 Mem:13.65M (Peak 13.65M) | Time:00:00.00 | Mem:0.39M, Peak:0.39M | Scene, ViewLayer | Updating Objects Flags
Fra:1 Mem:13.65M (Peak 13.65M) | Time:00:00.00 | Mem:0.39M, Peak:0.39M | Scene, ViewLayer | Updating Primitive Offsets
Fra:1 Mem:13.65M (Peak 13.65M) | Time:00:00.00 | Mem:0.39M, Peak:0.39M | Scene, ViewLayer | Updating Images
Fra:1 Mem:13.65M (Peak 13.65M) | Time:00:00.00 | Mem:0.39M, Peak:0.39M | Scene, ViewLayer | Updating Images | Loading environment_v2_normal.png
Fra:1 Mem:17.65M (Peak 17.65M) | Time:00:00.00 | Mem:0.39M, Peak:0.39M | Scene, ViewLayer | Updating Images | Loading environment_v2_albedo.png
Fra:1 Mem:21.67M (Peak 21.67M) | Time:00:00.03 | Mem:4.39M, Peak:4.39M | Scene, ViewLayer | Updating Images | Loading environment_v2_orm.png
Fra:1 Mem:25.67M (Peak 25.67M) | Time:00:00.05 | Mem:12.39M, Peak:12.39M | Scene, ViewLayer | Updating Camera Volume
Fra:1 Mem:25.67M (Peak 25.67M) | Time:00:00.05 | Mem:12.39M, Peak:12.39M | Scene, ViewLayer | Updating Lookup Tables
Fra:1 Mem:25.67M (Peak 25.67M) | Time:00:00.05 | Mem:12.47M, Peak:12.47M | Scene, ViewLayer | Updating Lights
Fra:1 Mem:25.67M (Peak 25.67M) | Time:00:00.05 | Mem:12.48M, Peak:12.48M | Scene, ViewLayer | Updating Lights | Computing tree
Fra:1 Mem:25.67M (Peak 25.67M) | Time:00:00.05 | Mem:12.48M, Peak:12.48M | Scene, ViewLayer | Updating Integrator
Fra:1 Mem:25.67M (Peak 25.67M) | Time:00:00.05 | Mem:12.48M, Peak:12.48M | Scene, ViewLayer | Updating Film
Fra:1 Mem:25.67M (Peak 25.67M) | Time:00:00.05 | Mem:12.39M, Peak:12.48M | Scene, ViewLayer | Updating Lookup Tables
Fra:1 Mem:25.67M (Peak 25.67M) | Time:00:00.05 | Mem:12.48M, Peak:12.48M | Scene, ViewLayer | Updating Baking
Fra:1 Mem:25.67M (Peak 25.67M) | Time:00:00.05 | Mem:12.48M, Peak:12.48M | Scene, ViewLayer | Updating Device | Writing constant memory
Fra:1 Mem:25.67M (Peak 25.67M) | Time:00:00.05 | Mem:12.48M, Peak:12.48M | Scene, ViewLayer | Sample 0/24
Fra:1 Mem:31.30M (Peak 31.30M) | Time:00:00.12 | Remaining:00:01.65 | Mem:18.12M, Peak:18.12M | Scene, ViewLayer | Sample 1/24
Fra:1 Mem:33.80M (Peak 38.81M) | Time:00:01.32 | Mem:18.12M, Peak:18.12M | Scene, ViewLayer | Sample 24/24
Fra:1 Mem:33.80M (Peak 38.81M) | Time:00:01.32 | Mem:18.12M, Peak:18.12M | Scene, ViewLayer | Finished
Saved: '/tmp/environment-v2-blender/env_handcart_shaded_180.png'
Time: 00:01.34 (Saving: 00:00.02)

Fra:1 Mem:13.11M (Peak 13.11M) | Time:00:00.00 | Mem:0.00M, Peak:0.00M | Scene, ViewLayer | Synchronizing object | env_handcart__shell_mesh
Fra:1 Mem:13.32M (Peak 13.32M) | Time:00:00.00 | Mem:0.00M, Peak:0.00M | Scene, ViewLayer | Initializing
Fra:1 Mem:13.10M (Peak 13.32M) | Time:00:00.00 | Mem:0.00M, Peak:0.00M | Scene, ViewLayer | Waiting for render to start
Fra:1 Mem:13.11M (Peak 13.32M) | Time:00:00.00 | Mem:0.00M, Peak:0.00M | Scene, ViewLayer | Loading render kernels (may take a few minutes the first time)
Fra:1 Mem:13.11M (Peak 13.32M) | Time:00:00.00 | Mem:0.00M, Peak:0.00M | Scene, ViewLayer | Updating Scene
Fra:1 Mem:13.11M (Peak 13.32M) | Time:00:00.00 | Mem:0.00M, Peak:0.00M | Scene, ViewLayer | Updating Shaders
Fra:1 Mem:13.19M (Peak 13.32M) | Time:00:00.00 | Mem:0.00M, Peak:0.00M | Scene, ViewLayer | Updating Procedurals
Fra:1 Mem:13.19M (Peak 13.32M) | Time:00:00.00 | Mem:0.00M, Peak:0.00M | Scene, ViewLayer | Updating Background
Fra:1 Mem:13.19M (Peak 13.32M) | Time:00:00.00 | Mem:0.00M, Peak:0.00M | Scene, ViewLayer | Updating Camera
Fra:1 Mem:13.19M (Peak 13.32M) | Time:00:00.00 | Mem:0.00M, Peak:0.00M | Scene, ViewLayer | Updating Meshes Flags
Fra:1 Mem:13.19M (Peak 13.32M) | Time:00:00.00 | Mem:0.00M, Peak:0.00M | Scene, ViewLayer | Updating Objects
Fra:1 Mem:13.19M (Peak 13.32M) | Time:00:00.00 | Mem:0.00M, Peak:0.00M | Scene, ViewLayer | Updating Objects | Copying Transformations to device
Fra:1 Mem:13.19M (Peak 13.32M) | Time:00:00.00 | Mem:0.00M, Peak:0.00M | Scene, ViewLayer | Updating Objects | Applying Static Transformations
Fra:1 Mem:13.19M (Peak 13.32M) | Time:00:00.00 | Mem:0.00M, Peak:0.00M | Scene, ViewLayer | Updating Particle Systems
Fra:1 Mem:13.19M (Peak 13.32M) | Time:00:00.00 | Mem:0.00M, Peak:0.00M | Scene, ViewLayer | Updating Particle Systems | Copying Particles to device
Fra:1 Mem:13.19M (Peak 13.32M) | Time:00:00.00 | Mem:0.00M, Peak:0.00M | Scene, ViewLayer | Updating Meshes
Fra:1 Mem:13.21M (Peak 13.32M) | Time:00:00.00 | Mem:0.00M, Peak:0.00M | Scene, ViewLayer | Updating Mesh | Computing attributes
Fra:1 Mem:13.26M (Peak 13.32M) | Time:00:00.00 | Mem:0.00M, Peak:0.00M | Scene, ViewLayer | Updating Mesh | Copying Attributes to device
Fra:1 Mem:13.26M (Peak 13.32M) | Time:00:00.00 | Mem:0.05M, Peak:0.05M | Scene, ViewLayer | Updating Scene BVH | Building
Fra:1 Mem:13.26M (Peak 13.32M) | Time:00:00.00 | Mem:0.05M, Peak:0.05M | Scene, ViewLayer | Updating Scene BVH | Building BVH
Fra:1 Mem:13.26M (Peak 13.32M) | Time:00:00.00 | Mem:0.09M, Peak:0.09M | Scene, ViewLayer | Updating Scene BVH | Building BVH 0%
Fra:1 Mem:13.26M (Peak 13.32M) | Time:00:00.00 | Mem:0.14M, Peak:0.19M | Scene, ViewLayer | Updating Scene BVH | Copying BVH to device
Fra:1 Mem:13.26M (Peak 13.32M) | Time:00:00.00 | Mem:0.14M, Peak:0.19M | Scene, ViewLayer | Updating Mesh | Computing normals
Fra:1 Mem:13.41M (Peak 13.41M) | Time:00:00.00 | Mem:0.14M, Peak:0.19M | Scene, ViewLayer | Updating Mesh | Copying Mesh to device
Fra:1 Mem:13.41M (Peak 13.41M) | Time:00:00.00 | Mem:0.30M, Peak:0.30M | Scene, ViewLayer | Updating Objects Flags
Fra:1 Mem:13.41M (Peak 13.41M) | Time:00:00.00 | Mem:0.30M, Peak:0.30M | Scene, ViewLayer | Updating Primitive Offsets
Fra:1 Mem:13.41M (Peak 13.41M) | Time:00:00.00 | Mem:0.30M, Peak:0.30M | Scene, ViewLayer | Updating Images
Fra:1 Mem:13.41M (Peak 13.41M) | Time:00:00.00 | Mem:0.30M, Peak:0.30M | Scene, ViewLayer | Updating Camera Volume
Fra:1 Mem:13.41M (Peak 13.41M) | Time:00:00.00 | Mem:0.30M, Peak:0.30M | Scene, ViewLayer | Updating Lookup Tables
Fra:1 Mem:13.41M (Peak 13.41M) | Time:00:00.00 | Mem:0.38M, Peak:0.38M | Scene, ViewLayer | Updating Lights
Fra:1 Mem:13.41M (Peak 13.41M) | Time:00:00.00 | Mem:0.38M, Peak:0.38M | Scene, ViewLayer | Updating Lights | Computing tree
Fra:1 Mem:13.41M (Peak 13.41M) | Time:00:00.00 | Mem:0.38M, Peak:0.38M | Scene, ViewLayer | Updating Integrator
Fra:1 Mem:13.41M (Peak 13.41M) | Time:00:00.00 | Mem:0.38M, Peak:0.38M | Scene, ViewLayer | Updating Film
Fra:1 Mem:13.42M (Peak 13.42M) | Time:00:00.00 | Mem:0.30M, Peak:0.38M | Scene, ViewLayer | Updating Lookup Tables
Fra:1 Mem:13.42M (Peak 13.42M) | Time:00:00.00 | Mem:0.38M, Peak:0.38M | Scene, ViewLayer | Updating Baking
Fra:1 Mem:13.42M (Peak 13.42M) | Time:00:00.00 | Mem:0.38M, Peak:0.38M | Scene, ViewLayer | Updating Device | Writing constant memory
Fra:1 Mem:13.42M (Peak 13.42M) | Time:00:00.00 | Mem:0.38M, Peak:0.38M | Scene, ViewLayer | Sample 0/24
Fra:1 Mem:19.05M (Peak 19.05M) | Time:00:00.05 | Remaining:00:01.18 | Mem:6.01M, Peak:6.01M | Scene, ViewLayer | Sample 1/24
Fra:1 Mem:21.55M (Peak 26.55M) | Time:00:01.00 | Mem:6.01M, Peak:6.01M | Scene, ViewLayer | Sample 24/24
Fra:1 Mem:21.55M (Peak 26.55M) | Time:00:01.00 | Mem:6.01M, Peak:6.01M | Scene, ViewLayer | Finished
Saved: '/tmp/environment-v2-blender/env_handcart_clay_0.png'
Time: 00:01.02 (Saving: 00:00.02)

Fra:1 Mem:13.11M (Peak 13.11M) | Time:00:00.00 | Mem:0.00M, Peak:0.00M | Scene, ViewLayer | Synchronizing object | env_handcart__shell_mesh
Fra:1 Mem:13.32M (Peak 13.32M) | Time:00:00.00 | Mem:0.00M, Peak:0.00M | Scene, ViewLayer | Initializing
Fra:1 Mem:13.10M (Peak 13.32M) | Time:00:00.00 | Mem:0.00M, Peak:0.00M | Scene, ViewLayer | Waiting for render to start
Fra:1 Mem:13.11M (Peak 13.32M) | Time:00:00.00 | Mem:0.00M, Peak:0.00M | Scene, ViewLayer | Loading render kernels (may take a few minutes the first time)
Fra:1 Mem:13.11M (Peak 13.32M) | Time:00:00.00 | Mem:0.00M, Peak:0.00M | Scene, ViewLayer | Updating Scene
Fra:1 Mem:13.11M (Peak 13.32M) | Time:00:00.00 | Mem:0.00M, Peak:0.00M | Scene, ViewLayer | Updating Shaders
Fra:1 Mem:13.19M (Peak 13.32M) | Time:00:00.00 | Mem:0.00M, Peak:0.00M | Scene, ViewLayer | Updating Procedurals
Fra:1 Mem:13.19M (Peak 13.32M) | Time:00:00.00 | Mem:0.00M, Peak:0.00M | Scene, ViewLayer | Updating Background
Fra:1 Mem:13.19M (Peak 13.32M) | Time:00:00.00 | Mem:0.00M, Peak:0.00M | Scene, ViewLayer | Updating Camera
Fra:1 Mem:13.19M (Peak 13.32M) | Time:00:00.00 | Mem:0.00M, Peak:0.00M | Scene, ViewLayer | Updating Meshes Flags
Fra:1 Mem:13.19M (Peak 13.32M) | Time:00:00.00 | Mem:0.00M, Peak:0.00M | Scene, ViewLayer | Updating Objects
Fra:1 Mem:13.19M (Peak 13.32M) | Time:00:00.00 | Mem:0.00M, Peak:0.00M | Scene, ViewLayer | Updating Objects | Copying Transformations to device
Fra:1 Mem:13.19M (Peak 13.32M) | Time:00:00.00 | Mem:0.00M, Peak:0.00M | Scene, ViewLayer | Updating Objects | Applying Static Transformations
Fra:1 Mem:13.19M (Peak 13.32M) | Time:00:00.00 | Mem:0.00M, Peak:0.00M | Scene, ViewLayer | Updating Particle Systems
Fra:1 Mem:13.19M (Peak 13.32M) | Time:00:00.00 | Mem:0.00M, Peak:0.00M | Scene, ViewLayer | Updating Particle Systems | Copying Particles to device
Fra:1 Mem:13.19M (Peak 13.32M) | Time:00:00.00 | Mem:0.00M, Peak:0.00M | Scene, ViewLayer | Updating Meshes
Fra:1 Mem:13.21M (Peak 13.32M) | Time:00:00.00 | Mem:0.00M, Peak:0.00M | Scene, ViewLayer | Updating Mesh | Computing attributes
Fra:1 Mem:13.26M (Peak 13.32M) | Time:00:00.00 | Mem:0.00M, Peak:0.00M | Scene, ViewLayer | Updating Mesh | Copying Attributes to device
Fra:1 Mem:13.26M (Peak 13.32M) | Time:00:00.00 | Mem:0.05M, Peak:0.05M | Scene, ViewLayer | Updating Scene BVH | Building
Fra:1 Mem:13.26M (Peak 13.32M) | Time:00:00.00 | Mem:0.05M, Peak:0.05M | Scene, ViewLayer | Updating Scene BVH | Building BVH
Fra:1 Mem:13.26M (Peak 13.32M) | Time:00:00.00 | Mem:0.09M, Peak:0.09M | Scene, ViewLayer | Updating Scene BVH | Building BVH 0%
Fra:1 Mem:13.26M (Peak 13.32M) | Time:00:00.00 | Mem:0.14M, Peak:0.19M | Scene, ViewLayer | Updating Scene BVH | Copying BVH to device
Fra:1 Mem:13.26M (Peak 13.32M) | Time:00:00.00 | Mem:0.14M, Peak:0.19M | Scene, ViewLayer | Updating Mesh | Computing normals
Fra:1 Mem:13.41M (Peak 13.41M) | Time:00:00.00 | Mem:0.14M, Peak:0.19M | Scene, ViewLayer | Updating Mesh | Copying Mesh to device
Fra:1 Mem:13.41M (Peak 13.41M) | Time:00:00.00 | Mem:0.30M, Peak:0.30M | Scene, ViewLayer | Updating Objects Flags
Fra:1 Mem:13.41M (Peak 13.41M) | Time:00:00.00 | Mem:0.30M, Peak:0.30M | Scene, ViewLayer | Updating Primitive Offsets
Fra:1 Mem:13.41M (Peak 13.41M) | Time:00:00.00 | Mem:0.30M, Peak:0.30M | Scene, ViewLayer | Updating Images
Fra:1 Mem:13.41M (Peak 13.41M) | Time:00:00.00 | Mem:0.30M, Peak:0.30M | Scene, ViewLayer | Updating Camera Volume
Fra:1 Mem:13.41M (Peak 13.41M) | Time:00:00.00 | Mem:0.30M, Peak:0.30M | Scene, ViewLayer | Updating Lookup Tables
Fra:1 Mem:13.41M (Peak 13.41M) | Time:00:00.00 | Mem:0.38M, Peak:0.38M | Scene, ViewLayer | Updating Lights
Fra:1 Mem:13.41M (Peak 13.41M) | Time:00:00.00 | Mem:0.38M, Peak:0.38M | Scene, ViewLayer | Updating Lights | Computing tree
Fra:1 Mem:13.41M (Peak 13.41M) | Time:00:00.00 | Mem:0.38M, Peak:0.38M | Scene, ViewLayer | Updating Integrator
Fra:1 Mem:13.41M (Peak 13.41M) | Time:00:00.00 | Mem:0.38M, Peak:0.38M | Scene, ViewLayer | Updating Film
Fra:1 Mem:13.42M (Peak 13.42M) | Time:00:00.00 | Mem:0.30M, Peak:0.38M | Scene, ViewLayer | Updating Lookup Tables
Fra:1 Mem:13.42M (Peak 13.42M) | Time:00:00.00 | Mem:0.38M, Peak:0.38M | Scene, ViewLayer | Updating Baking
Fra:1 Mem:13.42M (Peak 13.42M) | Time:00:00.00 | Mem:0.38M, Peak:0.38M | Scene, ViewLayer | Updating Device | Writing constant memory
Fra:1 Mem:13.42M (Peak 13.42M) | Time:00:00.00 | Mem:0.38M, Peak:0.38M | Scene, ViewLayer | Sample 0/24
Fra:1 Mem:19.05M (Peak 19.05M) | Time:00:00.05 | Remaining:00:01.10 | Mem:6.01M, Peak:6.01M | Scene, ViewLayer | Sample 1/24
Fra:1 Mem:21.55M (Peak 26.55M) | Time:00:00.95 | Mem:6.01M, Peak:6.01M | Scene, ViewLayer | Sample 24/24
Fra:1 Mem:21.55M (Peak 26.55M) | Time:00:00.95 | Mem:6.01M, Peak:6.01M | Scene, ViewLayer | Finished
Saved: '/tmp/environment-v2-blender/env_handcart_clay_90.png'
Time: 00:00.98 (Saving: 00:00.02)

Fra:1 Mem:13.11M (Peak 13.11M) | Time:00:00.00 | Mem:0.00M, Peak:0.00M | Scene, ViewLayer | Synchronizing object | env_handcart__shell_mesh
Fra:1 Mem:13.32M (Peak 13.32M) | Time:00:00.00 | Mem:0.00M, Peak:0.00M | Scene, ViewLayer | Initializing
Fra:1 Mem:13.10M (Peak 13.32M) | Time:00:00.00 | Mem:0.00M, Peak:0.00M | Scene, ViewLayer | Waiting for render to start
Fra:1 Mem:13.11M (Peak 13.32M) | Time:00:00.00 | Mem:0.00M, Peak:0.00M | Scene, ViewLayer | Loading render kernels (may take a few minutes the first time)
Fra:1 Mem:13.11M (Peak 13.32M) | Time:00:00.00 | Mem:0.00M, Peak:0.00M | Scene, ViewLayer | Updating Scene
Fra:1 Mem:13.11M (Peak 13.32M) | Time:00:00.00 | Mem:0.00M, Peak:0.00M | Scene, ViewLayer | Updating Shaders
Fra:1 Mem:13.19M (Peak 13.32M) | Time:00:00.00 | Mem:0.00M, Peak:0.00M | Scene, ViewLayer | Updating Procedurals
Fra:1 Mem:13.19M (Peak 13.32M) | Time:00:00.00 | Mem:0.00M, Peak:0.00M | Scene, ViewLayer | Updating Background
Fra:1 Mem:13.19M (Peak 13.32M) | Time:00:00.00 | Mem:0.00M, Peak:0.00M | Scene, ViewLayer | Updating Camera
Fra:1 Mem:13.19M (Peak 13.32M) | Time:00:00.00 | Mem:0.00M, Peak:0.00M | Scene, ViewLayer | Updating Meshes Flags
Fra:1 Mem:13.19M (Peak 13.32M) | Time:00:00.00 | Mem:0.00M, Peak:0.00M | Scene, ViewLayer | Updating Objects
Fra:1 Mem:13.19M (Peak 13.32M) | Time:00:00.00 | Mem:0.00M, Peak:0.00M | Scene, ViewLayer | Updating Objects | Copying Transformations to device
Fra:1 Mem:13.19M (Peak 13.32M) | Time:00:00.00 | Mem:0.00M, Peak:0.00M | Scene, ViewLayer | Updating Objects | Applying Static Transformations
Fra:1 Mem:13.19M (Peak 13.32M) | Time:00:00.00 | Mem:0.00M, Peak:0.00M | Scene, ViewLayer | Updating Particle Systems
Fra:1 Mem:13.19M (Peak 13.32M) | Time:00:00.00 | Mem:0.00M, Peak:0.00M | Scene, ViewLayer | Updating Particle Systems | Copying Particles to device
Fra:1 Mem:13.19M (Peak 13.32M) | Time:00:00.00 | Mem:0.00M, Peak:0.00M | Scene, ViewLayer | Updating Meshes
Fra:1 Mem:13.21M (Peak 13.32M) | Time:00:00.00 | Mem:0.00M, Peak:0.00M | Scene, ViewLayer | Updating Mesh | Computing attributes
Fra:1 Mem:13.26M (Peak 13.32M) | Time:00:00.00 | Mem:0.00M, Peak:0.00M | Scene, ViewLayer | Updating Mesh | Copying Attributes to device
Fra:1 Mem:13.26M (Peak 13.32M) | Time:00:00.00 | Mem:0.05M, Peak:0.05M | Scene, ViewLayer | Updating Scene BVH | Building
Fra:1 Mem:13.26M (Peak 13.32M) | Time:00:00.00 | Mem:0.05M, Peak:0.05M | Scene, ViewLayer | Updating Scene BVH | Building BVH
Fra:1 Mem:13.26M (Peak 13.32M) | Time:00:00.00 | Mem:0.09M, Peak:0.09M | Scene, ViewLayer | Updating Scene BVH | Building BVH 0%
Fra:1 Mem:13.26M (Peak 13.32M) | Time:00:00.00 | Mem:0.14M, Peak:0.19M | Scene, ViewLayer | Updating Scene BVH | Copying BVH to device
Fra:1 Mem:13.26M (Peak 13.32M) | Time:00:00.00 | Mem:0.14M, Peak:0.19M | Scene, ViewLayer | Updating Mesh | Computing normals
Fra:1 Mem:13.41M (Peak 13.41M) | Time:00:00.00 | Mem:0.14M, Peak:0.19M | Scene, ViewLayer | Updating Mesh | Copying Mesh to device
Fra:1 Mem:13.41M (Peak 13.41M) | Time:00:00.00 | Mem:0.30M, Peak:0.30M | Scene, ViewLayer | Updating Objects Flags
Fra:1 Mem:13.41M (Peak 13.41M) | Time:00:00.00 | Mem:0.30M, Peak:0.30M | Scene, ViewLayer | Updating Primitive Offsets
Fra:1 Mem:13.41M (Peak 13.41M) | Time:00:00.00 | Mem:0.30M, Peak:0.30M | Scene, ViewLayer | Updating Images
Fra:1 Mem:13.41M (Peak 13.41M) | Time:00:00.00 | Mem:0.30M, Peak:0.30M | Scene, ViewLayer | Updating Camera Volume
Fra:1 Mem:13.41M (Peak 13.41M) | Time:00:00.00 | Mem:0.30M, Peak:0.30M | Scene, ViewLayer | Updating Lookup Tables
Fra:1 Mem:13.41M (Peak 13.41M) | Time:00:00.00 | Mem:0.38M, Peak:0.38M | Scene, ViewLayer | Updating Lights
Fra:1 Mem:13.41M (Peak 13.41M) | Time:00:00.00 | Mem:0.38M, Peak:0.38M | Scene, ViewLayer | Updating Lights | Computing tree
Fra:1 Mem:13.41M (Peak 13.41M) | Time:00:00.00 | Mem:0.38M, Peak:0.38M | Scene, ViewLayer | Updating Integrator
Fra:1 Mem:13.41M (Peak 13.41M) | Time:00:00.00 | Mem:0.38M, Peak:0.38M | Scene, ViewLayer | Updating Film
Fra:1 Mem:13.42M (Peak 13.42M) | Time:00:00.00 | Mem:0.30M, Peak:0.38M | Scene, ViewLayer | Updating Lookup Tables
Fra:1 Mem:13.42M (Peak 13.42M) | Time:00:00.00 | Mem:0.38M, Peak:0.38M | Scene, ViewLayer | Updating Baking
Fra:1 Mem:13.42M (Peak 13.42M) | Time:00:00.00 | Mem:0.38M, Peak:0.38M | Scene, ViewLayer | Updating Device | Writing constant memory
Fra:1 Mem:13.42M (Peak 13.42M) | Time:00:00.00 | Mem:0.38M, Peak:0.38M | Scene, ViewLayer | Sample 0/24
Fra:1 Mem:19.05M (Peak 19.05M) | Time:00:00.03 | Remaining:00:00.77 | Mem:6.01M, Peak:6.01M | Scene, ViewLayer | Sample 1/24
Fra:1 Mem:21.55M (Peak 26.55M) | Time:00:00.87 | Mem:6.01M, Peak:6.01M | Scene, ViewLayer | Sample 24/24
Fra:1 Mem:21.55M (Peak 26.55M) | Time:00:00.87 | Mem:6.01M, Peak:6.01M | Scene, ViewLayer | Finished
Saved: '/tmp/environment-v2-blender/env_handcart_clay_180.png'
Time: 00:00.89 (Saving: 00:00.01)

BLENDER_STUDY env_handcart
16:54:53 | INFO: Data are loaded, start creating Blender stuff
16:54:53 | INFO: Blender create Mesh node Cube.091
16:54:53 | INFO: glTF import finished in 0.01s
Fra:1 Mem:13.26M (Peak 13.26M) | Time:00:00.00 | Mem:0.00M, Peak:0.00M | Scene, ViewLayer | Synchronizing object | env_jerry_can__shell_mesh
Fra:1 Mem:13.34M (Peak 13.34M) | Time:00:00.00 | Mem:0.00M, Peak:0.00M | Scene, ViewLayer | Initializing
Fra:1 Mem:13.09M (Peak 13.34M) | Time:00:00.00 | Mem:0.00M, Peak:0.00M | Scene, ViewLayer | Waiting for render to start
Fra:1 Mem:13.09M (Peak 13.34M) | Time:00:00.00 | Mem:0.00M, Peak:0.00M | Scene, ViewLayer | Loading render kernels (may take a few minutes the first time)
Fra:1 Mem:13.09M (Peak 13.34M) | Time:00:00.00 | Mem:0.00M, Peak:0.00M | Scene, ViewLayer | Updating Scene
Fra:1 Mem:13.09M (Peak 13.34M) | Time:00:00.00 | Mem:0.00M, Peak:0.00M | Scene, ViewLayer | Updating Shaders
Fra:1 Mem:13.17M (Peak 13.34M) | Time:00:00.00 | Mem:0.00M, Peak:0.00M | Scene, ViewLayer | Updating Procedurals
Fra:1 Mem:13.17M (Peak 13.34M) | Time:00:00.00 | Mem:0.00M, Peak:0.00M | Scene, ViewLayer | Updating Background
Fra:1 Mem:13.17M (Peak 13.34M) | Time:00:00.00 | Mem:0.00M, Peak:0.00M | Scene, ViewLayer | Updating Camera
Fra:1 Mem:13.17M (Peak 13.34M) | Time:00:00.00 | Mem:0.00M, Peak:0.00M | Scene, ViewLayer | Updating Meshes Flags
Fra:1 Mem:13.17M (Peak 13.34M) | Time:00:00.00 | Mem:0.00M, Peak:0.00M | Scene, ViewLayer | Updating Objects
Fra:1 Mem:13.17M (Peak 13.34M) | Time:00:00.00 | Mem:0.00M, Peak:0.00M | Scene, ViewLayer | Updating Objects | Copying Transformations to device
Fra:1 Mem:13.17M (Peak 13.34M) | Time:00:00.00 | Mem:0.00M, Peak:0.00M | Scene, ViewLayer | Updating Objects | Applying Static Transformations
Fra:1 Mem:13.17M (Peak 13.34M) | Time:00:00.00 | Mem:0.00M, Peak:0.00M | Scene, ViewLayer | Updating Particle Systems
Fra:1 Mem:13.17M (Peak 13.34M) | Time:00:00.00 | Mem:0.00M, Peak:0.00M | Scene, ViewLayer | Updating Particle Systems | Copying Particles to device
Fra:1 Mem:13.17M (Peak 13.34M) | Time:00:00.00 | Mem:0.00M, Peak:0.00M | Scene, ViewLayer | Updating Meshes
Fra:1 Mem:13.18M (Peak 13.34M) | Time:00:00.00 | Mem:0.00M, Peak:0.00M | Scene, ViewLayer | Updating Mesh | Computing attributes
Fra:1 Mem:13.21M (Peak 13.34M) | Time:00:00.00 | Mem:0.00M, Peak:0.00M | Scene, ViewLayer | Updating Mesh | Copying Attributes to device
Fra:1 Mem:13.21M (Peak 13.34M) | Time:00:00.00 | Mem:0.03M, Peak:0.03M | Scene, ViewLayer | Updating Scene BVH | Building
Fra:1 Mem:13.21M (Peak 13.34M) | Time:00:00.00 | Mem:0.03M, Peak:0.03M | Scene, ViewLayer | Updating Scene BVH | Building BVH
Fra:1 Mem:13.21M (Peak 13.34M) | Time:00:00.00 | Mem:0.04M, Peak:0.04M | Scene, ViewLayer | Updating Scene BVH | Building BVH 0%
Fra:1 Mem:13.21M (Peak 13.34M) | Time:00:00.00 | Mem:0.05M, Peak:0.06M | Scene, ViewLayer | Updating Scene BVH | Copying BVH to device
Fra:1 Mem:13.21M (Peak 13.34M) | Time:00:00.00 | Mem:0.05M, Peak:0.06M | Scene, ViewLayer | Updating Mesh | Computing normals
Fra:1 Mem:13.24M (Peak 13.34M) | Time:00:00.00 | Mem:0.05M, Peak:0.06M | Scene, ViewLayer | Updating Mesh | Copying Mesh to device
Fra:1 Mem:13.24M (Peak 13.34M) | Time:00:00.00 | Mem:0.08M, Peak:0.08M | Scene, ViewLayer | Updating Objects Flags
Fra:1 Mem:13.24M (Peak 13.34M) | Time:00:00.00 | Mem:0.08M, Peak:0.08M | Scene, ViewLayer | Updating Primitive Offsets
Fra:1 Mem:13.24M (Peak 13.34M) | Time:00:00.00 | Mem:0.08M, Peak:0.08M | Scene, ViewLayer | Updating Images
Fra:1 Mem:13.24M (Peak 13.34M) | Time:00:00.00 | Mem:0.08M, Peak:0.08M | Scene, ViewLayer | Updating Images | Loading environment_v2_normal.png
Fra:1 Mem:17.24M (Peak 17.24M) | Time:00:00.00 | Mem:0.08M, Peak:0.08M | Scene, ViewLayer | Updating Images | Loading environment_v2_albedo.png
Fra:1 Mem:21.25M (Peak 21.25M) | Time:00:00.03 | Mem:4.08M, Peak:4.08M | Scene, ViewLayer | Updating Images | Loading environment_v2_orm.png
Fra:1 Mem:25.25M (Peak 25.25M) | Time:00:00.05 | Mem:12.08M, Peak:12.08M | Scene, ViewLayer | Updating Camera Volume
Fra:1 Mem:25.25M (Peak 25.25M) | Time:00:00.05 | Mem:12.08M, Peak:12.08M | Scene, ViewLayer | Updating Lookup Tables
Fra:1 Mem:25.25M (Peak 25.25M) | Time:00:00.05 | Mem:12.17M, Peak:12.17M | Scene, ViewLayer | Updating Lights
Fra:1 Mem:25.25M (Peak 25.25M) | Time:00:00.05 | Mem:12.17M, Peak:12.17M | Scene, ViewLayer | Updating Lights | Computing tree
Fra:1 Mem:25.25M (Peak 25.25M) | Time:00:00.05 | Mem:12.17M, Peak:12.17M | Scene, ViewLayer | Updating Integrator
Fra:1 Mem:25.25M (Peak 25.25M) | Time:00:00.05 | Mem:12.17M, Peak:12.17M | Scene, ViewLayer | Updating Film
Fra:1 Mem:25.25M (Peak 25.25M) | Time:00:00.05 | Mem:12.09M, Peak:12.17M | Scene, ViewLayer | Updating Lookup Tables
Fra:1 Mem:25.25M (Peak 25.25M) | Time:00:00.05 | Mem:12.17M, Peak:12.17M | Scene, ViewLayer | Updating Baking
Fra:1 Mem:25.25M (Peak 25.25M) | Time:00:00.05 | Mem:12.17M, Peak:12.17M | Scene, ViewLayer | Updating Device | Writing constant memory
Fra:1 Mem:25.25M (Peak 25.25M) | Time:00:00.05 | Mem:12.17M, Peak:12.17M | Scene, ViewLayer | Sample 0/24
Fra:1 Mem:30.89M (Peak 30.89M) | Time:00:00.08 | Remaining:00:00.62 | Mem:17.81M, Peak:17.81M | Scene, ViewLayer | Sample 1/24
Fra:1 Mem:33.39M (Peak 38.39M) | Time:00:00.72 | Mem:17.81M, Peak:17.81M | Scene, ViewLayer | Sample 24/24
Fra:1 Mem:33.39M (Peak 38.39M) | Time:00:00.72 | Mem:17.81M, Peak:17.81M | Scene, ViewLayer | Finished
Saved: '/tmp/environment-v2-blender/env_jerry_can_shaded_0.png'
Time: 00:00.74 (Saving: 00:00.01)

Fra:1 Mem:13.27M (Peak 13.27M) | Time:00:00.00 | Mem:0.00M, Peak:0.00M | Scene, ViewLayer | Synchronizing object | env_jerry_can__shell_mesh
Fra:1 Mem:13.34M (Peak 13.34M) | Time:00:00.00 | Mem:0.00M, Peak:0.00M | Scene, ViewLayer | Initializing
Fra:1 Mem:13.09M (Peak 13.34M) | Time:00:00.00 | Mem:0.00M, Peak:0.00M | Scene, ViewLayer | Waiting for render to start
Fra:1 Mem:13.09M (Peak 13.34M) | Time:00:00.00 | Mem:0.00M, Peak:0.00M | Scene, ViewLayer | Loading render kernels (may take a few minutes the first time)
Fra:1 Mem:13.09M (Peak 13.34M) | Time:00:00.00 | Mem:0.00M, Peak:0.00M | Scene, ViewLayer | Updating Scene
Fra:1 Mem:13.09M (Peak 13.34M) | Time:00:00.00 | Mem:0.00M, Peak:0.00M | Scene, ViewLayer | Updating Shaders
Fra:1 Mem:13.17M (Peak 13.34M) | Time:00:00.00 | Mem:0.00M, Peak:0.00M | Scene, ViewLayer | Updating Procedurals
Fra:1 Mem:13.17M (Peak 13.34M) | Time:00:00.00 | Mem:0.00M, Peak:0.00M | Scene, ViewLayer | Updating Background
Fra:1 Mem:13.17M (Peak 13.34M) | Time:00:00.00 | Mem:0.00M, Peak:0.00M | Scene, ViewLayer | Updating Camera
Fra:1 Mem:13.17M (Peak 13.34M) | Time:00:00.00 | Mem:0.00M, Peak:0.00M | Scene, ViewLayer | Updating Meshes Flags
Fra:1 Mem:13.17M (Peak 13.34M) | Time:00:00.00 | Mem:0.00M, Peak:0.00M | Scene, ViewLayer | Updating Objects
Fra:1 Mem:13.17M (Peak 13.34M) | Time:00:00.00 | Mem:0.00M, Peak:0.00M | Scene, ViewLayer | Updating Objects | Copying Transformations to device
Fra:1 Mem:13.17M (Peak 13.34M) | Time:00:00.00 | Mem:0.00M, Peak:0.00M | Scene, ViewLayer | Updating Objects | Applying Static Transformations
Fra:1 Mem:13.17M (Peak 13.34M) | Time:00:00.00 | Mem:0.00M, Peak:0.00M | Scene, ViewLayer | Updating Particle Systems
Fra:1 Mem:13.17M (Peak 13.34M) | Time:00:00.00 | Mem:0.00M, Peak:0.00M | Scene, ViewLayer | Updating Particle Systems | Copying Particles to device
Fra:1 Mem:13.17M (Peak 13.34M) | Time:00:00.00 | Mem:0.00M, Peak:0.00M | Scene, ViewLayer | Updating Meshes
Fra:1 Mem:13.18M (Peak 13.34M) | Time:00:00.00 | Mem:0.00M, Peak:0.00M | Scene, ViewLayer | Updating Mesh | Computing attributes
Fra:1 Mem:13.21M (Peak 13.34M) | Time:00:00.00 | Mem:0.00M, Peak:0.00M | Scene, ViewLayer | Updating Mesh | Copying Attributes to device
Fra:1 Mem:13.21M (Peak 13.34M) | Time:00:00.00 | Mem:0.03M, Peak:0.03M | Scene, ViewLayer | Updating Scene BVH | Building
Fra:1 Mem:13.21M (Peak 13.34M) | Time:00:00.00 | Mem:0.03M, Peak:0.03M | Scene, ViewLayer | Updating Scene BVH | Building BVH
Fra:1 Mem:13.21M (Peak 13.34M) | Time:00:00.00 | Mem:0.04M, Peak:0.04M | Scene, ViewLayer | Updating Scene BVH | Building BVH 0%
Fra:1 Mem:13.21M (Peak 13.34M) | Time:00:00.00 | Mem:0.05M, Peak:0.06M | Scene, ViewLayer | Updating Scene BVH | Copying BVH to device
Fra:1 Mem:13.21M (Peak 13.34M) | Time:00:00.00 | Mem:0.05M, Peak:0.06M | Scene, ViewLayer | Updating Mesh | Computing normals
Fra:1 Mem:13.24M (Peak 13.34M) | Time:00:00.00 | Mem:0.05M, Peak:0.06M | Scene, ViewLayer | Updating Mesh | Copying Mesh to device
Fra:1 Mem:13.24M (Peak 13.34M) | Time:00:00.00 | Mem:0.08M, Peak:0.08M | Scene, ViewLayer | Updating Objects Flags
Fra:1 Mem:13.24M (Peak 13.34M) | Time:00:00.00 | Mem:0.08M, Peak:0.08M | Scene, ViewLayer | Updating Primitive Offsets
Fra:1 Mem:13.24M (Peak 13.34M) | Time:00:00.00 | Mem:0.08M, Peak:0.08M | Scene, ViewLayer | Updating Images
Fra:1 Mem:13.24M (Peak 13.34M) | Time:00:00.00 | Mem:0.08M, Peak:0.08M | Scene, ViewLayer | Updating Images | Loading environment_v2_normal.png
Fra:1 Mem:17.24M (Peak 17.24M) | Time:00:00.00 | Mem:0.08M, Peak:0.08M | Scene, ViewLayer | Updating Images | Loading environment_v2_albedo.png
Fra:1 Mem:21.25M (Peak 21.25M) | Time:00:00.03 | Mem:4.08M, Peak:4.08M | Scene, ViewLayer | Updating Images | Loading environment_v2_orm.png
Fra:1 Mem:25.25M (Peak 25.25M) | Time:00:00.06 | Mem:12.08M, Peak:12.08M | Scene, ViewLayer | Updating Camera Volume
Fra:1 Mem:25.25M (Peak 25.25M) | Time:00:00.06 | Mem:12.08M, Peak:12.08M | Scene, ViewLayer | Updating Lookup Tables
Fra:1 Mem:25.25M (Peak 25.25M) | Time:00:00.06 | Mem:12.17M, Peak:12.17M | Scene, ViewLayer | Updating Lights
Fra:1 Mem:25.25M (Peak 25.25M) | Time:00:00.06 | Mem:12.17M, Peak:12.17M | Scene, ViewLayer | Updating Lights | Computing tree
Fra:1 Mem:25.25M (Peak 25.25M) | Time:00:00.06 | Mem:12.17M, Peak:12.17M | Scene, ViewLayer | Updating Integrator
Fra:1 Mem:25.25M (Peak 25.25M) | Time:00:00.06 | Mem:12.17M, Peak:12.17M | Scene, ViewLayer | Updating Film
Fra:1 Mem:25.25M (Peak 25.25M) | Time:00:00.06 | Mem:12.09M, Peak:12.17M | Scene, ViewLayer | Updating Lookup Tables
Fra:1 Mem:25.25M (Peak 25.25M) | Time:00:00.06 | Mem:12.17M, Peak:12.17M | Scene, ViewLayer | Updating Baking
Fra:1 Mem:25.25M (Peak 25.25M) | Time:00:00.06 | Mem:12.17M, Peak:12.17M | Scene, ViewLayer | Updating Device | Writing constant memory
Fra:1 Mem:25.25M (Peak 25.25M) | Time:00:00.06 | Mem:12.17M, Peak:12.17M | Scene, ViewLayer | Sample 0/24
Fra:1 Mem:30.89M (Peak 30.89M) | Time:00:00.08 | Remaining:00:00.62 | Mem:17.81M, Peak:17.81M | Scene, ViewLayer | Sample 1/24
Fra:1 Mem:33.39M (Peak 38.39M) | Time:00:00.65 | Mem:17.81M, Peak:17.81M | Scene, ViewLayer | Sample 24/24
Fra:1 Mem:33.39M (Peak 38.39M) | Time:00:00.65 | Mem:17.81M, Peak:17.81M | Scene, ViewLayer | Finished
Saved: '/tmp/environment-v2-blender/env_jerry_can_shaded_90.png'
Time: 00:00.66 (Saving: 00:00.01)

Fra:1 Mem:13.27M (Peak 13.27M) | Time:00:00.00 | Mem:0.00M, Peak:0.00M | Scene, ViewLayer | Synchronizing object | env_jerry_can__shell_mesh
Fra:1 Mem:13.34M (Peak 13.34M) | Time:00:00.00 | Mem:0.00M, Peak:0.00M | Scene, ViewLayer | Initializing
Fra:1 Mem:13.09M (Peak 13.34M) | Time:00:00.00 | Mem:0.00M, Peak:0.00M | Scene, ViewLayer | Waiting for render to start
Fra:1 Mem:13.09M (Peak 13.34M) | Time:00:00.00 | Mem:0.00M, Peak:0.00M | Scene, ViewLayer | Loading render kernels (may take a few minutes the first time)
Fra:1 Mem:13.09M (Peak 13.34M) | Time:00:00.00 | Mem:0.00M, Peak:0.00M | Scene, ViewLayer | Updating Scene
Fra:1 Mem:13.09M (Peak 13.34M) | Time:00:00.00 | Mem:0.00M, Peak:0.00M | Scene, ViewLayer | Updating Shaders
Fra:1 Mem:13.17M (Peak 13.34M) | Time:00:00.00 | Mem:0.00M, Peak:0.00M | Scene, ViewLayer | Updating Procedurals
Fra:1 Mem:13.17M (Peak 13.34M) | Time:00:00.00 | Mem:0.00M, Peak:0.00M | Scene, ViewLayer | Updating Background
Fra:1 Mem:13.17M (Peak 13.34M) | Time:00:00.00 | Mem:0.00M, Peak:0.00M | Scene, ViewLayer | Updating Camera
Fra:1 Mem:13.17M (Peak 13.34M) | Time:00:00.00 | Mem:0.00M, Peak:0.00M | Scene, ViewLayer | Updating Meshes Flags
Fra:1 Mem:13.17M (Peak 13.34M) | Time:00:00.00 | Mem:0.00M, Peak:0.00M | Scene, ViewLayer | Updating Objects
Fra:1 Mem:13.17M (Peak 13.34M) | Time:00:00.00 | Mem:0.00M, Peak:0.00M | Scene, ViewLayer | Updating Objects | Copying Transformations to device
Fra:1 Mem:13.17M (Peak 13.34M) | Time:00:00.00 | Mem:0.00M, Peak:0.00M | Scene, ViewLayer | Updating Objects | Applying Static Transformations
Fra:1 Mem:13.17M (Peak 13.34M) | Time:00:00.00 | Mem:0.00M, Peak:0.00M | Scene, ViewLayer | Updating Particle Systems
Fra:1 Mem:13.17M (Peak 13.34M) | Time:00:00.00 | Mem:0.00M, Peak:0.00M | Scene, ViewLayer | Updating Particle Systems | Copying Particles to device
Fra:1 Mem:13.17M (Peak 13.34M) | Time:00:00.00 | Mem:0.00M, Peak:0.00M | Scene, ViewLayer | Updating Meshes
Fra:1 Mem:13.18M (Peak 13.34M) | Time:00:00.00 | Mem:0.00M, Peak:0.00M | Scene, ViewLayer | Updating Mesh | Computing attributes
Fra:1 Mem:13.21M (Peak 13.34M) | Time:00:00.00 | Mem:0.00M, Peak:0.00M | Scene, ViewLayer | Updating Mesh | Copying Attributes to device
Fra:1 Mem:13.21M (Peak 13.34M) | Time:00:00.00 | Mem:0.03M, Peak:0.03M | Scene, ViewLayer | Updating Scene BVH | Building
Fra:1 Mem:13.21M (Peak 13.34M) | Time:00:00.00 | Mem:0.03M, Peak:0.03M | Scene, ViewLayer | Updating Scene BVH | Building BVH
Fra:1 Mem:13.21M (Peak 13.34M) | Time:00:00.00 | Mem:0.04M, Peak:0.04M | Scene, ViewLayer | Updating Scene BVH | Building BVH 0%
Fra:1 Mem:13.21M (Peak 13.34M) | Time:00:00.00 | Mem:0.05M, Peak:0.06M | Scene, ViewLayer | Updating Scene BVH | Copying BVH to device
Fra:1 Mem:13.21M (Peak 13.34M) | Time:00:00.00 | Mem:0.05M, Peak:0.06M | Scene, ViewLayer | Updating Mesh | Computing normals
Fra:1 Mem:13.24M (Peak 13.34M) | Time:00:00.00 | Mem:0.05M, Peak:0.06M | Scene, ViewLayer | Updating Mesh | Copying Mesh to device
Fra:1 Mem:13.24M (Peak 13.34M) | Time:00:00.00 | Mem:0.08M, Peak:0.08M | Scene, ViewLayer | Updating Objects Flags
Fra:1 Mem:13.24M (Peak 13.34M) | Time:00:00.00 | Mem:0.08M, Peak:0.08M | Scene, ViewLayer | Updating Primitive Offsets
Fra:1 Mem:13.24M (Peak 13.34M) | Time:00:00.00 | Mem:0.08M, Peak:0.08M | Scene, ViewLayer | Updating Images
Fra:1 Mem:13.24M (Peak 13.34M) | Time:00:00.00 | Mem:0.08M, Peak:0.08M | Scene, ViewLayer | Updating Images | Loading environment_v2_albedo.png
Fra:1 Mem:17.24M (Peak 17.24M) | Time:00:00.00 | Mem:0.08M, Peak:0.08M | Scene, ViewLayer | Updating Images | Loading environment_v2_normal.png
Fra:1 Mem:21.25M (Peak 21.25M) | Time:00:00.02 | Mem:4.08M, Peak:4.08M | Scene, ViewLayer | Updating Images | Loading environment_v2_orm.png
Fra:1 Mem:25.25M (Peak 25.25M) | Time:00:00.04 | Mem:12.08M, Peak:12.08M | Scene, ViewLayer | Updating Camera Volume
Fra:1 Mem:25.25M (Peak 25.25M) | Time:00:00.04 | Mem:12.08M, Peak:12.08M | Scene, ViewLayer | Updating Lookup Tables
Fra:1 Mem:25.25M (Peak 25.25M) | Time:00:00.04 | Mem:12.17M, Peak:12.17M | Scene, ViewLayer | Updating Lights
Fra:1 Mem:25.25M (Peak 25.25M) | Time:00:00.05 | Mem:12.17M, Peak:12.17M | Scene, ViewLayer | Updating Lights | Computing tree
Fra:1 Mem:25.25M (Peak 25.25M) | Time:00:00.05 | Mem:12.17M, Peak:12.17M | Scene, ViewLayer | Updating Integrator
Fra:1 Mem:25.25M (Peak 25.25M) | Time:00:00.05 | Mem:12.17M, Peak:12.17M | Scene, ViewLayer | Updating Film
Fra:1 Mem:25.25M (Peak 25.25M) | Time:00:00.05 | Mem:12.09M, Peak:12.17M | Scene, ViewLayer | Updating Lookup Tables
Fra:1 Mem:25.25M (Peak 25.25M) | Time:00:00.05 | Mem:12.17M, Peak:12.17M | Scene, ViewLayer | Updating Baking
Fra:1 Mem:25.25M (Peak 25.25M) | Time:00:00.05 | Mem:12.17M, Peak:12.17M | Scene, ViewLayer | Updating Device | Writing constant memory
Fra:1 Mem:25.25M (Peak 25.25M) | Time:00:00.05 | Mem:12.17M, Peak:12.17M | Scene, ViewLayer | Sample 0/24
Fra:1 Mem:30.89M (Peak 30.89M) | Time:00:00.09 | Remaining:00:00.94 | Mem:17.81M, Peak:17.81M | Scene, ViewLayer | Sample 1/24
Fra:1 Mem:33.39M (Peak 38.39M) | Time:00:00.85 | Mem:17.81M, Peak:17.81M | Scene, ViewLayer | Sample 24/24
Fra:1 Mem:33.39M (Peak 38.39M) | Time:00:00.85 | Mem:17.81M, Peak:17.81M | Scene, ViewLayer | Finished
Saved: '/tmp/environment-v2-blender/env_jerry_can_shaded_180.png'
Time: 00:00.86 (Saving: 00:00.01)

Fra:1 Mem:13.21M (Peak 13.21M) | Time:00:00.00 | Mem:0.00M, Peak:0.00M | Scene, ViewLayer | Synchronizing object | env_jerry_can__shell_mesh
Fra:1 Mem:13.25M (Peak 13.25M) | Time:00:00.00 | Mem:0.00M, Peak:0.00M | Scene, ViewLayer | Initializing
Fra:1 Mem:13.03M (Peak 13.25M) | Time:00:00.00 | Mem:0.00M, Peak:0.00M | Scene, ViewLayer | Waiting for render to start
Fra:1 Mem:13.03M (Peak 13.25M) | Time:00:00.00 | Mem:0.00M, Peak:0.00M | Scene, ViewLayer | Loading render kernels (may take a few minutes the first time)
Fra:1 Mem:13.03M (Peak 13.25M) | Time:00:00.00 | Mem:0.00M, Peak:0.00M | Scene, ViewLayer | Updating Scene
Fra:1 Mem:13.03M (Peak 13.25M) | Time:00:00.00 | Mem:0.00M, Peak:0.00M | Scene, ViewLayer | Updating Shaders
Fra:1 Mem:13.12M (Peak 13.25M) | Time:00:00.00 | Mem:0.00M, Peak:0.00M | Scene, ViewLayer | Updating Procedurals
Fra:1 Mem:13.12M (Peak 13.25M) | Time:00:00.00 | Mem:0.00M, Peak:0.00M | Scene, ViewLayer | Updating Background
Fra:1 Mem:13.12M (Peak 13.25M) | Time:00:00.00 | Mem:0.00M, Peak:0.00M | Scene, ViewLayer | Updating Camera
Fra:1 Mem:13.12M (Peak 13.25M) | Time:00:00.00 | Mem:0.00M, Peak:0.00M | Scene, ViewLayer | Updating Meshes Flags
Fra:1 Mem:13.12M (Peak 13.25M) | Time:00:00.00 | Mem:0.00M, Peak:0.00M | Scene, ViewLayer | Updating Objects
Fra:1 Mem:13.12M (Peak 13.25M) | Time:00:00.00 | Mem:0.00M, Peak:0.00M | Scene, ViewLayer | Updating Objects | Copying Transformations to device
Fra:1 Mem:13.12M (Peak 13.25M) | Time:00:00.00 | Mem:0.00M, Peak:0.00M | Scene, ViewLayer | Updating Objects | Applying Static Transformations
Fra:1 Mem:13.12M (Peak 13.25M) | Time:00:00.00 | Mem:0.00M, Peak:0.00M | Scene, ViewLayer | Updating Particle Systems
Fra:1 Mem:13.12M (Peak 13.25M) | Time:00:00.00 | Mem:0.00M, Peak:0.00M | Scene, ViewLayer | Updating Particle Systems | Copying Particles to device
Fra:1 Mem:13.12M (Peak 13.25M) | Time:00:00.00 | Mem:0.00M, Peak:0.00M | Scene, ViewLayer | Updating Meshes
Fra:1 Mem:13.12M (Peak 13.25M) | Time:00:00.00 | Mem:0.00M, Peak:0.00M | Scene, ViewLayer | Updating Mesh | Computing attributes
Fra:1 Mem:13.13M (Peak 13.25M) | Time:00:00.00 | Mem:0.00M, Peak:0.00M | Scene, ViewLayer | Updating Mesh | Copying Attributes to device
Fra:1 Mem:13.13M (Peak 13.25M) | Time:00:00.00 | Mem:0.01M, Peak:0.01M | Scene, ViewLayer | Updating Scene BVH | Building
Fra:1 Mem:13.13M (Peak 13.25M) | Time:00:00.00 | Mem:0.01M, Peak:0.01M | Scene, ViewLayer | Updating Scene BVH | Building BVH
Fra:1 Mem:13.13M (Peak 13.25M) | Time:00:00.00 | Mem:0.02M, Peak:0.02M | Scene, ViewLayer | Updating Scene BVH | Building BVH 0%
Fra:1 Mem:13.13M (Peak 13.25M) | Time:00:00.00 | Mem:0.03M, Peak:0.04M | Scene, ViewLayer | Updating Scene BVH | Copying BVH to device
Fra:1 Mem:13.13M (Peak 13.25M) | Time:00:00.00 | Mem:0.03M, Peak:0.04M | Scene, ViewLayer | Updating Mesh | Computing normals
Fra:1 Mem:13.16M (Peak 13.25M) | Time:00:00.00 | Mem:0.03M, Peak:0.04M | Scene, ViewLayer | Updating Mesh | Copying Mesh to device
Fra:1 Mem:13.16M (Peak 13.25M) | Time:00:00.00 | Mem:0.07M, Peak:0.07M | Scene, ViewLayer | Updating Objects Flags
Fra:1 Mem:13.16M (Peak 13.25M) | Time:00:00.00 | Mem:0.07M, Peak:0.07M | Scene, ViewLayer | Updating Primitive Offsets
Fra:1 Mem:13.16M (Peak 13.25M) | Time:00:00.00 | Mem:0.07M, Peak:0.07M | Scene, ViewLayer | Updating Images
Fra:1 Mem:13.16M (Peak 13.25M) | Time:00:00.00 | Mem:0.07M, Peak:0.07M | Scene, ViewLayer | Updating Camera Volume
Fra:1 Mem:13.16M (Peak 13.25M) | Time:00:00.00 | Mem:0.07M, Peak:0.07M | Scene, ViewLayer | Updating Lookup Tables
Fra:1 Mem:13.16M (Peak 13.25M) | Time:00:00.00 | Mem:0.15M, Peak:0.15M | Scene, ViewLayer | Updating Lights
Fra:1 Mem:13.16M (Peak 13.25M) | Time:00:00.00 | Mem:0.15M, Peak:0.15M | Scene, ViewLayer | Updating Lights | Computing tree
Fra:1 Mem:13.16M (Peak 13.25M) | Time:00:00.00 | Mem:0.15M, Peak:0.15M | Scene, ViewLayer | Updating Integrator
Fra:1 Mem:13.16M (Peak 13.25M) | Time:00:00.00 | Mem:0.15M, Peak:0.15M | Scene, ViewLayer | Updating Film
Fra:1 Mem:13.17M (Peak 13.25M) | Time:00:00.00 | Mem:0.07M, Peak:0.15M | Scene, ViewLayer | Updating Lookup Tables
Fra:1 Mem:13.17M (Peak 13.25M) | Time:00:00.00 | Mem:0.15M, Peak:0.15M | Scene, ViewLayer | Updating Baking
Fra:1 Mem:13.17M (Peak 13.25M) | Time:00:00.00 | Mem:0.15M, Peak:0.15M | Scene, ViewLayer | Updating Device | Writing constant memory
Fra:1 Mem:13.17M (Peak 13.25M) | Time:00:00.00 | Mem:0.15M, Peak:0.15M | Scene, ViewLayer | Sample 0/24
Fra:1 Mem:18.80M (Peak 18.80M) | Time:00:00.04 | Remaining:00:00.86 | Mem:5.78M, Peak:5.78M | Scene, ViewLayer | Sample 1/24
Fra:1 Mem:21.30M (Peak 26.30M) | Time:00:00.79 | Mem:5.78M, Peak:5.78M | Scene, ViewLayer | Sample 24/24
Fra:1 Mem:21.30M (Peak 26.30M) | Time:00:00.79 | Mem:5.78M, Peak:5.78M | Scene, ViewLayer | Finished
Saved: '/tmp/environment-v2-blender/env_jerry_can_clay_0.png'
Time: 00:00.81 (Saving: 00:00.02)

Fra:1 Mem:13.21M (Peak 13.21M) | Time:00:00.00 | Mem:0.00M, Peak:0.00M | Scene, ViewLayer | Synchronizing object | env_jerry_can__shell_mesh
Fra:1 Mem:13.25M (Peak 13.25M) | Time:00:00.00 | Mem:0.00M, Peak:0.00M | Scene, ViewLayer | Initializing
Fra:1 Mem:13.03M (Peak 13.25M) | Time:00:00.00 | Mem:0.00M, Peak:0.00M | Scene, ViewLayer | Waiting for render to start
Fra:1 Mem:13.03M (Peak 13.25M) | Time:00:00.00 | Mem:0.00M, Peak:0.00M | Scene, ViewLayer | Loading render kernels (may take a few minutes the first time)
Fra:1 Mem:13.03M (Peak 13.25M) | Time:00:00.00 | Mem:0.00M, Peak:0.00M | Scene, ViewLayer | Updating Scene
Fra:1 Mem:13.03M (Peak 13.25M) | Time:00:00.00 | Mem:0.00M, Peak:0.00M | Scene, ViewLayer | Updating Shaders
Fra:1 Mem:13.12M (Peak 13.25M) | Time:00:00.00 | Mem:0.00M, Peak:0.00M | Scene, ViewLayer | Updating Procedurals
Fra:1 Mem:13.12M (Peak 13.25M) | Time:00:00.00 | Mem:0.00M, Peak:0.00M | Scene, ViewLayer | Updating Background
Fra:1 Mem:13.12M (Peak 13.25M) | Time:00:00.00 | Mem:0.00M, Peak:0.00M | Scene, ViewLayer | Updating Camera
Fra:1 Mem:13.12M (Peak 13.25M) | Time:00:00.00 | Mem:0.00M, Peak:0.00M | Scene, ViewLayer | Updating Meshes Flags
Fra:1 Mem:13.12M (Peak 13.25M) | Time:00:00.00 | Mem:0.00M, Peak:0.00M | Scene, ViewLayer | Updating Objects
Fra:1 Mem:13.12M (Peak 13.25M) | Time:00:00.00 | Mem:0.00M, Peak:0.00M | Scene, ViewLayer | Updating Objects | Copying Transformations to device
Fra:1 Mem:13.12M (Peak 13.25M) | Time:00:00.00 | Mem:0.00M, Peak:0.00M | Scene, ViewLayer | Updating Objects | Applying Static Transformations
Fra:1 Mem:13.12M (Peak 13.25M) | Time:00:00.00 | Mem:0.00M, Peak:0.00M | Scene, ViewLayer | Updating Particle Systems
Fra:1 Mem:13.12M (Peak 13.25M) | Time:00:00.00 | Mem:0.00M, Peak:0.00M | Scene, ViewLayer | Updating Particle Systems | Copying Particles to device
Fra:1 Mem:13.12M (Peak 13.25M) | Time:00:00.00 | Mem:0.00M, Peak:0.00M | Scene, ViewLayer | Updating Meshes
Fra:1 Mem:13.12M (Peak 13.25M) | Time:00:00.00 | Mem:0.00M, Peak:0.00M | Scene, ViewLayer | Updating Mesh | Computing attributes
Fra:1 Mem:13.13M (Peak 13.25M) | Time:00:00.00 | Mem:0.00M, Peak:0.00M | Scene, ViewLayer | Updating Mesh | Copying Attributes to device
Fra:1 Mem:13.13M (Peak 13.25M) | Time:00:00.00 | Mem:0.01M, Peak:0.01M | Scene, ViewLayer | Updating Scene BVH | Building
Fra:1 Mem:13.13M (Peak 13.25M) | Time:00:00.00 | Mem:0.01M, Peak:0.01M | Scene, ViewLayer | Updating Scene BVH | Building BVH
Fra:1 Mem:13.13M (Peak 13.25M) | Time:00:00.00 | Mem:0.02M, Peak:0.02M | Scene, ViewLayer | Updating Scene BVH | Building BVH 0%
Fra:1 Mem:13.13M (Peak 13.25M) | Time:00:00.00 | Mem:0.03M, Peak:0.04M | Scene, ViewLayer | Updating Scene BVH | Copying BVH to device
Fra:1 Mem:13.13M (Peak 13.25M) | Time:00:00.00 | Mem:0.03M, Peak:0.04M | Scene, ViewLayer | Updating Mesh | Computing normals
Fra:1 Mem:13.16M (Peak 13.25M) | Time:00:00.00 | Mem:0.03M, Peak:0.04M | Scene, ViewLayer | Updating Mesh | Copying Mesh to device
Fra:1 Mem:13.16M (Peak 13.25M) | Time:00:00.00 | Mem:0.07M, Peak:0.07M | Scene, ViewLayer | Updating Objects Flags
Fra:1 Mem:13.16M (Peak 13.25M) | Time:00:00.00 | Mem:0.07M, Peak:0.07M | Scene, ViewLayer | Updating Primitive Offsets
Fra:1 Mem:13.16M (Peak 13.25M) | Time:00:00.00 | Mem:0.07M, Peak:0.07M | Scene, ViewLayer | Updating Images
Fra:1 Mem:13.16M (Peak 13.25M) | Time:00:00.00 | Mem:0.07M, Peak:0.07M | Scene, ViewLayer | Updating Camera Volume
Fra:1 Mem:13.16M (Peak 13.25M) | Time:00:00.00 | Mem:0.07M, Peak:0.07M | Scene, ViewLayer | Updating Lookup Tables
Fra:1 Mem:13.16M (Peak 13.25M) | Time:00:00.00 | Mem:0.15M, Peak:0.15M | Scene, ViewLayer | Updating Lights
Fra:1 Mem:13.16M (Peak 13.25M) | Time:00:00.00 | Mem:0.15M, Peak:0.15M | Scene, ViewLayer | Updating Lights | Computing tree
Fra:1 Mem:13.16M (Peak 13.25M) | Time:00:00.00 | Mem:0.15M, Peak:0.15M | Scene, ViewLayer | Updating Integrator
Fra:1 Mem:13.16M (Peak 13.25M) | Time:00:00.00 | Mem:0.15M, Peak:0.15M | Scene, ViewLayer | Updating Film
Fra:1 Mem:13.17M (Peak 13.25M) | Time:00:00.00 | Mem:0.07M, Peak:0.15M | Scene, ViewLayer | Updating Lookup Tables
Fra:1 Mem:13.17M (Peak 13.25M) | Time:00:00.00 | Mem:0.15M, Peak:0.15M | Scene, ViewLayer | Updating Baking
Fra:1 Mem:13.17M (Peak 13.25M) | Time:00:00.00 | Mem:0.15M, Peak:0.15M | Scene, ViewLayer | Updating Device | Writing constant memory
Fra:1 Mem:13.17M (Peak 13.25M) | Time:00:00.00 | Mem:0.15M, Peak:0.15M | Scene, ViewLayer | Sample 0/24
Fra:1 Mem:18.80M (Peak 18.80M) | Time:00:00.02 | Remaining:00:00.59 | Mem:5.78M, Peak:5.78M | Scene, ViewLayer | Sample 1/24
Fra:1 Mem:21.30M (Peak 26.30M) | Time:00:00.66 | Mem:5.78M, Peak:5.78M | Scene, ViewLayer | Sample 24/24
Fra:1 Mem:21.30M (Peak 26.30M) | Time:00:00.66 | Mem:5.78M, Peak:5.78M | Scene, ViewLayer | Finished
Saved: '/tmp/environment-v2-blender/env_jerry_can_clay_90.png'
Time: 00:00.69 (Saving: 00:00.02)

Fra:1 Mem:13.21M (Peak 13.21M) | Time:00:00.00 | Mem:0.00M, Peak:0.00M | Scene, ViewLayer | Synchronizing object | env_jerry_can__shell_mesh
Fra:1 Mem:13.25M (Peak 13.25M) | Time:00:00.00 | Mem:0.00M, Peak:0.00M | Scene, ViewLayer | Initializing
Fra:1 Mem:13.03M (Peak 13.25M) | Time:00:00.00 | Mem:0.00M, Peak:0.00M | Scene, ViewLayer | Waiting for render to start
Fra:1 Mem:13.03M (Peak 13.25M) | Time:00:00.00 | Mem:0.00M, Peak:0.00M | Scene, ViewLayer | Loading render kernels (may take a few minutes the first time)
Fra:1 Mem:13.03M (Peak 13.25M) | Time:00:00.00 | Mem:0.00M, Peak:0.00M | Scene, ViewLayer | Updating Scene
Fra:1 Mem:13.03M (Peak 13.25M) | Time:00:00.00 | Mem:0.00M, Peak:0.00M | Scene, ViewLayer | Updating Shaders
Fra:1 Mem:13.12M (Peak 13.25M) | Time:00:00.00 | Mem:0.00M, Peak:0.00M | Scene, ViewLayer | Updating Procedurals
Fra:1 Mem:13.12M (Peak 13.25M) | Time:00:00.00 | Mem:0.00M, Peak:0.00M | Scene, ViewLayer | Updating Background
Fra:1 Mem:13.12M (Peak 13.25M) | Time:00:00.00 | Mem:0.00M, Peak:0.00M | Scene, ViewLayer | Updating Camera
Fra:1 Mem:13.12M (Peak 13.25M) | Time:00:00.00 | Mem:0.00M, Peak:0.00M | Scene, ViewLayer | Updating Meshes Flags
Fra:1 Mem:13.12M (Peak 13.25M) | Time:00:00.00 | Mem:0.00M, Peak:0.00M | Scene, ViewLayer | Updating Objects
Fra:1 Mem:13.12M (Peak 13.25M) | Time:00:00.00 | Mem:0.00M, Peak:0.00M | Scene, ViewLayer | Updating Objects | Copying Transformations to device
Fra:1 Mem:13.12M (Peak 13.25M) | Time:00:00.00 | Mem:0.00M, Peak:0.00M | Scene, ViewLayer | Updating Objects | Applying Static Transformations
Fra:1 Mem:13.12M (Peak 13.25M) | Time:00:00.00 | Mem:0.00M, Peak:0.00M | Scene, ViewLayer | Updating Particle Systems
Fra:1 Mem:13.12M (Peak 13.25M) | Time:00:00.00 | Mem:0.00M, Peak:0.00M | Scene, ViewLayer | Updating Particle Systems | Copying Particles to device
Fra:1 Mem:13.12M (Peak 13.25M) | Time:00:00.00 | Mem:0.00M, Peak:0.00M | Scene, ViewLayer | Updating Meshes
Fra:1 Mem:13.12M (Peak 13.25M) | Time:00:00.00 | Mem:0.00M, Peak:0.00M | Scene, ViewLayer | Updating Mesh | Computing attributes
Fra:1 Mem:13.13M (Peak 13.25M) | Time:00:00.00 | Mem:0.00M, Peak:0.00M | Scene, ViewLayer | Updating Mesh | Copying Attributes to device
Fra:1 Mem:13.13M (Peak 13.25M) | Time:00:00.00 | Mem:0.01M, Peak:0.01M | Scene, ViewLayer | Updating Scene BVH | Building
Fra:1 Mem:13.13M (Peak 13.25M) | Time:00:00.00 | Mem:0.01M, Peak:0.01M | Scene, ViewLayer | Updating Scene BVH | Building BVH
Fra:1 Mem:13.13M (Peak 13.25M) | Time:00:00.00 | Mem:0.02M, Peak:0.02M | Scene, ViewLayer | Updating Scene BVH | Building BVH 0%
Fra:1 Mem:13.13M (Peak 13.25M) | Time:00:00.00 | Mem:0.03M, Peak:0.04M | Scene, ViewLayer | Updating Scene BVH | Copying BVH to device
Fra:1 Mem:13.13M (Peak 13.25M) | Time:00:00.00 | Mem:0.03M, Peak:0.04M | Scene, ViewLayer | Updating Mesh | Computing normals
Fra:1 Mem:13.16M (Peak 13.25M) | Time:00:00.00 | Mem:0.03M, Peak:0.04M | Scene, ViewLayer | Updating Mesh | Copying Mesh to device
Fra:1 Mem:13.16M (Peak 13.25M) | Time:00:00.00 | Mem:0.07M, Peak:0.07M | Scene, ViewLayer | Updating Objects Flags
Fra:1 Mem:13.16M (Peak 13.25M) | Time:00:00.00 | Mem:0.07M, Peak:0.07M | Scene, ViewLayer | Updating Primitive Offsets
Fra:1 Mem:13.16M (Peak 13.25M) | Time:00:00.00 | Mem:0.07M, Peak:0.07M | Scene, ViewLayer | Updating Images
Fra:1 Mem:13.16M (Peak 13.25M) | Time:00:00.00 | Mem:0.07M, Peak:0.07M | Scene, ViewLayer | Updating Camera Volume
Fra:1 Mem:13.16M (Peak 13.25M) | Time:00:00.00 | Mem:0.07M, Peak:0.07M | Scene, ViewLayer | Updating Lookup Tables
Fra:1 Mem:13.16M (Peak 13.25M) | Time:00:00.00 | Mem:0.15M, Peak:0.15M | Scene, ViewLayer | Updating Lights
Fra:1 Mem:13.16M (Peak 13.25M) | Time:00:00.00 | Mem:0.15M, Peak:0.15M | Scene, ViewLayer | Updating Lights | Computing tree
Fra:1 Mem:13.16M (Peak 13.25M) | Time:00:00.00 | Mem:0.15M, Peak:0.15M | Scene, ViewLayer | Updating Integrator
Fra:1 Mem:13.16M (Peak 13.25M) | Time:00:00.00 | Mem:0.15M, Peak:0.15M | Scene, ViewLayer | Updating Film
Fra:1 Mem:13.17M (Peak 13.25M) | Time:00:00.00 | Mem:0.07M, Peak:0.15M | Scene, ViewLayer | Updating Lookup Tables
Fra:1 Mem:13.17M (Peak 13.25M) | Time:00:00.00 | Mem:0.15M, Peak:0.15M | Scene, ViewLayer | Updating Baking
Fra:1 Mem:13.17M (Peak 13.25M) | Time:00:00.00 | Mem:0.15M, Peak:0.15M | Scene, ViewLayer | Updating Device | Writing constant memory
Fra:1 Mem:13.17M (Peak 13.25M) | Time:00:00.00 | Mem:0.15M, Peak:0.15M | Scene, ViewLayer | Sample 0/24
Fra:1 Mem:18.80M (Peak 18.80M) | Time:00:00.03 | Remaining:00:00.60 | Mem:5.78M, Peak:5.78M | Scene, ViewLayer | Sample 1/24
Fra:1 Mem:21.30M (Peak 26.30M) | Time:00:00.75 | Mem:5.78M, Peak:5.78M | Scene, ViewLayer | Sample 24/24
Fra:1 Mem:21.30M (Peak 26.30M) | Time:00:00.75 | Mem:5.78M, Peak:5.78M | Scene, ViewLayer | Finished
Saved: '/tmp/environment-v2-blender/env_jerry_can_clay_180.png'
Time: 00:00.77 (Saving: 00:00.01)

BLENDER_STUDY env_jerry_can
16:54:58 | INFO: Data are loaded, start creating Blender stuff
16:54:58 | INFO: Blender create Mesh node Cube.114
16:54:58 | INFO: Blender create Mesh node Cube.093
16:54:58 | INFO: glTF import finished in 0.01s
Fra:1 Mem:13.64M (Peak 13.64M) | Time:00:00.00 | Mem:0.00M, Peak:0.00M | Scene, ViewLayer | Synchronizing object | env_rations_crate__lid_pivot_mesh
Fra:1 Mem:13.65M (Peak 13.65M) | Time:00:00.00 | Mem:0.00M, Peak:0.00M | Scene, ViewLayer | Synchronizing object | env_rations_crate__shell_mesh
Fra:1 Mem:13.99M (Peak 13.99M) | Time:00:00.00 | Mem:0.00M, Peak:0.00M | Scene, ViewLayer | Initializing
Fra:1 Mem:13.69M (Peak 13.99M) | Time:00:00.00 | Mem:0.00M, Peak:0.00M | Scene, ViewLayer | Waiting for render to start
Fra:1 Mem:13.69M (Peak 13.99M) | Time:00:00.00 | Mem:0.00M, Peak:0.00M | Scene, ViewLayer | Loading render kernels (may take a few minutes the first time)
Fra:1 Mem:13.69M (Peak 13.99M) | Time:00:00.00 | Mem:0.00M, Peak:0.00M | Scene, ViewLayer | Updating Scene
Fra:1 Mem:13.69M (Peak 13.99M) | Time:00:00.00 | Mem:0.00M, Peak:0.00M | Scene, ViewLayer | Updating Shaders
Fra:1 Mem:13.77M (Peak 13.99M) | Time:00:00.00 | Mem:0.00M, Peak:0.00M | Scene, ViewLayer | Updating Procedurals
Fra:1 Mem:13.77M (Peak 13.99M) | Time:00:00.00 | Mem:0.00M, Peak:0.00M | Scene, ViewLayer | Updating Background
Fra:1 Mem:13.77M (Peak 13.99M) | Time:00:00.00 | Mem:0.00M, Peak:0.00M | Scene, ViewLayer | Updating Camera
Fra:1 Mem:13.77M (Peak 13.99M) | Time:00:00.00 | Mem:0.00M, Peak:0.00M | Scene, ViewLayer | Updating Meshes Flags
Fra:1 Mem:13.77M (Peak 13.99M) | Time:00:00.00 | Mem:0.00M, Peak:0.00M | Scene, ViewLayer | Updating Objects
Fra:1 Mem:13.77M (Peak 13.99M) | Time:00:00.00 | Mem:0.00M, Peak:0.00M | Scene, ViewLayer | Updating Objects | Copying Transformations to device
Fra:1 Mem:13.77M (Peak 13.99M) | Time:00:00.00 | Mem:0.00M, Peak:0.00M | Scene, ViewLayer | Updating Objects | Applying Static Transformations
Fra:1 Mem:13.77M (Peak 13.99M) | Time:00:00.00 | Mem:0.00M, Peak:0.00M | Scene, ViewLayer | Updating Particle Systems
Fra:1 Mem:13.77M (Peak 13.99M) | Time:00:00.00 | Mem:0.00M, Peak:0.00M | Scene, ViewLayer | Updating Particle Systems | Copying Particles to device
Fra:1 Mem:13.77M (Peak 13.99M) | Time:00:00.00 | Mem:0.00M, Peak:0.00M | Scene, ViewLayer | Updating Meshes
Fra:1 Mem:13.79M (Peak 13.99M) | Time:00:00.00 | Mem:0.00M, Peak:0.00M | Scene, ViewLayer | Updating Mesh | Computing attributes
Fra:1 Mem:13.93M (Peak 13.99M) | Time:00:00.00 | Mem:0.00M, Peak:0.00M | Scene, ViewLayer | Updating Mesh | Copying Attributes to device
Fra:1 Mem:13.93M (Peak 13.99M) | Time:00:00.00 | Mem:0.14M, Peak:0.14M | Scene, ViewLayer | Updating Scene BVH | Building
Fra:1 Mem:13.93M (Peak 13.99M) | Time:00:00.00 | Mem:0.14M, Peak:0.14M | Scene, ViewLayer | Updating Scene BVH | Building BVH
Fra:1 Mem:13.93M (Peak 13.99M) | Time:00:00.00 | Mem:0.18M, Peak:0.18M | Scene, ViewLayer | Updating Scene BVH | Building BVH 0%
Fra:1 Mem:13.93M (Peak 13.99M) | Time:00:00.00 | Mem:0.24M, Peak:0.28M | Scene, ViewLayer | Updating Scene BVH | Copying BVH to device
Fra:1 Mem:13.93M (Peak 13.99M) | Time:00:00.00 | Mem:0.24M, Peak:0.28M | Scene, ViewLayer | Updating Mesh | Computing normals
Fra:1 Mem:14.08M (Peak 14.08M) | Time:00:00.00 | Mem:0.24M, Peak:0.28M | Scene, ViewLayer | Updating Mesh | Copying Mesh to device
Fra:1 Mem:14.08M (Peak 14.08M) | Time:00:00.00 | Mem:0.38M, Peak:0.38M | Scene, ViewLayer | Updating Objects Flags
Fra:1 Mem:14.08M (Peak 14.08M) | Time:00:00.00 | Mem:0.38M, Peak:0.38M | Scene, ViewLayer | Updating Primitive Offsets
Fra:1 Mem:14.08M (Peak 14.08M) | Time:00:00.00 | Mem:0.38M, Peak:0.38M | Scene, ViewLayer | Updating Images
Fra:1 Mem:14.08M (Peak 14.08M) | Time:00:00.00 | Mem:0.38M, Peak:0.38M | Scene, ViewLayer | Updating Images | Loading environment_v2_normal.png
Fra:1 Mem:18.08M (Peak 18.08M) | Time:00:00.00 | Mem:0.38M, Peak:0.38M | Scene, ViewLayer | Updating Images | Loading environment_v2_albedo.png
Fra:1 Mem:22.09M (Peak 22.09M) | Time:00:00.04 | Mem:4.38M, Peak:4.38M | Scene, ViewLayer | Updating Images | Loading environment_v2_orm.png
Fra:1 Mem:26.09M (Peak 26.09M) | Time:00:00.07 | Mem:12.38M, Peak:12.38M | Scene, ViewLayer | Updating Camera Volume
Fra:1 Mem:26.09M (Peak 26.09M) | Time:00:00.07 | Mem:12.38M, Peak:12.38M | Scene, ViewLayer | Updating Lookup Tables
Fra:1 Mem:26.09M (Peak 26.09M) | Time:00:00.07 | Mem:12.46M, Peak:12.46M | Scene, ViewLayer | Updating Lights
Fra:1 Mem:26.09M (Peak 26.09M) | Time:00:00.07 | Mem:12.46M, Peak:12.46M | Scene, ViewLayer | Updating Lights | Computing tree
Fra:1 Mem:26.09M (Peak 26.09M) | Time:00:00.07 | Mem:12.46M, Peak:12.46M | Scene, ViewLayer | Updating Integrator
Fra:1 Mem:26.09M (Peak 26.09M) | Time:00:00.07 | Mem:12.46M, Peak:12.46M | Scene, ViewLayer | Updating Film
Fra:1 Mem:26.09M (Peak 26.09M) | Time:00:00.07 | Mem:12.38M, Peak:12.46M | Scene, ViewLayer | Updating Lookup Tables
Fra:1 Mem:26.09M (Peak 26.09M) | Time:00:00.07 | Mem:12.47M, Peak:12.47M | Scene, ViewLayer | Updating Baking
Fra:1 Mem:26.09M (Peak 26.09M) | Time:00:00.07 | Mem:12.47M, Peak:12.47M | Scene, ViewLayer | Updating Device | Writing constant memory
Fra:1 Mem:26.09M (Peak 26.09M) | Time:00:00.07 | Mem:12.47M, Peak:12.47M | Scene, ViewLayer | Sample 0/24
Fra:1 Mem:31.72M (Peak 31.72M) | Time:00:00.11 | Remaining:00:01.11 | Mem:18.10M, Peak:18.10M | Scene, ViewLayer | Sample 1/24
Fra:1 Mem:34.23M (Peak 39.23M) | Time:00:01.44 | Mem:18.10M, Peak:18.10M | Scene, ViewLayer | Sample 24/24
Fra:1 Mem:34.23M (Peak 39.23M) | Time:00:01.44 | Mem:18.10M, Peak:18.10M | Scene, ViewLayer | Finished
Saved: '/tmp/environment-v2-blender/env_rations_crate_shaded_0.png'
Time: 00:01.46 (Saving: 00:00.02)

Fra:1 Mem:13.68M (Peak 13.68M) | Time:00:00.00 | Mem:0.00M, Peak:0.00M | Scene, ViewLayer | Synchronizing object | env_rations_crate__shell_mesh
Fra:1 Mem:14.18M (Peak 14.18M) | Time:00:00.00 | Mem:0.00M, Peak:0.00M | Scene, ViewLayer | Synchronizing object | env_rations_crate__lid_pivot_mesh
Fra:1 Mem:13.99M (Peak 14.18M) | Time:00:00.00 | Mem:0.00M, Peak:0.00M | Scene, ViewLayer | Initializing
Fra:1 Mem:13.69M (Peak 14.18M) | Time:00:00.00 | Mem:0.00M, Peak:0.00M | Scene, ViewLayer | Waiting for render to start
Fra:1 Mem:13.69M (Peak 14.18M) | Time:00:00.00 | Mem:0.00M, Peak:0.00M | Scene, ViewLayer | Loading render kernels (may take a few minutes the first time)
Fra:1 Mem:13.69M (Peak 14.18M) | Time:00:00.00 | Mem:0.00M, Peak:0.00M | Scene, ViewLayer | Updating Scene
Fra:1 Mem:13.69M (Peak 14.18M) | Time:00:00.00 | Mem:0.00M, Peak:0.00M | Scene, ViewLayer | Updating Shaders
Fra:1 Mem:13.77M (Peak 14.18M) | Time:00:00.00 | Mem:0.00M, Peak:0.00M | Scene, ViewLayer | Updating Procedurals
Fra:1 Mem:13.77M (Peak 14.18M) | Time:00:00.00 | Mem:0.00M, Peak:0.00M | Scene, ViewLayer | Updating Background
Fra:1 Mem:13.77M (Peak 14.18M) | Time:00:00.00 | Mem:0.00M, Peak:0.00M | Scene, ViewLayer | Updating Camera
Fra:1 Mem:13.77M (Peak 14.18M) | Time:00:00.00 | Mem:0.00M, Peak:0.00M | Scene, ViewLayer | Updating Meshes Flags
Fra:1 Mem:13.77M (Peak 14.18M) | Time:00:00.00 | Mem:0.00M, Peak:0.00M | Scene, ViewLayer | Updating Objects
Fra:1 Mem:13.77M (Peak 14.18M) | Time:00:00.00 | Mem:0.00M, Peak:0.00M | Scene, ViewLayer | Updating Objects | Copying Transformations to device
Fra:1 Mem:13.77M (Peak 14.18M) | Time:00:00.00 | Mem:0.00M, Peak:0.00M | Scene, ViewLayer | Updating Objects | Applying Static Transformations
Fra:1 Mem:13.77M (Peak 14.18M) | Time:00:00.00 | Mem:0.00M, Peak:0.00M | Scene, ViewLayer | Updating Particle Systems
Fra:1 Mem:13.77M (Peak 14.18M) | Time:00:00.00 | Mem:0.00M, Peak:0.00M | Scene, ViewLayer | Updating Particle Systems | Copying Particles to device
Fra:1 Mem:13.77M (Peak 14.18M) | Time:00:00.00 | Mem:0.00M, Peak:0.00M | Scene, ViewLayer | Updating Meshes
Fra:1 Mem:13.79M (Peak 14.18M) | Time:00:00.00 | Mem:0.00M, Peak:0.00M | Scene, ViewLayer | Updating Mesh | Computing attributes
Fra:1 Mem:13.93M (Peak 14.18M) | Time:00:00.00 | Mem:0.00M, Peak:0.00M | Scene, ViewLayer | Updating Mesh | Copying Attributes to device
Fra:1 Mem:13.93M (Peak 14.18M) | Time:00:00.00 | Mem:0.14M, Peak:0.14M | Scene, ViewLayer | Updating Scene BVH | Building
Fra:1 Mem:13.93M (Peak 14.18M) | Time:00:00.00 | Mem:0.14M, Peak:0.14M | Scene, ViewLayer | Updating Scene BVH | Building BVH
Fra:1 Mem:13.93M (Peak 14.18M) | Time:00:00.00 | Mem:0.18M, Peak:0.18M | Scene, ViewLayer | Updating Scene BVH | Building BVH 0%
Fra:1 Mem:13.93M (Peak 14.18M) | Time:00:00.00 | Mem:0.24M, Peak:0.28M | Scene, ViewLayer | Updating Scene BVH | Copying BVH to device
Fra:1 Mem:13.93M (Peak 14.18M) | Time:00:00.00 | Mem:0.24M, Peak:0.28M | Scene, ViewLayer | Updating Mesh | Computing normals
Fra:1 Mem:14.08M (Peak 14.18M) | Time:00:00.00 | Mem:0.24M, Peak:0.28M | Scene, ViewLayer | Updating Mesh | Copying Mesh to device
Fra:1 Mem:14.08M (Peak 14.18M) | Time:00:00.00 | Mem:0.38M, Peak:0.38M | Scene, ViewLayer | Updating Objects Flags
Fra:1 Mem:14.08M (Peak 14.18M) | Time:00:00.00 | Mem:0.38M, Peak:0.38M | Scene, ViewLayer | Updating Primitive Offsets
Fra:1 Mem:14.08M (Peak 14.18M) | Time:00:00.00 | Mem:0.38M, Peak:0.38M | Scene, ViewLayer | Updating Images
Fra:1 Mem:14.08M (Peak 14.18M) | Time:00:00.00 | Mem:0.38M, Peak:0.38M | Scene, ViewLayer | Updating Images | Loading environment_v2_normal.png
Fra:1 Mem:18.08M (Peak 18.08M) | Time:00:00.00 | Mem:0.38M, Peak:0.38M | Scene, ViewLayer | Updating Images | Loading environment_v2_albedo.png
Fra:1 Mem:22.09M (Peak 22.09M) | Time:00:00.03 | Mem:4.38M, Peak:4.38M | Scene, ViewLayer | Updating Images | Loading environment_v2_orm.png
Fra:1 Mem:26.09M (Peak 26.09M) | Time:00:00.06 | Mem:12.38M, Peak:12.38M | Scene, ViewLayer | Updating Camera Volume
Fra:1 Mem:26.09M (Peak 26.09M) | Time:00:00.06 | Mem:12.38M, Peak:12.38M | Scene, ViewLayer | Updating Lookup Tables
Fra:1 Mem:26.09M (Peak 26.09M) | Time:00:00.06 | Mem:12.46M, Peak:12.46M | Scene, ViewLayer | Updating Lights
Fra:1 Mem:26.09M (Peak 26.09M) | Time:00:00.06 | Mem:12.46M, Peak:12.46M | Scene, ViewLayer | Updating Lights | Computing tree
Fra:1 Mem:26.09M (Peak 26.09M) | Time:00:00.06 | Mem:12.46M, Peak:12.46M | Scene, ViewLayer | Updating Integrator
Fra:1 Mem:26.09M (Peak 26.09M) | Time:00:00.06 | Mem:12.46M, Peak:12.46M | Scene, ViewLayer | Updating Film
Fra:1 Mem:26.09M (Peak 26.09M) | Time:00:00.06 | Mem:12.38M, Peak:12.46M | Scene, ViewLayer | Updating Lookup Tables
Fra:1 Mem:26.09M (Peak 26.09M) | Time:00:00.06 | Mem:12.47M, Peak:12.47M | Scene, ViewLayer | Updating Baking
Fra:1 Mem:26.09M (Peak 26.09M) | Time:00:00.06 | Mem:12.47M, Peak:12.47M | Scene, ViewLayer | Updating Device | Writing constant memory
Fra:1 Mem:26.09M (Peak 26.09M) | Time:00:00.06 | Mem:12.47M, Peak:12.47M | Scene, ViewLayer | Sample 0/24
Fra:1 Mem:31.72M (Peak 31.72M) | Time:00:00.13 | Remaining:00:01.62 | Mem:18.10M, Peak:18.10M | Scene, ViewLayer | Sample 1/24
Fra:1 Mem:34.23M (Peak 39.23M) | Time:00:01.67 | Mem:18.10M, Peak:18.10M | Scene, ViewLayer | Sample 24/24
Fra:1 Mem:34.23M (Peak 39.23M) | Time:00:01.67 | Mem:18.10M, Peak:18.10M | Scene, ViewLayer | Finished
Saved: '/tmp/environment-v2-blender/env_rations_crate_shaded_90.png'
Time: 00:01.69 (Saving: 00:00.02)

Fra:1 Mem:13.68M (Peak 13.68M) | Time:00:00.00 | Mem:0.00M, Peak:0.00M | Scene, ViewLayer | Synchronizing object | env_rations_crate__lid_pivot_mesh
Fra:1 Mem:13.68M (Peak 13.68M) | Time:00:00.00 | Mem:0.00M, Peak:0.00M | Scene, ViewLayer | Synchronizing object | env_rations_crate__shell_mesh
Fra:1 Mem:13.99M (Peak 13.99M) | Time:00:00.00 | Mem:0.00M, Peak:0.00M | Scene, ViewLayer | Initializing
Fra:1 Mem:13.69M (Peak 13.99M) | Time:00:00.00 | Mem:0.00M, Peak:0.00M | Scene, ViewLayer | Waiting for render to start
Fra:1 Mem:13.69M (Peak 13.99M) | Time:00:00.00 | Mem:0.00M, Peak:0.00M | Scene, ViewLayer | Loading render kernels (may take a few minutes the first time)
Fra:1 Mem:13.69M (Peak 13.99M) | Time:00:00.00 | Mem:0.00M, Peak:0.00M | Scene, ViewLayer | Updating Scene
Fra:1 Mem:13.69M (Peak 13.99M) | Time:00:00.00 | Mem:0.00M, Peak:0.00M | Scene, ViewLayer | Updating Shaders
Fra:1 Mem:13.77M (Peak 13.99M) | Time:00:00.00 | Mem:0.00M, Peak:0.00M | Scene, ViewLayer | Updating Procedurals
Fra:1 Mem:13.77M (Peak 13.99M) | Time:00:00.00 | Mem:0.00M, Peak:0.00M | Scene, ViewLayer | Updating Background
Fra:1 Mem:13.77M (Peak 13.99M) | Time:00:00.00 | Mem:0.00M, Peak:0.00M | Scene, ViewLayer | Updating Camera
Fra:1 Mem:13.77M (Peak 13.99M) | Time:00:00.00 | Mem:0.00M, Peak:0.00M | Scene, ViewLayer | Updating Meshes Flags
Fra:1 Mem:13.77M (Peak 13.99M) | Time:00:00.00 | Mem:0.00M, Peak:0.00M | Scene, ViewLayer | Updating Objects
Fra:1 Mem:13.77M (Peak 13.99M) | Time:00:00.00 | Mem:0.00M, Peak:0.00M | Scene, ViewLayer | Updating Objects | Copying Transformations to device
Fra:1 Mem:13.77M (Peak 13.99M) | Time:00:00.00 | Mem:0.00M, Peak:0.00M | Scene, ViewLayer | Updating Objects | Applying Static Transformations
Fra:1 Mem:13.77M (Peak 13.99M) | Time:00:00.00 | Mem:0.00M, Peak:0.00M | Scene, ViewLayer | Updating Particle Systems
Fra:1 Mem:13.77M (Peak 13.99M) | Time:00:00.00 | Mem:0.00M, Peak:0.00M | Scene, ViewLayer | Updating Particle Systems | Copying Particles to device
Fra:1 Mem:13.77M (Peak 13.99M) | Time:00:00.00 | Mem:0.00M, Peak:0.00M | Scene, ViewLayer | Updating Meshes
Fra:1 Mem:13.79M (Peak 13.99M) | Time:00:00.00 | Mem:0.00M, Peak:0.00M | Scene, ViewLayer | Updating Mesh | Computing attributes
Fra:1 Mem:13.93M (Peak 13.99M) | Time:00:00.00 | Mem:0.00M, Peak:0.00M | Scene, ViewLayer | Updating Mesh | Copying Attributes to device
Fra:1 Mem:13.93M (Peak 13.99M) | Time:00:00.00 | Mem:0.14M, Peak:0.14M | Scene, ViewLayer | Updating Scene BVH | Building
Fra:1 Mem:13.93M (Peak 13.99M) | Time:00:00.00 | Mem:0.14M, Peak:0.14M | Scene, ViewLayer | Updating Scene BVH | Building BVH
Fra:1 Mem:13.93M (Peak 13.99M) | Time:00:00.00 | Mem:0.18M, Peak:0.18M | Scene, ViewLayer | Updating Scene BVH | Building BVH 0%
Fra:1 Mem:13.93M (Peak 13.99M) | Time:00:00.00 | Mem:0.24M, Peak:0.28M | Scene, ViewLayer | Updating Scene BVH | Copying BVH to device
Fra:1 Mem:13.93M (Peak 13.99M) | Time:00:00.00 | Mem:0.24M, Peak:0.28M | Scene, ViewLayer | Updating Mesh | Computing normals
Fra:1 Mem:14.08M (Peak 14.08M) | Time:00:00.00 | Mem:0.24M, Peak:0.28M | Scene, ViewLayer | Updating Mesh | Copying Mesh to device
Fra:1 Mem:14.08M (Peak 14.08M) | Time:00:00.00 | Mem:0.38M, Peak:0.38M | Scene, ViewLayer | Updating Objects Flags
Fra:1 Mem:14.08M (Peak 14.08M) | Time:00:00.00 | Mem:0.38M, Peak:0.38M | Scene, ViewLayer | Updating Primitive Offsets
Fra:1 Mem:14.08M (Peak 14.08M) | Time:00:00.00 | Mem:0.38M, Peak:0.38M | Scene, ViewLayer | Updating Images
Fra:1 Mem:14.08M (Peak 14.08M) | Time:00:00.00 | Mem:0.38M, Peak:0.38M | Scene, ViewLayer | Updating Images | Loading environment_v2_normal.png
Fra:1 Mem:18.08M (Peak 18.08M) | Time:00:00.00 | Mem:0.38M, Peak:0.38M | Scene, ViewLayer | Updating Images | Loading environment_v2_albedo.png
Fra:1 Mem:22.09M (Peak 22.09M) | Time:00:00.03 | Mem:4.38M, Peak:4.38M | Scene, ViewLayer | Updating Images | Loading environment_v2_orm.png
Fra:1 Mem:26.09M (Peak 26.09M) | Time:00:00.05 | Mem:12.38M, Peak:12.38M | Scene, ViewLayer | Updating Camera Volume
Fra:1 Mem:26.09M (Peak 26.09M) | Time:00:00.05 | Mem:12.38M, Peak:12.38M | Scene, ViewLayer | Updating Lookup Tables
Fra:1 Mem:26.09M (Peak 26.09M) | Time:00:00.05 | Mem:12.46M, Peak:12.46M | Scene, ViewLayer | Updating Lights
Fra:1 Mem:26.09M (Peak 26.09M) | Time:00:00.05 | Mem:12.46M, Peak:12.46M | Scene, ViewLayer | Updating Lights | Computing tree
Fra:1 Mem:26.09M (Peak 26.09M) | Time:00:00.05 | Mem:12.46M, Peak:12.46M | Scene, ViewLayer | Updating Integrator
Fra:1 Mem:26.09M (Peak 26.09M) | Time:00:00.05 | Mem:12.46M, Peak:12.46M | Scene, ViewLayer | Updating Film
Fra:1 Mem:26.09M (Peak 26.09M) | Time:00:00.05 | Mem:12.38M, Peak:12.46M | Scene, ViewLayer | Updating Lookup Tables
Fra:1 Mem:26.09M (Peak 26.09M) | Time:00:00.05 | Mem:12.47M, Peak:12.47M | Scene, ViewLayer | Updating Baking
Fra:1 Mem:26.09M (Peak 26.09M) | Time:00:00.05 | Mem:12.47M, Peak:12.47M | Scene, ViewLayer | Updating Device | Writing constant memory
Fra:1 Mem:26.09M (Peak 26.09M) | Time:00:00.05 | Mem:12.47M, Peak:12.47M | Scene, ViewLayer | Sample 0/24
Fra:1 Mem:31.72M (Peak 31.72M) | Time:00:00.13 | Remaining:00:01.71 | Mem:18.10M, Peak:18.10M | Scene, ViewLayer | Sample 1/24
Fra:1 Mem:34.23M (Peak 39.23M) | Time:00:01.87 | Mem:18.10M, Peak:18.10M | Scene, ViewLayer | Sample 24/24
Fra:1 Mem:34.23M (Peak 39.23M) | Time:00:01.87 | Mem:18.10M, Peak:18.10M | Scene, ViewLayer | Finished
Saved: '/tmp/environment-v2-blender/env_rations_crate_shaded_180.png'
Time: 00:01.90 (Saving: 00:00.02)

Fra:1 Mem:13.61M (Peak 13.61M) | Time:00:00.00 | Mem:0.00M, Peak:0.00M | Scene, ViewLayer | Synchronizing object | env_rations_crate__shell_mesh
Fra:1 Mem:14.01M (Peak 14.01M) | Time:00:00.00 | Mem:0.00M, Peak:0.00M | Scene, ViewLayer | Synchronizing object | env_rations_crate__lid_pivot_mesh
Fra:1 Mem:13.82M (Peak 14.01M) | Time:00:00.00 | Mem:0.00M, Peak:0.00M | Scene, ViewLayer | Initializing
Fra:1 Mem:13.55M (Peak 14.01M) | Time:00:00.00 | Mem:0.00M, Peak:0.00M | Scene, ViewLayer | Waiting for render to start
Fra:1 Mem:13.55M (Peak 14.01M) | Time:00:00.00 | Mem:0.00M, Peak:0.00M | Scene, ViewLayer | Loading render kernels (may take a few minutes the first time)
Fra:1 Mem:13.55M (Peak 14.01M) | Time:00:00.00 | Mem:0.00M, Peak:0.00M | Scene, ViewLayer | Updating Scene
Fra:1 Mem:13.55M (Peak 14.01M) | Time:00:00.00 | Mem:0.00M, Peak:0.00M | Scene, ViewLayer | Updating Shaders
Fra:1 Mem:13.63M (Peak 14.01M) | Time:00:00.00 | Mem:0.00M, Peak:0.00M | Scene, ViewLayer | Updating Procedurals
Fra:1 Mem:13.63M (Peak 14.01M) | Time:00:00.00 | Mem:0.00M, Peak:0.00M | Scene, ViewLayer | Updating Background
Fra:1 Mem:13.63M (Peak 14.01M) | Time:00:00.00 | Mem:0.00M, Peak:0.00M | Scene, ViewLayer | Updating Camera
Fra:1 Mem:13.63M (Peak 14.01M) | Time:00:00.00 | Mem:0.00M, Peak:0.00M | Scene, ViewLayer | Updating Meshes Flags
Fra:1 Mem:13.63M (Peak 14.01M) | Time:00:00.00 | Mem:0.00M, Peak:0.00M | Scene, ViewLayer | Updating Objects
Fra:1 Mem:13.63M (Peak 14.01M) | Time:00:00.00 | Mem:0.00M, Peak:0.00M | Scene, ViewLayer | Updating Objects | Copying Transformations to device
Fra:1 Mem:13.63M (Peak 14.01M) | Time:00:00.00 | Mem:0.00M, Peak:0.00M | Scene, ViewLayer | Updating Objects | Applying Static Transformations
Fra:1 Mem:13.63M (Peak 14.01M) | Time:00:00.00 | Mem:0.00M, Peak:0.00M | Scene, ViewLayer | Updating Particle Systems
Fra:1 Mem:13.63M (Peak 14.01M) | Time:00:00.00 | Mem:0.00M, Peak:0.00M | Scene, ViewLayer | Updating Particle Systems | Copying Particles to device
Fra:1 Mem:13.63M (Peak 14.01M) | Time:00:00.00 | Mem:0.00M, Peak:0.00M | Scene, ViewLayer | Updating Meshes
Fra:1 Mem:13.65M (Peak 14.01M) | Time:00:00.00 | Mem:0.00M, Peak:0.00M | Scene, ViewLayer | Updating Mesh | Computing attributes
Fra:1 Mem:13.70M (Peak 14.01M) | Time:00:00.00 | Mem:0.00M, Peak:0.00M | Scene, ViewLayer | Updating Mesh | Copying Attributes to device
Fra:1 Mem:13.70M (Peak 14.01M) | Time:00:00.00 | Mem:0.05M, Peak:0.05M | Scene, ViewLayer | Updating Scene BVH | Building
Fra:1 Mem:13.70M (Peak 14.01M) | Time:00:00.00 | Mem:0.05M, Peak:0.05M | Scene, ViewLayer | Updating Scene BVH | Building BVH
Fra:1 Mem:13.70M (Peak 14.01M) | Time:00:00.00 | Mem:0.09M, Peak:0.09M | Scene, ViewLayer | Updating Scene BVH | Building BVH 0%
Fra:1 Mem:13.70M (Peak 14.01M) | Time:00:00.00 | Mem:0.14M, Peak:0.18M | Scene, ViewLayer | Updating Scene BVH | Copying BVH to device
Fra:1 Mem:13.70M (Peak 14.01M) | Time:00:00.00 | Mem:0.14M, Peak:0.18M | Scene, ViewLayer | Updating Mesh | Computing normals
Fra:1 Mem:13.85M (Peak 14.01M) | Time:00:00.00 | Mem:0.14M, Peak:0.18M | Scene, ViewLayer | Updating Mesh | Copying Mesh to device
Fra:1 Mem:13.85M (Peak 14.01M) | Time:00:00.00 | Mem:0.29M, Peak:0.29M | Scene, ViewLayer | Updating Objects Flags
Fra:1 Mem:13.85M (Peak 14.01M) | Time:00:00.00 | Mem:0.29M, Peak:0.29M | Scene, ViewLayer | Updating Primitive Offsets
Fra:1 Mem:13.85M (Peak 14.01M) | Time:00:00.00 | Mem:0.29M, Peak:0.29M | Scene, ViewLayer | Updating Images
Fra:1 Mem:13.85M (Peak 14.01M) | Time:00:00.00 | Mem:0.29M, Peak:0.29M | Scene, ViewLayer | Updating Camera Volume
Fra:1 Mem:13.85M (Peak 14.01M) | Time:00:00.00 | Mem:0.29M, Peak:0.29M | Scene, ViewLayer | Updating Lookup Tables
Fra:1 Mem:13.85M (Peak 14.01M) | Time:00:00.00 | Mem:0.37M, Peak:0.37M | Scene, ViewLayer | Updating Lights
Fra:1 Mem:13.85M (Peak 14.01M) | Time:00:00.00 | Mem:0.37M, Peak:0.37M | Scene, ViewLayer | Updating Lights | Computing tree
Fra:1 Mem:13.85M (Peak 14.01M) | Time:00:00.00 | Mem:0.37M, Peak:0.37M | Scene, ViewLayer | Updating Integrator
Fra:1 Mem:13.85M (Peak 14.01M) | Time:00:00.00 | Mem:0.37M, Peak:0.37M | Scene, ViewLayer | Updating Film
Fra:1 Mem:13.85M (Peak 14.01M) | Time:00:00.00 | Mem:0.29M, Peak:0.37M | Scene, ViewLayer | Updating Lookup Tables
Fra:1 Mem:13.85M (Peak 14.01M) | Time:00:00.00 | Mem:0.38M, Peak:0.38M | Scene, ViewLayer | Updating Baking
Fra:1 Mem:13.85M (Peak 14.01M) | Time:00:00.00 | Mem:0.38M, Peak:0.38M | Scene, ViewLayer | Updating Device | Writing constant memory
Fra:1 Mem:13.85M (Peak 14.01M) | Time:00:00.00 | Mem:0.38M, Peak:0.38M | Scene, ViewLayer | Sample 0/24
Fra:1 Mem:19.48M (Peak 19.48M) | Time:00:00.12 | Remaining:00:02.69 | Mem:6.00M, Peak:6.00M | Scene, ViewLayer | Sample 1/24
Fra:1 Mem:21.99M (Peak 26.99M) | Time:00:01.63 | Mem:6.00M, Peak:6.00M | Scene, ViewLayer | Sample 24/24
Fra:1 Mem:21.99M (Peak 26.99M) | Time:00:01.63 | Mem:6.00M, Peak:6.00M | Scene, ViewLayer | Finished
Saved: '/tmp/environment-v2-blender/env_rations_crate_clay_0.png'
Time: 00:01.66 (Saving: 00:00.02)

Fra:1 Mem:13.61M (Peak 13.61M) | Time:00:00.00 | Mem:0.00M, Peak:0.00M | Scene, ViewLayer | Synchronizing object | env_rations_crate__lid_pivot_mesh
Fra:1 Mem:13.61M (Peak 13.61M) | Time:00:00.00 | Mem:0.00M, Peak:0.00M | Scene, ViewLayer | Synchronizing object | env_rations_crate__shell_mesh
Fra:1 Mem:13.82M (Peak 13.82M) | Time:00:00.00 | Mem:0.00M, Peak:0.00M | Scene, ViewLayer | Initializing
Fra:1 Mem:13.55M (Peak 13.82M) | Time:00:00.00 | Mem:0.00M, Peak:0.00M | Scene, ViewLayer | Waiting for render to start
Fra:1 Mem:13.55M (Peak 13.82M) | Time:00:00.00 | Mem:0.00M, Peak:0.00M | Scene, ViewLayer | Loading render kernels (may take a few minutes the first time)
Fra:1 Mem:13.55M (Peak 13.82M) | Time:00:00.00 | Mem:0.00M, Peak:0.00M | Scene, ViewLayer | Updating Scene
Fra:1 Mem:13.55M (Peak 13.82M) | Time:00:00.00 | Mem:0.00M, Peak:0.00M | Scene, ViewLayer | Updating Shaders
Fra:1 Mem:13.63M (Peak 13.82M) | Time:00:00.00 | Mem:0.00M, Peak:0.00M | Scene, ViewLayer | Updating Procedurals
Fra:1 Mem:13.63M (Peak 13.82M) | Time:00:00.00 | Mem:0.00M, Peak:0.00M | Scene, ViewLayer | Updating Background
Fra:1 Mem:13.63M (Peak 13.82M) | Time:00:00.00 | Mem:0.00M, Peak:0.00M | Scene, ViewLayer | Updating Camera
Fra:1 Mem:13.63M (Peak 13.82M) | Time:00:00.00 | Mem:0.00M, Peak:0.00M | Scene, ViewLayer | Updating Meshes Flags
Fra:1 Mem:13.63M (Peak 13.82M) | Time:00:00.00 | Mem:0.00M, Peak:0.00M | Scene, ViewLayer | Updating Objects
Fra:1 Mem:13.63M (Peak 13.82M) | Time:00:00.00 | Mem:0.00M, Peak:0.00M | Scene, ViewLayer | Updating Objects | Copying Transformations to device
Fra:1 Mem:13.63M (Peak 13.82M) | Time:00:00.00 | Mem:0.00M, Peak:0.00M | Scene, ViewLayer | Updating Objects | Applying Static Transformations
Fra:1 Mem:13.63M (Peak 13.82M) | Time:00:00.00 | Mem:0.00M, Peak:0.00M | Scene, ViewLayer | Updating Particle Systems
Fra:1 Mem:13.63M (Peak 13.82M) | Time:00:00.00 | Mem:0.00M, Peak:0.00M | Scene, ViewLayer | Updating Particle Systems | Copying Particles to device
Fra:1 Mem:13.63M (Peak 13.82M) | Time:00:00.00 | Mem:0.00M, Peak:0.00M | Scene, ViewLayer | Updating Meshes
Fra:1 Mem:13.65M (Peak 13.82M) | Time:00:00.00 | Mem:0.00M, Peak:0.00M | Scene, ViewLayer | Updating Mesh | Computing attributes
Fra:1 Mem:13.70M (Peak 13.82M) | Time:00:00.00 | Mem:0.00M, Peak:0.00M | Scene, ViewLayer | Updating Mesh | Copying Attributes to device
Fra:1 Mem:13.70M (Peak 13.82M) | Time:00:00.00 | Mem:0.05M, Peak:0.05M | Scene, ViewLayer | Updating Scene BVH | Building
Fra:1 Mem:13.70M (Peak 13.82M) | Time:00:00.00 | Mem:0.05M, Peak:0.05M | Scene, ViewLayer | Updating Scene BVH | Building BVH
Fra:1 Mem:13.70M (Peak 13.82M) | Time:00:00.00 | Mem:0.09M, Peak:0.09M | Scene, ViewLayer | Updating Scene BVH | Building BVH 0%
Fra:1 Mem:13.70M (Peak 13.82M) | Time:00:00.00 | Mem:0.14M, Peak:0.18M | Scene, ViewLayer | Updating Scene BVH | Copying BVH to device
Fra:1 Mem:13.70M (Peak 13.82M) | Time:00:00.00 | Mem:0.14M, Peak:0.18M | Scene, ViewLayer | Updating Mesh | Computing normals
Fra:1 Mem:13.85M (Peak 13.85M) | Time:00:00.00 | Mem:0.14M, Peak:0.18M | Scene, ViewLayer | Updating Mesh | Copying Mesh to device
Fra:1 Mem:13.85M (Peak 13.85M) | Time:00:00.00 | Mem:0.29M, Peak:0.29M | Scene, ViewLayer | Updating Objects Flags
Fra:1 Mem:13.85M (Peak 13.85M) | Time:00:00.00 | Mem:0.29M, Peak:0.29M | Scene, ViewLayer | Updating Primitive Offsets
Fra:1 Mem:13.85M (Peak 13.85M) | Time:00:00.00 | Mem:0.29M, Peak:0.29M | Scene, ViewLayer | Updating Images
Fra:1 Mem:13.85M (Peak 13.85M) | Time:00:00.00 | Mem:0.29M, Peak:0.29M | Scene, ViewLayer | Updating Camera Volume
Fra:1 Mem:13.85M (Peak 13.85M) | Time:00:00.00 | Mem:0.29M, Peak:0.29M | Scene, ViewLayer | Updating Lookup Tables
Fra:1 Mem:13.85M (Peak 13.85M) | Time:00:00.00 | Mem:0.37M, Peak:0.37M | Scene, ViewLayer | Updating Lights
Fra:1 Mem:13.85M (Peak 13.85M) | Time:00:00.00 | Mem:0.37M, Peak:0.37M | Scene, ViewLayer | Updating Lights | Computing tree
Fra:1 Mem:13.85M (Peak 13.85M) | Time:00:00.00 | Mem:0.37M, Peak:0.37M | Scene, ViewLayer | Updating Integrator
Fra:1 Mem:13.85M (Peak 13.85M) | Time:00:00.00 | Mem:0.37M, Peak:0.37M | Scene, ViewLayer | Updating Film
Fra:1 Mem:13.85M (Peak 13.85M) | Time:00:00.00 | Mem:0.29M, Peak:0.37M | Scene, ViewLayer | Updating Lookup Tables
Fra:1 Mem:13.85M (Peak 13.85M) | Time:00:00.00 | Mem:0.38M, Peak:0.38M | Scene, ViewLayer | Updating Baking
Fra:1 Mem:13.85M (Peak 13.85M) | Time:00:00.00 | Mem:0.38M, Peak:0.38M | Scene, ViewLayer | Updating Device | Writing constant memory
Fra:1 Mem:13.85M (Peak 13.85M) | Time:00:00.00 | Mem:0.38M, Peak:0.38M | Scene, ViewLayer | Sample 0/24
Fra:1 Mem:19.48M (Peak 19.48M) | Time:00:00.06 | Remaining:00:01.43 | Mem:6.00M, Peak:6.00M | Scene, ViewLayer | Sample 1/24
Fra:1 Mem:21.99M (Peak 26.99M) | Time:00:01.15 | Mem:6.00M, Peak:6.00M | Scene, ViewLayer | Sample 24/24
Fra:1 Mem:21.99M (Peak 26.99M) | Time:00:01.15 | Mem:6.00M, Peak:6.00M | Scene, ViewLayer | Finished
Saved: '/tmp/environment-v2-blender/env_rations_crate_clay_90.png'
Time: 00:01.18 (Saving: 00:00.02)

Fra:1 Mem:13.61M (Peak 13.61M) | Time:00:00.00 | Mem:0.00M, Peak:0.00M | Scene, ViewLayer | Synchronizing object | env_rations_crate__shell_mesh
Fra:1 Mem:13.62M (Peak 13.62M) | Time:00:00.00 | Mem:0.00M, Peak:0.00M | Scene, ViewLayer | Synchronizing object | env_rations_crate__lid_pivot_mesh
Fra:1 Mem:13.82M (Peak 13.82M) | Time:00:00.00 | Mem:0.00M, Peak:0.00M | Scene, ViewLayer | Initializing
Fra:1 Mem:13.55M (Peak 13.82M) | Time:00:00.00 | Mem:0.00M, Peak:0.00M | Scene, ViewLayer | Waiting for render to start
Fra:1 Mem:13.55M (Peak 13.82M) | Time:00:00.00 | Mem:0.00M, Peak:0.00M | Scene, ViewLayer | Loading render kernels (may take a few minutes the first time)
Fra:1 Mem:13.55M (Peak 13.82M) | Time:00:00.00 | Mem:0.00M, Peak:0.00M | Scene, ViewLayer | Updating Scene
Fra:1 Mem:13.55M (Peak 13.82M) | Time:00:00.00 | Mem:0.00M, Peak:0.00M | Scene, ViewLayer | Updating Shaders
Fra:1 Mem:13.63M (Peak 13.82M) | Time:00:00.00 | Mem:0.00M, Peak:0.00M | Scene, ViewLayer | Updating Procedurals
Fra:1 Mem:13.63M (Peak 13.82M) | Time:00:00.00 | Mem:0.00M, Peak:0.00M | Scene, ViewLayer | Updating Background
Fra:1 Mem:13.63M (Peak 13.82M) | Time:00:00.00 | Mem:0.00M, Peak:0.00M | Scene, ViewLayer | Updating Camera
Fra:1 Mem:13.63M (Peak 13.82M) | Time:00:00.00 | Mem:0.00M, Peak:0.00M | Scene, ViewLayer | Updating Meshes Flags
Fra:1 Mem:13.63M (Peak 13.82M) | Time:00:00.00 | Mem:0.00M, Peak:0.00M | Scene, ViewLayer | Updating Objects
Fra:1 Mem:13.63M (Peak 13.82M) | Time:00:00.00 | Mem:0.00M, Peak:0.00M | Scene, ViewLayer | Updating Objects | Copying Transformations to device
Fra:1 Mem:13.63M (Peak 13.82M) | Time:00:00.00 | Mem:0.00M, Peak:0.00M | Scene, ViewLayer | Updating Objects | Applying Static Transformations
Fra:1 Mem:13.63M (Peak 13.82M) | Time:00:00.00 | Mem:0.00M, Peak:0.00M | Scene, ViewLayer | Updating Particle Systems
Fra:1 Mem:13.63M (Peak 13.82M) | Time:00:00.00 | Mem:0.00M, Peak:0.00M | Scene, ViewLayer | Updating Particle Systems | Copying Particles to device
Fra:1 Mem:13.63M (Peak 13.82M) | Time:00:00.00 | Mem:0.00M, Peak:0.00M | Scene, ViewLayer | Updating Meshes
Fra:1 Mem:13.65M (Peak 13.82M) | Time:00:00.00 | Mem:0.00M, Peak:0.00M | Scene, ViewLayer | Updating Mesh | Computing attributes
Fra:1 Mem:13.70M (Peak 13.82M) | Time:00:00.00 | Mem:0.00M, Peak:0.00M | Scene, ViewLayer | Updating Mesh | Copying Attributes to device
Fra:1 Mem:13.70M (Peak 13.82M) | Time:00:00.00 | Mem:0.05M, Peak:0.05M | Scene, ViewLayer | Updating Scene BVH | Building
Fra:1 Mem:13.70M (Peak 13.82M) | Time:00:00.00 | Mem:0.05M, Peak:0.05M | Scene, ViewLayer | Updating Scene BVH | Building BVH
Fra:1 Mem:13.70M (Peak 13.82M) | Time:00:00.00 | Mem:0.09M, Peak:0.09M | Scene, ViewLayer | Updating Scene BVH | Building BVH 0%
Fra:1 Mem:13.70M (Peak 13.82M) | Time:00:00.00 | Mem:0.14M, Peak:0.18M | Scene, ViewLayer | Updating Scene BVH | Copying BVH to device
Fra:1 Mem:13.70M (Peak 13.82M) | Time:00:00.00 | Mem:0.14M, Peak:0.18M | Scene, ViewLayer | Updating Mesh | Computing normals
Fra:1 Mem:13.85M (Peak 13.85M) | Time:00:00.00 | Mem:0.14M, Peak:0.18M | Scene, ViewLayer | Updating Mesh | Copying Mesh to device
Fra:1 Mem:13.85M (Peak 13.85M) | Time:00:00.00 | Mem:0.29M, Peak:0.29M | Scene, ViewLayer | Updating Objects Flags
Fra:1 Mem:13.85M (Peak 13.85M) | Time:00:00.00 | Mem:0.29M, Peak:0.29M | Scene, ViewLayer | Updating Primitive Offsets
Fra:1 Mem:13.85M (Peak 13.85M) | Time:00:00.00 | Mem:0.29M, Peak:0.29M | Scene, ViewLayer | Updating Images
Fra:1 Mem:13.85M (Peak 13.85M) | Time:00:00.00 | Mem:0.29M, Peak:0.29M | Scene, ViewLayer | Updating Camera Volume
Fra:1 Mem:13.85M (Peak 13.85M) | Time:00:00.00 | Mem:0.29M, Peak:0.29M | Scene, ViewLayer | Updating Lookup Tables
Fra:1 Mem:13.85M (Peak 13.85M) | Time:00:00.00 | Mem:0.37M, Peak:0.37M | Scene, ViewLayer | Updating Lights
Fra:1 Mem:13.85M (Peak 13.85M) | Time:00:00.00 | Mem:0.37M, Peak:0.37M | Scene, ViewLayer | Updating Lights | Computing tree
Fra:1 Mem:13.85M (Peak 13.85M) | Time:00:00.00 | Mem:0.37M, Peak:0.37M | Scene, ViewLayer | Updating Integrator
Fra:1 Mem:13.85M (Peak 13.85M) | Time:00:00.00 | Mem:0.37M, Peak:0.37M | Scene, ViewLayer | Updating Film
Fra:1 Mem:13.85M (Peak 13.85M) | Time:00:00.00 | Mem:0.29M, Peak:0.37M | Scene, ViewLayer | Updating Lookup Tables
Fra:1 Mem:13.85M (Peak 13.85M) | Time:00:00.00 | Mem:0.38M, Peak:0.38M | Scene, ViewLayer | Updating Baking
Fra:1 Mem:13.85M (Peak 13.85M) | Time:00:00.00 | Mem:0.38M, Peak:0.38M | Scene, ViewLayer | Updating Device | Writing constant memory
Fra:1 Mem:13.85M (Peak 13.85M) | Time:00:00.00 | Mem:0.38M, Peak:0.38M | Scene, ViewLayer | Sample 0/24
Fra:1 Mem:19.48M (Peak 19.48M) | Time:00:00.05 | Remaining:00:01.13 | Mem:6.00M, Peak:6.00M | Scene, ViewLayer | Sample 1/24
Fra:1 Mem:21.99M (Peak 26.99M) | Time:00:01.23 | Mem:6.00M, Peak:6.00M | Scene, ViewLayer | Sample 24/24
Fra:1 Mem:21.99M (Peak 26.99M) | Time:00:01.23 | Mem:6.00M, Peak:6.00M | Scene, ViewLayer | Finished
Saved: '/tmp/environment-v2-blender/env_rations_crate_clay_180.png'
Time: 00:01.24 (Saving: 00:00.01)

BLENDER_STUDY env_rations_crate
16:55:07 | INFO: Data are loaded, start creating Blender stuff
16:55:07 | INFO: Blender create Mesh node Torus.004
16:55:07 | INFO: glTF import finished in 0.01s
Fra:1 Mem:13.84M (Peak 13.84M) | Time:00:00.00 | Mem:0.00M, Peak:0.00M | Scene, ViewLayer | Synchronizing object | env_spare_tire__shell_mesh
Fra:1 Mem:14.21M (Peak 14.21M) | Time:00:00.00 | Mem:0.00M, Peak:0.00M | Scene, ViewLayer | Initializing
Fra:1 Mem:13.98M (Peak 14.21M) | Time:00:00.00 | Mem:0.00M, Peak:0.00M | Scene, ViewLayer | Waiting for render to start
Fra:1 Mem:13.98M (Peak 14.21M) | Time:00:00.00 | Mem:0.00M, Peak:0.00M | Scene, ViewLayer | Loading render kernels (may take a few minutes the first time)
Fra:1 Mem:13.98M (Peak 14.21M) | Time:00:00.00 | Mem:0.00M, Peak:0.00M | Scene, ViewLayer | Updating Scene
Fra:1 Mem:13.98M (Peak 14.21M) | Time:00:00.00 | Mem:0.00M, Peak:0.00M | Scene, ViewLayer | Updating Shaders
Fra:1 Mem:14.06M (Peak 14.21M) | Time:00:00.00 | Mem:0.00M, Peak:0.00M | Scene, ViewLayer | Updating Procedurals
Fra:1 Mem:14.06M (Peak 14.21M) | Time:00:00.00 | Mem:0.00M, Peak:0.00M | Scene, ViewLayer | Updating Background
Fra:1 Mem:14.06M (Peak 14.21M) | Time:00:00.00 | Mem:0.00M, Peak:0.00M | Scene, ViewLayer | Updating Camera
Fra:1 Mem:14.06M (Peak 14.21M) | Time:00:00.00 | Mem:0.00M, Peak:0.00M | Scene, ViewLayer | Updating Meshes Flags
Fra:1 Mem:14.06M (Peak 14.21M) | Time:00:00.00 | Mem:0.00M, Peak:0.00M | Scene, ViewLayer | Updating Objects
Fra:1 Mem:14.06M (Peak 14.21M) | Time:00:00.00 | Mem:0.00M, Peak:0.00M | Scene, ViewLayer | Updating Objects | Copying Transformations to device
Fra:1 Mem:14.06M (Peak 14.21M) | Time:00:00.00 | Mem:0.00M, Peak:0.00M | Scene, ViewLayer | Updating Objects | Applying Static Transformations
Fra:1 Mem:14.06M (Peak 14.21M) | Time:00:00.00 | Mem:0.00M, Peak:0.00M | Scene, ViewLayer | Updating Particle Systems
Fra:1 Mem:14.06M (Peak 14.21M) | Time:00:00.00 | Mem:0.00M, Peak:0.00M | Scene, ViewLayer | Updating Particle Systems | Copying Particles to device
Fra:1 Mem:14.06M (Peak 14.21M) | Time:00:00.00 | Mem:0.00M, Peak:0.00M | Scene, ViewLayer | Updating Meshes
Fra:1 Mem:14.08M (Peak 14.21M) | Time:00:00.00 | Mem:0.00M, Peak:0.00M | Scene, ViewLayer | Updating Mesh | Computing attributes
Fra:1 Mem:14.23M (Peak 14.23M) | Time:00:00.00 | Mem:0.00M, Peak:0.00M | Scene, ViewLayer | Updating Mesh | Copying Attributes to device
Fra:1 Mem:14.23M (Peak 14.23M) | Time:00:00.00 | Mem:0.15M, Peak:0.15M | Scene, ViewLayer | Updating Scene BVH | Building
Fra:1 Mem:14.23M (Peak 14.23M) | Time:00:00.00 | Mem:0.15M, Peak:0.15M | Scene, ViewLayer | Updating Scene BVH | Building BVH
Fra:1 Mem:14.23M (Peak 14.23M) | Time:00:00.00 | Mem:0.19M, Peak:0.19M | Scene, ViewLayer | Updating Scene BVH | Building BVH 0%
Fra:1 Mem:14.23M (Peak 14.23M) | Time:00:00.00 | Mem:0.25M, Peak:0.29M | Scene, ViewLayer | Updating Scene BVH | Copying BVH to device
Fra:1 Mem:14.23M (Peak 14.23M) | Time:00:00.00 | Mem:0.25M, Peak:0.29M | Scene, ViewLayer | Updating Mesh | Computing normals
Fra:1 Mem:14.39M (Peak 14.39M) | Time:00:00.00 | Mem:0.25M, Peak:0.29M | Scene, ViewLayer | Updating Mesh | Copying Mesh to device
Fra:1 Mem:14.39M (Peak 14.39M) | Time:00:00.00 | Mem:0.41M, Peak:0.41M | Scene, ViewLayer | Updating Objects Flags
Fra:1 Mem:14.39M (Peak 14.39M) | Time:00:00.00 | Mem:0.41M, Peak:0.41M | Scene, ViewLayer | Updating Primitive Offsets
Fra:1 Mem:14.39M (Peak 14.39M) | Time:00:00.00 | Mem:0.41M, Peak:0.41M | Scene, ViewLayer | Updating Images
Fra:1 Mem:14.39M (Peak 14.39M) | Time:00:00.00 | Mem:0.41M, Peak:0.41M | Scene, ViewLayer | Updating Images | Loading environment_v2_normal.png
Fra:1 Mem:18.39M (Peak 18.39M) | Time:00:00.00 | Mem:0.41M, Peak:0.41M | Scene, ViewLayer | Updating Images | Loading environment_v2_albedo.png
Fra:1 Mem:22.40M (Peak 22.40M) | Time:00:00.03 | Mem:4.41M, Peak:4.41M | Scene, ViewLayer | Updating Images | Loading environment_v2_orm.png
Fra:1 Mem:26.40M (Peak 26.40M) | Time:00:00.05 | Mem:12.41M, Peak:12.41M | Scene, ViewLayer | Updating Camera Volume
Fra:1 Mem:26.40M (Peak 26.40M) | Time:00:00.05 | Mem:12.41M, Peak:12.41M | Scene, ViewLayer | Updating Lookup Tables
Fra:1 Mem:26.40M (Peak 26.40M) | Time:00:00.05 | Mem:12.49M, Peak:12.49M | Scene, ViewLayer | Updating Lights
Fra:1 Mem:26.40M (Peak 26.40M) | Time:00:00.05 | Mem:12.49M, Peak:12.49M | Scene, ViewLayer | Updating Lights | Computing tree
Fra:1 Mem:26.40M (Peak 26.40M) | Time:00:00.05 | Mem:12.49M, Peak:12.49M | Scene, ViewLayer | Updating Integrator
Fra:1 Mem:26.40M (Peak 26.40M) | Time:00:00.05 | Mem:12.49M, Peak:12.49M | Scene, ViewLayer | Updating Film
Fra:1 Mem:26.40M (Peak 26.40M) | Time:00:00.05 | Mem:12.41M, Peak:12.49M | Scene, ViewLayer | Updating Lookup Tables
Fra:1 Mem:26.40M (Peak 26.40M) | Time:00:00.05 | Mem:12.49M, Peak:12.49M | Scene, ViewLayer | Updating Baking
Fra:1 Mem:26.40M (Peak 26.40M) | Time:00:00.05 | Mem:12.49M, Peak:12.49M | Scene, ViewLayer | Updating Device | Writing constant memory
Fra:1 Mem:26.40M (Peak 26.40M) | Time:00:00.05 | Mem:12.49M, Peak:12.49M | Scene, ViewLayer | Sample 0/24
Fra:1 Mem:32.04M (Peak 32.04M) | Time:00:00.12 | Remaining:00:01.45 | Mem:18.13M, Peak:18.13M | Scene, ViewLayer | Sample 1/24
Fra:1 Mem:34.54M (Peak 39.54M) | Time:00:01.29 | Mem:18.13M, Peak:18.13M | Scene, ViewLayer | Sample 24/24
Fra:1 Mem:34.54M (Peak 39.54M) | Time:00:01.29 | Mem:18.13M, Peak:18.13M | Scene, ViewLayer | Finished
Saved: '/tmp/environment-v2-blender/env_spare_tire_shaded_0.png'
Time: 00:01.31 (Saving: 00:00.02)

Fra:1 Mem:13.88M (Peak 13.88M) | Time:00:00.00 | Mem:0.00M, Peak:0.00M | Scene, ViewLayer | Synchronizing object | env_spare_tire__shell_mesh
Fra:1 Mem:14.21M (Peak 14.21M) | Time:00:00.00 | Mem:0.00M, Peak:0.00M | Scene, ViewLayer | Initializing
Fra:1 Mem:13.98M (Peak 14.21M) | Time:00:00.00 | Mem:0.00M, Peak:0.00M | Scene, ViewLayer | Waiting for render to start
Fra:1 Mem:13.98M (Peak 14.21M) | Time:00:00.00 | Mem:0.00M, Peak:0.00M | Scene, ViewLayer | Loading render kernels (may take a few minutes the first time)
Fra:1 Mem:13.98M (Peak 14.21M) | Time:00:00.00 | Mem:0.00M, Peak:0.00M | Scene, ViewLayer | Updating Scene
Fra:1 Mem:13.98M (Peak 14.21M) | Time:00:00.00 | Mem:0.00M, Peak:0.00M | Scene, ViewLayer | Updating Shaders
Fra:1 Mem:14.06M (Peak 14.21M) | Time:00:00.00 | Mem:0.00M, Peak:0.00M | Scene, ViewLayer | Updating Procedurals
Fra:1 Mem:14.06M (Peak 14.21M) | Time:00:00.00 | Mem:0.00M, Peak:0.00M | Scene, ViewLayer | Updating Background
Fra:1 Mem:14.06M (Peak 14.21M) | Time:00:00.00 | Mem:0.00M, Peak:0.00M | Scene, ViewLayer | Updating Camera
Fra:1 Mem:14.06M (Peak 14.21M) | Time:00:00.00 | Mem:0.00M, Peak:0.00M | Scene, ViewLayer | Updating Meshes Flags
Fra:1 Mem:14.06M (Peak 14.21M) | Time:00:00.00 | Mem:0.00M, Peak:0.00M | Scene, ViewLayer | Updating Objects
Fra:1 Mem:14.06M (Peak 14.21M) | Time:00:00.00 | Mem:0.00M, Peak:0.00M | Scene, ViewLayer | Updating Objects | Copying Transformations to device
Fra:1 Mem:14.06M (Peak 14.21M) | Time:00:00.00 | Mem:0.00M, Peak:0.00M | Scene, ViewLayer | Updating Objects | Applying Static Transformations
Fra:1 Mem:14.06M (Peak 14.21M) | Time:00:00.00 | Mem:0.00M, Peak:0.00M | Scene, ViewLayer | Updating Particle Systems
Fra:1 Mem:14.06M (Peak 14.21M) | Time:00:00.00 | Mem:0.00M, Peak:0.00M | Scene, ViewLayer | Updating Particle Systems | Copying Particles to device
Fra:1 Mem:14.06M (Peak 14.21M) | Time:00:00.00 | Mem:0.00M, Peak:0.00M | Scene, ViewLayer | Updating Meshes
Fra:1 Mem:14.08M (Peak 14.21M) | Time:00:00.00 | Mem:0.00M, Peak:0.00M | Scene, ViewLayer | Updating Mesh | Computing attributes
Fra:1 Mem:14.23M (Peak 14.23M) | Time:00:00.00 | Mem:0.00M, Peak:0.00M | Scene, ViewLayer | Updating Mesh | Copying Attributes to device
Fra:1 Mem:14.23M (Peak 14.23M) | Time:00:00.00 | Mem:0.15M, Peak:0.15M | Scene, ViewLayer | Updating Scene BVH | Building
Fra:1 Mem:14.23M (Peak 14.23M) | Time:00:00.00 | Mem:0.15M, Peak:0.15M | Scene, ViewLayer | Updating Scene BVH | Building BVH
Fra:1 Mem:14.23M (Peak 14.23M) | Time:00:00.00 | Mem:0.19M, Peak:0.19M | Scene, ViewLayer | Updating Scene BVH | Building BVH 0%
Fra:1 Mem:14.23M (Peak 14.23M) | Time:00:00.00 | Mem:0.25M, Peak:0.29M | Scene, ViewLayer | Updating Scene BVH | Copying BVH to device
Fra:1 Mem:14.23M (Peak 14.23M) | Time:00:00.00 | Mem:0.25M, Peak:0.29M | Scene, ViewLayer | Updating Mesh | Computing normals
Fra:1 Mem:14.39M (Peak 14.39M) | Time:00:00.00 | Mem:0.25M, Peak:0.29M | Scene, ViewLayer | Updating Mesh | Copying Mesh to device
Fra:1 Mem:14.39M (Peak 14.39M) | Time:00:00.00 | Mem:0.41M, Peak:0.41M | Scene, ViewLayer | Updating Objects Flags
Fra:1 Mem:14.39M (Peak 14.39M) | Time:00:00.00 | Mem:0.41M, Peak:0.41M | Scene, ViewLayer | Updating Primitive Offsets
Fra:1 Mem:14.39M (Peak 14.39M) | Time:00:00.00 | Mem:0.41M, Peak:0.41M | Scene, ViewLayer | Updating Images
Fra:1 Mem:14.39M (Peak 14.39M) | Time:00:00.00 | Mem:0.41M, Peak:0.41M | Scene, ViewLayer | Updating Images | Loading environment_v2_normal.png
Fra:1 Mem:18.39M (Peak 18.39M) | Time:00:00.00 | Mem:0.41M, Peak:0.41M | Scene, ViewLayer | Updating Images | Loading environment_v2_albedo.png
Fra:1 Mem:22.40M (Peak 22.40M) | Time:00:00.03 | Mem:4.41M, Peak:4.41M | Scene, ViewLayer | Updating Images | Loading environment_v2_orm.png
Fra:1 Mem:26.40M (Peak 26.40M) | Time:00:00.06 | Mem:12.41M, Peak:12.41M | Scene, ViewLayer | Updating Camera Volume
Fra:1 Mem:26.40M (Peak 26.40M) | Time:00:00.06 | Mem:12.41M, Peak:12.41M | Scene, ViewLayer | Updating Lookup Tables
Fra:1 Mem:26.40M (Peak 26.40M) | Time:00:00.06 | Mem:12.49M, Peak:12.49M | Scene, ViewLayer | Updating Lights
Fra:1 Mem:26.40M (Peak 26.40M) | Time:00:00.06 | Mem:12.49M, Peak:12.49M | Scene, ViewLayer | Updating Lights | Computing tree
Fra:1 Mem:26.40M (Peak 26.40M) | Time:00:00.06 | Mem:12.49M, Peak:12.49M | Scene, ViewLayer | Updating Integrator
Fra:1 Mem:26.40M (Peak 26.40M) | Time:00:00.06 | Mem:12.49M, Peak:12.49M | Scene, ViewLayer | Updating Film
Fra:1 Mem:26.40M (Peak 26.40M) | Time:00:00.06 | Mem:12.41M, Peak:12.49M | Scene, ViewLayer | Updating Lookup Tables
Fra:1 Mem:26.40M (Peak 26.40M) | Time:00:00.06 | Mem:12.49M, Peak:12.49M | Scene, ViewLayer | Updating Baking
Fra:1 Mem:26.40M (Peak 26.40M) | Time:00:00.06 | Mem:12.49M, Peak:12.49M | Scene, ViewLayer | Updating Device | Writing constant memory
Fra:1 Mem:26.40M (Peak 26.40M) | Time:00:00.06 | Mem:12.49M, Peak:12.49M | Scene, ViewLayer | Sample 0/24
Fra:1 Mem:32.04M (Peak 32.04M) | Time:00:00.09 | Remaining:00:00.83 | Mem:18.13M, Peak:18.13M | Scene, ViewLayer | Sample 1/24
Fra:1 Mem:34.54M (Peak 39.54M) | Time:00:00.74 | Mem:18.13M, Peak:18.13M | Scene, ViewLayer | Sample 24/24
Fra:1 Mem:34.54M (Peak 39.54M) | Time:00:00.74 | Mem:18.13M, Peak:18.13M | Scene, ViewLayer | Finished
Saved: '/tmp/environment-v2-blender/env_spare_tire_shaded_90.png'
Time: 00:00.79 (Saving: 00:00.03)

Fra:1 Mem:13.88M (Peak 13.88M) | Time:00:00.00 | Mem:0.00M, Peak:0.00M | Scene, ViewLayer | Synchronizing object | env_spare_tire__shell_mesh
Fra:1 Mem:14.21M (Peak 14.21M) | Time:00:00.00 | Mem:0.00M, Peak:0.00M | Scene, ViewLayer | Initializing
Fra:1 Mem:13.98M (Peak 14.21M) | Time:00:00.00 | Mem:0.00M, Peak:0.00M | Scene, ViewLayer | Waiting for render to start
Fra:1 Mem:13.98M (Peak 14.21M) | Time:00:00.00 | Mem:0.00M, Peak:0.00M | Scene, ViewLayer | Loading render kernels (may take a few minutes the first time)
Fra:1 Mem:13.98M (Peak 14.21M) | Time:00:00.00 | Mem:0.00M, Peak:0.00M | Scene, ViewLayer | Updating Scene
Fra:1 Mem:13.98M (Peak 14.21M) | Time:00:00.00 | Mem:0.00M, Peak:0.00M | Scene, ViewLayer | Updating Shaders
Fra:1 Mem:14.06M (Peak 14.21M) | Time:00:00.00 | Mem:0.00M, Peak:0.00M | Scene, ViewLayer | Updating Procedurals
Fra:1 Mem:14.06M (Peak 14.21M) | Time:00:00.00 | Mem:0.00M, Peak:0.00M | Scene, ViewLayer | Updating Background
Fra:1 Mem:14.06M (Peak 14.21M) | Time:00:00.00 | Mem:0.00M, Peak:0.00M | Scene, ViewLayer | Updating Camera
Fra:1 Mem:14.06M (Peak 14.21M) | Time:00:00.00 | Mem:0.00M, Peak:0.00M | Scene, ViewLayer | Updating Meshes Flags
Fra:1 Mem:14.06M (Peak 14.21M) | Time:00:00.00 | Mem:0.00M, Peak:0.00M | Scene, ViewLayer | Updating Objects
Fra:1 Mem:14.06M (Peak 14.21M) | Time:00:00.00 | Mem:0.00M, Peak:0.00M | Scene, ViewLayer | Updating Objects | Copying Transformations to device
Fra:1 Mem:14.06M (Peak 14.21M) | Time:00:00.00 | Mem:0.00M, Peak:0.00M | Scene, ViewLayer | Updating Objects | Applying Static Transformations
Fra:1 Mem:14.06M (Peak 14.21M) | Time:00:00.00 | Mem:0.00M, Peak:0.00M | Scene, ViewLayer | Updating Particle Systems
Fra:1 Mem:14.06M (Peak 14.21M) | Time:00:00.00 | Mem:0.00M, Peak:0.00M | Scene, ViewLayer | Updating Particle Systems | Copying Particles to device
Fra:1 Mem:14.06M (Peak 14.21M) | Time:00:00.00 | Mem:0.00M, Peak:0.00M | Scene, ViewLayer | Updating Meshes
Fra:1 Mem:14.08M (Peak 14.21M) | Time:00:00.00 | Mem:0.00M, Peak:0.00M | Scene, ViewLayer | Updating Mesh | Computing attributes
Fra:1 Mem:14.23M (Peak 14.23M) | Time:00:00.00 | Mem:0.00M, Peak:0.00M | Scene, ViewLayer | Updating Mesh | Copying Attributes to device
Fra:1 Mem:14.23M (Peak 14.23M) | Time:00:00.00 | Mem:0.15M, Peak:0.15M | Scene, ViewLayer | Updating Scene BVH | Building
Fra:1 Mem:14.23M (Peak 14.23M) | Time:00:00.00 | Mem:0.15M, Peak:0.15M | Scene, ViewLayer | Updating Scene BVH | Building BVH
Fra:1 Mem:14.23M (Peak 14.23M) | Time:00:00.00 | Mem:0.19M, Peak:0.19M | Scene, ViewLayer | Updating Scene BVH | Building BVH 0%
Fra:1 Mem:14.23M (Peak 14.23M) | Time:00:00.00 | Mem:0.25M, Peak:0.29M | Scene, ViewLayer | Updating Scene BVH | Copying BVH to device
Fra:1 Mem:14.23M (Peak 14.23M) | Time:00:00.00 | Mem:0.25M, Peak:0.29M | Scene, ViewLayer | Updating Mesh | Computing normals
Fra:1 Mem:14.39M (Peak 14.39M) | Time:00:00.00 | Mem:0.25M, Peak:0.29M | Scene, ViewLayer | Updating Mesh | Copying Mesh to device
Fra:1 Mem:14.39M (Peak 14.39M) | Time:00:00.00 | Mem:0.41M, Peak:0.41M | Scene, ViewLayer | Updating Objects Flags
Fra:1 Mem:14.39M (Peak 14.39M) | Time:00:00.00 | Mem:0.41M, Peak:0.41M | Scene, ViewLayer | Updating Primitive Offsets
Fra:1 Mem:14.39M (Peak 14.39M) | Time:00:00.00 | Mem:0.41M, Peak:0.41M | Scene, ViewLayer | Updating Images
Fra:1 Mem:14.39M (Peak 14.39M) | Time:00:00.00 | Mem:0.41M, Peak:0.41M | Scene, ViewLayer | Updating Images | Loading environment_v2_albedo.png
Fra:1 Mem:18.39M (Peak 18.39M) | Time:00:00.00 | Mem:0.41M, Peak:0.41M | Scene, ViewLayer | Updating Images | Loading environment_v2_normal.png
Fra:1 Mem:22.40M (Peak 22.40M) | Time:00:00.03 | Mem:4.41M, Peak:4.41M | Scene, ViewLayer | Updating Images | Loading environment_v2_orm.png
Fra:1 Mem:26.40M (Peak 26.40M) | Time:00:00.06 | Mem:12.41M, Peak:12.41M | Scene, ViewLayer | Updating Camera Volume
Fra:1 Mem:26.40M (Peak 26.40M) | Time:00:00.06 | Mem:12.41M, Peak:12.41M | Scene, ViewLayer | Updating Lookup Tables
Fra:1 Mem:26.40M (Peak 26.40M) | Time:00:00.06 | Mem:12.49M, Peak:12.49M | Scene, ViewLayer | Updating Lights
Fra:1 Mem:26.40M (Peak 26.40M) | Time:00:00.06 | Mem:12.49M, Peak:12.49M | Scene, ViewLayer | Updating Lights | Computing tree
Fra:1 Mem:26.40M (Peak 26.40M) | Time:00:00.06 | Mem:12.49M, Peak:12.49M | Scene, ViewLayer | Updating Integrator
Fra:1 Mem:26.40M (Peak 26.40M) | Time:00:00.06 | Mem:12.49M, Peak:12.49M | Scene, ViewLayer | Updating Film
Fra:1 Mem:26.40M (Peak 26.40M) | Time:00:00.06 | Mem:12.41M, Peak:12.49M | Scene, ViewLayer | Updating Lookup Tables
Fra:1 Mem:26.40M (Peak 26.40M) | Time:00:00.06 | Mem:12.49M, Peak:12.49M | Scene, ViewLayer | Updating Baking
Fra:1 Mem:26.40M (Peak 26.40M) | Time:00:00.06 | Mem:12.49M, Peak:12.49M | Scene, ViewLayer | Updating Device | Writing constant memory
Fra:1 Mem:26.40M (Peak 26.40M) | Time:00:00.06 | Mem:12.49M, Peak:12.49M | Scene, ViewLayer | Sample 0/24
Fra:1 Mem:32.04M (Peak 32.04M) | Time:00:00.13 | Remaining:00:01.68 | Mem:18.13M, Peak:18.13M | Scene, ViewLayer | Sample 1/24
Fra:1 Mem:34.54M (Peak 39.54M) | Time:00:01.33 | Mem:18.13M, Peak:18.13M | Scene, ViewLayer | Sample 24/24
Fra:1 Mem:34.54M (Peak 39.54M) | Time:00:01.33 | Mem:18.13M, Peak:18.13M | Scene, ViewLayer | Finished
Saved: '/tmp/environment-v2-blender/env_spare_tire_shaded_180.png'
Time: 00:01.34 (Saving: 00:00.01)

Fra:1 Mem:13.82M (Peak 13.82M) | Time:00:00.00 | Mem:0.00M, Peak:0.00M | Scene, ViewLayer | Synchronizing object | env_spare_tire__shell_mesh
Fra:1 Mem:14.04M (Peak 14.04M) | Time:00:00.00 | Mem:0.00M, Peak:0.00M | Scene, ViewLayer | Initializing
Fra:1 Mem:13.83M (Peak 14.04M) | Time:00:00.00 | Mem:0.00M, Peak:0.00M | Scene, ViewLayer | Waiting for render to start
Fra:1 Mem:13.83M (Peak 14.04M) | Time:00:00.00 | Mem:0.00M, Peak:0.00M | Scene, ViewLayer | Loading render kernels (may take a few minutes the first time)
Fra:1 Mem:13.83M (Peak 14.04M) | Time:00:00.00 | Mem:0.00M, Peak:0.00M | Scene, ViewLayer | Updating Scene
Fra:1 Mem:13.83M (Peak 14.04M) | Time:00:00.00 | Mem:0.00M, Peak:0.00M | Scene, ViewLayer | Updating Shaders
Fra:1 Mem:13.91M (Peak 14.04M) | Time:00:00.00 | Mem:0.00M, Peak:0.00M | Scene, ViewLayer | Updating Procedurals
Fra:1 Mem:13.91M (Peak 14.04M) | Time:00:00.00 | Mem:0.00M, Peak:0.00M | Scene, ViewLayer | Updating Background
Fra:1 Mem:13.91M (Peak 14.04M) | Time:00:00.00 | Mem:0.00M, Peak:0.00M | Scene, ViewLayer | Updating Camera
Fra:1 Mem:13.91M (Peak 14.04M) | Time:00:00.00 | Mem:0.00M, Peak:0.00M | Scene, ViewLayer | Updating Meshes Flags
Fra:1 Mem:13.91M (Peak 14.04M) | Time:00:00.00 | Mem:0.00M, Peak:0.00M | Scene, ViewLayer | Updating Objects
Fra:1 Mem:13.91M (Peak 14.04M) | Time:00:00.00 | Mem:0.00M, Peak:0.00M | Scene, ViewLayer | Updating Objects | Copying Transformations to device
Fra:1 Mem:13.91M (Peak 14.04M) | Time:00:00.00 | Mem:0.00M, Peak:0.00M | Scene, ViewLayer | Updating Objects | Applying Static Transformations
Fra:1 Mem:13.91M (Peak 14.04M) | Time:00:00.00 | Mem:0.00M, Peak:0.00M | Scene, ViewLayer | Updating Particle Systems
Fra:1 Mem:13.91M (Peak 14.04M) | Time:00:00.00 | Mem:0.00M, Peak:0.00M | Scene, ViewLayer | Updating Particle Systems | Copying Particles to device
Fra:1 Mem:13.91M (Peak 14.04M) | Time:00:00.00 | Mem:0.00M, Peak:0.00M | Scene, ViewLayer | Updating Meshes
Fra:1 Mem:13.93M (Peak 14.04M) | Time:00:00.00 | Mem:0.00M, Peak:0.00M | Scene, ViewLayer | Updating Mesh | Computing attributes
Fra:1 Mem:13.98M (Peak 14.04M) | Time:00:00.00 | Mem:0.00M, Peak:0.00M | Scene, ViewLayer | Updating Mesh | Copying Attributes to device
Fra:1 Mem:13.98M (Peak 14.04M) | Time:00:00.00 | Mem:0.05M, Peak:0.05M | Scene, ViewLayer | Updating Scene BVH | Building
Fra:1 Mem:13.98M (Peak 14.04M) | Time:00:00.00 | Mem:0.05M, Peak:0.05M | Scene, ViewLayer | Updating Scene BVH | Building BVH
Fra:1 Mem:13.98M (Peak 14.04M) | Time:00:00.00 | Mem:0.09M, Peak:0.09M | Scene, ViewLayer | Updating Scene BVH | Building BVH 0%
Fra:1 Mem:13.98M (Peak 14.04M) | Time:00:00.00 | Mem:0.15M, Peak:0.19M | Scene, ViewLayer | Updating Scene BVH | Copying BVH to device
Fra:1 Mem:13.98M (Peak 14.04M) | Time:00:00.00 | Mem:0.15M, Peak:0.19M | Scene, ViewLayer | Updating Mesh | Computing normals
Fra:1 Mem:14.14M (Peak 14.14M) | Time:00:00.00 | Mem:0.15M, Peak:0.19M | Scene, ViewLayer | Updating Mesh | Copying Mesh to device
Fra:1 Mem:14.14M (Peak 14.14M) | Time:00:00.00 | Mem:0.31M, Peak:0.31M | Scene, ViewLayer | Updating Objects Flags
Fra:1 Mem:14.14M (Peak 14.14M) | Time:00:00.00 | Mem:0.31M, Peak:0.31M | Scene, ViewLayer | Updating Primitive Offsets
Fra:1 Mem:14.14M (Peak 14.14M) | Time:00:00.00 | Mem:0.31M, Peak:0.31M | Scene, ViewLayer | Updating Images
Fra:1 Mem:14.14M (Peak 14.14M) | Time:00:00.00 | Mem:0.31M, Peak:0.31M | Scene, ViewLayer | Updating Camera Volume
Fra:1 Mem:14.14M (Peak 14.14M) | Time:00:00.00 | Mem:0.31M, Peak:0.31M | Scene, ViewLayer | Updating Lookup Tables
Fra:1 Mem:14.14M (Peak 14.14M) | Time:00:00.00 | Mem:0.39M, Peak:0.39M | Scene, ViewLayer | Updating Lights
Fra:1 Mem:14.14M (Peak 14.14M) | Time:00:00.00 | Mem:0.39M, Peak:0.39M | Scene, ViewLayer | Updating Lights | Computing tree
Fra:1 Mem:14.14M (Peak 14.14M) | Time:00:00.00 | Mem:0.39M, Peak:0.39M | Scene, ViewLayer | Updating Integrator
Fra:1 Mem:14.14M (Peak 14.14M) | Time:00:00.00 | Mem:0.39M, Peak:0.39M | Scene, ViewLayer | Updating Film
Fra:1 Mem:14.15M (Peak 14.15M) | Time:00:00.00 | Mem:0.31M, Peak:0.39M | Scene, ViewLayer | Updating Lookup Tables
Fra:1 Mem:14.15M (Peak 14.15M) | Time:00:00.00 | Mem:0.39M, Peak:0.39M | Scene, ViewLayer | Updating Baking
Fra:1 Mem:14.15M (Peak 14.15M) | Time:00:00.00 | Mem:0.39M, Peak:0.39M | Scene, ViewLayer | Updating Device | Writing constant memory
Fra:1 Mem:14.15M (Peak 14.15M) | Time:00:00.00 | Mem:0.39M, Peak:0.39M | Scene, ViewLayer | Sample 0/24
Fra:1 Mem:19.78M (Peak 19.78M) | Time:00:00.06 | Remaining:00:01.40 | Mem:6.02M, Peak:6.02M | Scene, ViewLayer | Sample 1/24
Fra:1 Mem:22.28M (Peak 27.28M) | Time:00:01.19 | Mem:6.02M, Peak:6.02M | Scene, ViewLayer | Sample 24/24
Fra:1 Mem:22.28M (Peak 27.28M) | Time:00:01.19 | Mem:6.02M, Peak:6.02M | Scene, ViewLayer | Finished
Saved: '/tmp/environment-v2-blender/env_spare_tire_clay_0.png'
Time: 00:01.21 (Saving: 00:00.01)

Fra:1 Mem:13.82M (Peak 13.82M) | Time:00:00.00 | Mem:0.00M, Peak:0.00M | Scene, ViewLayer | Synchronizing object | env_spare_tire__shell_mesh
Fra:1 Mem:14.04M (Peak 14.04M) | Time:00:00.00 | Mem:0.00M, Peak:0.00M | Scene, ViewLayer | Initializing
Fra:1 Mem:13.83M (Peak 14.04M) | Time:00:00.00 | Mem:0.00M, Peak:0.00M | Scene, ViewLayer | Waiting for render to start
Fra:1 Mem:13.83M (Peak 14.04M) | Time:00:00.00 | Mem:0.00M, Peak:0.00M | Scene, ViewLayer | Loading render kernels (may take a few minutes the first time)
Fra:1 Mem:13.83M (Peak 14.04M) | Time:00:00.00 | Mem:0.00M, Peak:0.00M | Scene, ViewLayer | Updating Scene
Fra:1 Mem:13.83M (Peak 14.04M) | Time:00:00.00 | Mem:0.00M, Peak:0.00M | Scene, ViewLayer | Updating Shaders
Fra:1 Mem:13.91M (Peak 14.04M) | Time:00:00.00 | Mem:0.00M, Peak:0.00M | Scene, ViewLayer | Updating Procedurals
Fra:1 Mem:13.91M (Peak 14.04M) | Time:00:00.00 | Mem:0.00M, Peak:0.00M | Scene, ViewLayer | Updating Background
Fra:1 Mem:13.91M (Peak 14.04M) | Time:00:00.00 | Mem:0.00M, Peak:0.00M | Scene, ViewLayer | Updating Camera
Fra:1 Mem:13.91M (Peak 14.04M) | Time:00:00.00 | Mem:0.00M, Peak:0.00M | Scene, ViewLayer | Updating Meshes Flags
Fra:1 Mem:13.91M (Peak 14.04M) | Time:00:00.00 | Mem:0.00M, Peak:0.00M | Scene, ViewLayer | Updating Objects
Fra:1 Mem:13.91M (Peak 14.04M) | Time:00:00.00 | Mem:0.00M, Peak:0.00M | Scene, ViewLayer | Updating Objects | Copying Transformations to device
Fra:1 Mem:13.91M (Peak 14.04M) | Time:00:00.00 | Mem:0.00M, Peak:0.00M | Scene, ViewLayer | Updating Objects | Applying Static Transformations
Fra:1 Mem:13.91M (Peak 14.04M) | Time:00:00.00 | Mem:0.00M, Peak:0.00M | Scene, ViewLayer | Updating Particle Systems
Fra:1 Mem:13.91M (Peak 14.04M) | Time:00:00.00 | Mem:0.00M, Peak:0.00M | Scene, ViewLayer | Updating Particle Systems | Copying Particles to device
Fra:1 Mem:13.91M (Peak 14.04M) | Time:00:00.00 | Mem:0.00M, Peak:0.00M | Scene, ViewLayer | Updating Meshes
Fra:1 Mem:13.93M (Peak 14.04M) | Time:00:00.00 | Mem:0.00M, Peak:0.00M | Scene, ViewLayer | Updating Mesh | Computing attributes
Fra:1 Mem:13.98M (Peak 14.04M) | Time:00:00.00 | Mem:0.00M, Peak:0.00M | Scene, ViewLayer | Updating Mesh | Copying Attributes to device
Fra:1 Mem:13.98M (Peak 14.04M) | Time:00:00.00 | Mem:0.05M, Peak:0.05M | Scene, ViewLayer | Updating Scene BVH | Building
Fra:1 Mem:13.98M (Peak 14.04M) | Time:00:00.00 | Mem:0.05M, Peak:0.05M | Scene, ViewLayer | Updating Scene BVH | Building BVH
Fra:1 Mem:13.98M (Peak 14.04M) | Time:00:00.00 | Mem:0.09M, Peak:0.09M | Scene, ViewLayer | Updating Scene BVH | Building BVH 0%
Fra:1 Mem:13.98M (Peak 14.04M) | Time:00:00.00 | Mem:0.15M, Peak:0.19M | Scene, ViewLayer | Updating Scene BVH | Copying BVH to device
Fra:1 Mem:13.98M (Peak 14.04M) | Time:00:00.00 | Mem:0.15M, Peak:0.19M | Scene, ViewLayer | Updating Mesh | Computing normals
Fra:1 Mem:14.14M (Peak 14.14M) | Time:00:00.00 | Mem:0.15M, Peak:0.19M | Scene, ViewLayer | Updating Mesh | Copying Mesh to device
Fra:1 Mem:14.14M (Peak 14.14M) | Time:00:00.00 | Mem:0.31M, Peak:0.31M | Scene, ViewLayer | Updating Objects Flags
Fra:1 Mem:14.14M (Peak 14.14M) | Time:00:00.00 | Mem:0.31M, Peak:0.31M | Scene, ViewLayer | Updating Primitive Offsets
Fra:1 Mem:14.14M (Peak 14.14M) | Time:00:00.00 | Mem:0.31M, Peak:0.31M | Scene, ViewLayer | Updating Images
Fra:1 Mem:14.14M (Peak 14.14M) | Time:00:00.00 | Mem:0.31M, Peak:0.31M | Scene, ViewLayer | Updating Camera Volume
Fra:1 Mem:14.14M (Peak 14.14M) | Time:00:00.00 | Mem:0.31M, Peak:0.31M | Scene, ViewLayer | Updating Lookup Tables
Fra:1 Mem:14.14M (Peak 14.14M) | Time:00:00.00 | Mem:0.39M, Peak:0.39M | Scene, ViewLayer | Updating Lights
Fra:1 Mem:14.14M (Peak 14.14M) | Time:00:00.00 | Mem:0.39M, Peak:0.39M | Scene, ViewLayer | Updating Lights | Computing tree
Fra:1 Mem:14.14M (Peak 14.14M) | Time:00:00.00 | Mem:0.39M, Peak:0.39M | Scene, ViewLayer | Updating Integrator
Fra:1 Mem:14.14M (Peak 14.14M) | Time:00:00.00 | Mem:0.39M, Peak:0.39M | Scene, ViewLayer | Updating Film
Fra:1 Mem:14.15M (Peak 14.15M) | Time:00:00.00 | Mem:0.31M, Peak:0.39M | Scene, ViewLayer | Updating Lookup Tables
Fra:1 Mem:14.15M (Peak 14.15M) | Time:00:00.00 | Mem:0.39M, Peak:0.39M | Scene, ViewLayer | Updating Baking
Fra:1 Mem:14.15M (Peak 14.15M) | Time:00:00.00 | Mem:0.39M, Peak:0.39M | Scene, ViewLayer | Updating Device | Writing constant memory
Fra:1 Mem:14.15M (Peak 14.15M) | Time:00:00.00 | Mem:0.39M, Peak:0.39M | Scene, ViewLayer | Sample 0/24
Fra:1 Mem:19.78M (Peak 19.78M) | Time:00:00.04 | Remaining:00:00.85 | Mem:6.02M, Peak:6.02M | Scene, ViewLayer | Sample 1/24
Fra:1 Mem:22.28M (Peak 27.28M) | Time:00:00.72 | Mem:6.02M, Peak:6.02M | Scene, ViewLayer | Sample 24/24
Fra:1 Mem:22.28M (Peak 27.28M) | Time:00:00.72 | Mem:6.02M, Peak:6.02M | Scene, ViewLayer | Finished
Saved: '/tmp/environment-v2-blender/env_spare_tire_clay_90.png'
Time: 00:00.74 (Saving: 00:00.01)

Fra:1 Mem:13.82M (Peak 13.82M) | Time:00:00.00 | Mem:0.00M, Peak:0.00M | Scene, ViewLayer | Synchronizing object | env_spare_tire__shell_mesh
Fra:1 Mem:14.04M (Peak 14.04M) | Time:00:00.00 | Mem:0.00M, Peak:0.00M | Scene, ViewLayer | Initializing
Fra:1 Mem:13.83M (Peak 14.04M) | Time:00:00.00 | Mem:0.00M, Peak:0.00M | Scene, ViewLayer | Waiting for render to start
Fra:1 Mem:13.83M (Peak 14.04M) | Time:00:00.00 | Mem:0.00M, Peak:0.00M | Scene, ViewLayer | Loading render kernels (may take a few minutes the first time)
Fra:1 Mem:13.83M (Peak 14.04M) | Time:00:00.00 | Mem:0.00M, Peak:0.00M | Scene, ViewLayer | Updating Scene
Fra:1 Mem:13.83M (Peak 14.04M) | Time:00:00.00 | Mem:0.00M, Peak:0.00M | Scene, ViewLayer | Updating Shaders
Fra:1 Mem:13.91M (Peak 14.04M) | Time:00:00.00 | Mem:0.00M, Peak:0.00M | Scene, ViewLayer | Updating Procedurals
Fra:1 Mem:13.91M (Peak 14.04M) | Time:00:00.00 | Mem:0.00M, Peak:0.00M | Scene, ViewLayer | Updating Background
Fra:1 Mem:13.91M (Peak 14.04M) | Time:00:00.00 | Mem:0.00M, Peak:0.00M | Scene, ViewLayer | Updating Camera
Fra:1 Mem:13.91M (Peak 14.04M) | Time:00:00.00 | Mem:0.00M, Peak:0.00M | Scene, ViewLayer | Updating Meshes Flags
Fra:1 Mem:13.91M (Peak 14.04M) | Time:00:00.00 | Mem:0.00M, Peak:0.00M | Scene, ViewLayer | Updating Objects
Fra:1 Mem:13.91M (Peak 14.04M) | Time:00:00.00 | Mem:0.00M, Peak:0.00M | Scene, ViewLayer | Updating Objects | Copying Transformations to device
Fra:1 Mem:13.91M (Peak 14.04M) | Time:00:00.00 | Mem:0.00M, Peak:0.00M | Scene, ViewLayer | Updating Objects | Applying Static Transformations
Fra:1 Mem:13.91M (Peak 14.04M) | Time:00:00.00 | Mem:0.00M, Peak:0.00M | Scene, ViewLayer | Updating Particle Systems
Fra:1 Mem:13.91M (Peak 14.04M) | Time:00:00.00 | Mem:0.00M, Peak:0.00M | Scene, ViewLayer | Updating Particle Systems | Copying Particles to device
Fra:1 Mem:13.91M (Peak 14.04M) | Time:00:00.00 | Mem:0.00M, Peak:0.00M | Scene, ViewLayer | Updating Meshes
Fra:1 Mem:13.93M (Peak 14.04M) | Time:00:00.00 | Mem:0.00M, Peak:0.00M | Scene, ViewLayer | Updating Mesh | Computing attributes
Fra:1 Mem:13.98M (Peak 14.04M) | Time:00:00.00 | Mem:0.00M, Peak:0.00M | Scene, ViewLayer | Updating Mesh | Copying Attributes to device
Fra:1 Mem:13.98M (Peak 14.04M) | Time:00:00.00 | Mem:0.05M, Peak:0.05M | Scene, ViewLayer | Updating Scene BVH | Building
Fra:1 Mem:13.98M (Peak 14.04M) | Time:00:00.00 | Mem:0.05M, Peak:0.05M | Scene, ViewLayer | Updating Scene BVH | Building BVH
Fra:1 Mem:13.98M (Peak 14.04M) | Time:00:00.00 | Mem:0.09M, Peak:0.09M | Scene, ViewLayer | Updating Scene BVH | Building BVH 0%
Fra:1 Mem:13.98M (Peak 14.04M) | Time:00:00.00 | Mem:0.15M, Peak:0.19M | Scene, ViewLayer | Updating Scene BVH | Copying BVH to device
Fra:1 Mem:13.98M (Peak 14.04M) | Time:00:00.00 | Mem:0.15M, Peak:0.19M | Scene, ViewLayer | Updating Mesh | Computing normals
Fra:1 Mem:14.14M (Peak 14.14M) | Time:00:00.00 | Mem:0.15M, Peak:0.19M | Scene, ViewLayer | Updating Mesh | Copying Mesh to device
Fra:1 Mem:14.14M (Peak 14.14M) | Time:00:00.00 | Mem:0.31M, Peak:0.31M | Scene, ViewLayer | Updating Objects Flags
Fra:1 Mem:14.14M (Peak 14.14M) | Time:00:00.00 | Mem:0.31M, Peak:0.31M | Scene, ViewLayer | Updating Primitive Offsets
Fra:1 Mem:14.14M (Peak 14.14M) | Time:00:00.00 | Mem:0.31M, Peak:0.31M | Scene, ViewLayer | Updating Images
Fra:1 Mem:14.14M (Peak 14.14M) | Time:00:00.00 | Mem:0.31M, Peak:0.31M | Scene, ViewLayer | Updating Camera Volume
Fra:1 Mem:14.14M (Peak 14.14M) | Time:00:00.00 | Mem:0.31M, Peak:0.31M | Scene, ViewLayer | Updating Lookup Tables
Fra:1 Mem:14.14M (Peak 14.14M) | Time:00:00.00 | Mem:0.39M, Peak:0.39M | Scene, ViewLayer | Updating Lights
Fra:1 Mem:14.14M (Peak 14.14M) | Time:00:00.00 | Mem:0.39M, Peak:0.39M | Scene, ViewLayer | Updating Lights | Computing tree
Fra:1 Mem:14.14M (Peak 14.14M) | Time:00:00.00 | Mem:0.39M, Peak:0.39M | Scene, ViewLayer | Updating Integrator
Fra:1 Mem:14.14M (Peak 14.14M) | Time:00:00.00 | Mem:0.39M, Peak:0.39M | Scene, ViewLayer | Updating Film
Fra:1 Mem:14.15M (Peak 14.15M) | Time:00:00.00 | Mem:0.31M, Peak:0.39M | Scene, ViewLayer | Updating Lookup Tables
Fra:1 Mem:14.15M (Peak 14.15M) | Time:00:00.00 | Mem:0.39M, Peak:0.39M | Scene, ViewLayer | Updating Baking
Fra:1 Mem:14.15M (Peak 14.15M) | Time:00:00.00 | Mem:0.39M, Peak:0.39M | Scene, ViewLayer | Updating Device | Writing constant memory
Fra:1 Mem:14.15M (Peak 14.15M) | Time:00:00.00 | Mem:0.39M, Peak:0.39M | Scene, ViewLayer | Sample 0/24
Fra:1 Mem:19.78M (Peak 19.78M) | Time:00:00.05 | Remaining:00:01.27 | Mem:6.02M, Peak:6.02M | Scene, ViewLayer | Sample 1/24
Fra:1 Mem:22.28M (Peak 27.28M) | Time:00:01.27 | Mem:6.02M, Peak:6.02M | Scene, ViewLayer | Sample 24/24
Fra:1 Mem:22.28M (Peak 27.28M) | Time:00:01.27 | Mem:6.02M, Peak:6.02M | Scene, ViewLayer | Finished
Saved: '/tmp/environment-v2-blender/env_spare_tire_clay_180.png'
Time: 00:01.30 (Saving: 00:00.02)

BLENDER_STUDY env_spare_tire
16:55:14 | INFO: Data are loaded, start creating Blender stuff
16:55:14 | INFO: Blender create Mesh node coopered_stave
16:55:14 | INFO: glTF import finished in 0.01s
Fra:1 Mem:14.23M (Peak 14.23M) | Time:00:00.00 | Mem:0.00M, Peak:0.00M | Scene, ViewLayer | Synchronizing object | env_wooden_barrel__shell_mesh
Fra:1 Mem:14.74M (Peak 14.74M) | Time:00:00.00 | Mem:0.00M, Peak:0.00M | Scene, ViewLayer | Initializing
Fra:1 Mem:14.50M (Peak 14.74M) | Time:00:00.00 | Mem:0.00M, Peak:0.00M | Scene, ViewLayer | Waiting for render to start
Fra:1 Mem:14.50M (Peak 14.74M) | Time:00:00.00 | Mem:0.00M, Peak:0.00M | Scene, ViewLayer | Loading render kernels (may take a few minutes the first time)
Fra:1 Mem:14.50M (Peak 14.74M) | Time:00:00.00 | Mem:0.00M, Peak:0.00M | Scene, ViewLayer | Updating Scene
Fra:1 Mem:14.50M (Peak 14.74M) | Time:00:00.00 | Mem:0.00M, Peak:0.00M | Scene, ViewLayer | Updating Shaders
Fra:1 Mem:14.58M (Peak 14.74M) | Time:00:00.00 | Mem:0.00M, Peak:0.00M | Scene, ViewLayer | Updating Procedurals
Fra:1 Mem:14.58M (Peak 14.74M) | Time:00:00.00 | Mem:0.00M, Peak:0.00M | Scene, ViewLayer | Updating Background
Fra:1 Mem:14.58M (Peak 14.74M) | Time:00:00.00 | Mem:0.00M, Peak:0.00M | Scene, ViewLayer | Updating Camera
Fra:1 Mem:14.58M (Peak 14.74M) | Time:00:00.00 | Mem:0.00M, Peak:0.00M | Scene, ViewLayer | Updating Meshes Flags
Fra:1 Mem:14.58M (Peak 14.74M) | Time:00:00.00 | Mem:0.00M, Peak:0.00M | Scene, ViewLayer | Updating Objects
Fra:1 Mem:14.58M (Peak 14.74M) | Time:00:00.00 | Mem:0.00M, Peak:0.00M | Scene, ViewLayer | Updating Objects | Copying Transformations to device
Fra:1 Mem:14.58M (Peak 14.74M) | Time:00:00.00 | Mem:0.00M, Peak:0.00M | Scene, ViewLayer | Updating Objects | Applying Static Transformations
Fra:1 Mem:14.58M (Peak 14.74M) | Time:00:00.00 | Mem:0.00M, Peak:0.00M | Scene, ViewLayer | Updating Particle Systems
Fra:1 Mem:14.58M (Peak 14.74M) | Time:00:00.00 | Mem:0.00M, Peak:0.00M | Scene, ViewLayer | Updating Particle Systems | Copying Particles to device
Fra:1 Mem:14.58M (Peak 14.74M) | Time:00:00.00 | Mem:0.00M, Peak:0.00M | Scene, ViewLayer | Updating Meshes
Fra:1 Mem:14.61M (Peak 14.74M) | Time:00:00.00 | Mem:0.00M, Peak:0.00M | Scene, ViewLayer | Updating Mesh | Computing attributes
Fra:1 Mem:14.81M (Peak 14.81M) | Time:00:00.00 | Mem:0.00M, Peak:0.00M | Scene, ViewLayer | Updating Mesh | Copying Attributes to device
Fra:1 Mem:14.81M (Peak 14.81M) | Time:00:00.00 | Mem:0.20M, Peak:0.20M | Scene, ViewLayer | Updating Scene BVH | Building
Fra:1 Mem:14.81M (Peak 14.81M) | Time:00:00.00 | Mem:0.20M, Peak:0.20M | Scene, ViewLayer | Updating Scene BVH | Building BVH
Fra:1 Mem:14.81M (Peak 14.81M) | Time:00:00.00 | Mem:0.26M, Peak:0.26M | Scene, ViewLayer | Updating Scene BVH | Building BVH 0%
Fra:1 Mem:14.81M (Peak 14.81M) | Time:00:00.00 | Mem:0.33M, Peak:0.39M | Scene, ViewLayer | Updating Scene BVH | Copying BVH to device
Fra:1 Mem:14.81M (Peak 14.81M) | Time:00:00.00 | Mem:0.33M, Peak:0.39M | Scene, ViewLayer | Updating Mesh | Computing normals
Fra:1 Mem:15.03M (Peak 15.03M) | Time:00:00.00 | Mem:0.33M, Peak:0.39M | Scene, ViewLayer | Updating Mesh | Copying Mesh to device
Fra:1 Mem:15.03M (Peak 15.03M) | Time:00:00.00 | Mem:0.55M, Peak:0.55M | Scene, ViewLayer | Updating Objects Flags
Fra:1 Mem:15.03M (Peak 15.03M) | Time:00:00.00 | Mem:0.55M, Peak:0.55M | Scene, ViewLayer | Updating Primitive Offsets
Fra:1 Mem:15.03M (Peak 15.03M) | Time:00:00.00 | Mem:0.55M, Peak:0.55M | Scene, ViewLayer | Updating Images
Fra:1 Mem:15.03M (Peak 15.03M) | Time:00:00.00 | Mem:0.55M, Peak:0.55M | Scene, ViewLayer | Updating Images | Loading environment_v2_normal.png
Fra:1 Mem:19.03M (Peak 19.03M) | Time:00:00.00 | Mem:0.55M, Peak:0.55M | Scene, ViewLayer | Updating Images | Loading environment_v2_albedo.png
Fra:1 Mem:23.04M (Peak 23.04M) | Time:00:00.03 | Mem:4.55M, Peak:4.55M | Scene, ViewLayer | Updating Images | Loading environment_v2_orm.png
Fra:1 Mem:27.04M (Peak 27.04M) | Time:00:00.06 | Mem:12.55M, Peak:12.55M | Scene, ViewLayer | Updating Camera Volume
Fra:1 Mem:27.04M (Peak 27.04M) | Time:00:00.06 | Mem:12.55M, Peak:12.55M | Scene, ViewLayer | Updating Lookup Tables
Fra:1 Mem:27.04M (Peak 27.04M) | Time:00:00.06 | Mem:12.63M, Peak:12.63M | Scene, ViewLayer | Updating Lights
Fra:1 Mem:27.04M (Peak 27.04M) | Time:00:00.06 | Mem:12.63M, Peak:12.63M | Scene, ViewLayer | Updating Lights | Computing tree
Fra:1 Mem:27.04M (Peak 27.04M) | Time:00:00.06 | Mem:12.63M, Peak:12.63M | Scene, ViewLayer | Updating Integrator
Fra:1 Mem:27.04M (Peak 27.04M) | Time:00:00.06 | Mem:12.63M, Peak:12.63M | Scene, ViewLayer | Updating Film
Fra:1 Mem:27.04M (Peak 27.04M) | Time:00:00.06 | Mem:12.55M, Peak:12.63M | Scene, ViewLayer | Updating Lookup Tables
Fra:1 Mem:27.04M (Peak 27.04M) | Time:00:00.06 | Mem:12.63M, Peak:12.63M | Scene, ViewLayer | Updating Baking
Fra:1 Mem:27.04M (Peak 27.04M) | Time:00:00.06 | Mem:12.63M, Peak:12.63M | Scene, ViewLayer | Updating Device | Writing constant memory
Fra:1 Mem:27.04M (Peak 27.04M) | Time:00:00.06 | Mem:12.63M, Peak:12.63M | Scene, ViewLayer | Sample 0/24
Fra:1 Mem:32.68M (Peak 32.68M) | Time:00:00.12 | Remaining:00:01.42 | Mem:18.27M, Peak:18.27M | Scene, ViewLayer | Sample 1/24
Fra:1 Mem:35.18M (Peak 40.18M) | Time:00:01.35 | Mem:18.27M, Peak:18.27M | Scene, ViewLayer | Sample 24/24
Fra:1 Mem:35.18M (Peak 40.18M) | Time:00:01.35 | Mem:18.27M, Peak:18.27M | Scene, ViewLayer | Finished
Saved: '/tmp/environment-v2-blender/env_wooden_barrel_shaded_0.png'
Time: 00:01.37 (Saving: 00:00.01)

Fra:1 Mem:14.28M (Peak 14.28M) | Time:00:00.00 | Mem:0.00M, Peak:0.00M | Scene, ViewLayer | Synchronizing object | env_wooden_barrel__shell_mesh
Fra:1 Mem:14.74M (Peak 14.74M) | Time:00:00.00 | Mem:0.00M, Peak:0.00M | Scene, ViewLayer | Initializing
Fra:1 Mem:14.50M (Peak 14.74M) | Time:00:00.00 | Mem:0.00M, Peak:0.00M | Scene, ViewLayer | Waiting for render to start
Fra:1 Mem:14.50M (Peak 14.74M) | Time:00:00.00 | Mem:0.00M, Peak:0.00M | Scene, ViewLayer | Loading render kernels (may take a few minutes the first time)
Fra:1 Mem:14.50M (Peak 14.74M) | Time:00:00.00 | Mem:0.00M, Peak:0.00M | Scene, ViewLayer | Updating Scene
Fra:1 Mem:14.50M (Peak 14.74M) | Time:00:00.00 | Mem:0.00M, Peak:0.00M | Scene, ViewLayer | Updating Shaders
Fra:1 Mem:14.58M (Peak 14.74M) | Time:00:00.00 | Mem:0.00M, Peak:0.00M | Scene, ViewLayer | Updating Procedurals
Fra:1 Mem:14.58M (Peak 14.74M) | Time:00:00.00 | Mem:0.00M, Peak:0.00M | Scene, ViewLayer | Updating Background
Fra:1 Mem:14.58M (Peak 14.74M) | Time:00:00.00 | Mem:0.00M, Peak:0.00M | Scene, ViewLayer | Updating Camera
Fra:1 Mem:14.58M (Peak 14.74M) | Time:00:00.00 | Mem:0.00M, Peak:0.00M | Scene, ViewLayer | Updating Meshes Flags
Fra:1 Mem:14.58M (Peak 14.74M) | Time:00:00.00 | Mem:0.00M, Peak:0.00M | Scene, ViewLayer | Updating Objects
Fra:1 Mem:14.58M (Peak 14.74M) | Time:00:00.00 | Mem:0.00M, Peak:0.00M | Scene, ViewLayer | Updating Objects | Copying Transformations to device
Fra:1 Mem:14.58M (Peak 14.74M) | Time:00:00.00 | Mem:0.00M, Peak:0.00M | Scene, ViewLayer | Updating Objects | Applying Static Transformations
Fra:1 Mem:14.58M (Peak 14.74M) | Time:00:00.00 | Mem:0.00M, Peak:0.00M | Scene, ViewLayer | Updating Particle Systems
Fra:1 Mem:14.58M (Peak 14.74M) | Time:00:00.00 | Mem:0.00M, Peak:0.00M | Scene, ViewLayer | Updating Particle Systems | Copying Particles to device
Fra:1 Mem:14.58M (Peak 14.74M) | Time:00:00.00 | Mem:0.00M, Peak:0.00M | Scene, ViewLayer | Updating Meshes
Fra:1 Mem:14.61M (Peak 14.74M) | Time:00:00.00 | Mem:0.00M, Peak:0.00M | Scene, ViewLayer | Updating Mesh | Computing attributes
Fra:1 Mem:14.81M (Peak 14.81M) | Time:00:00.00 | Mem:0.00M, Peak:0.00M | Scene, ViewLayer | Updating Mesh | Copying Attributes to device
Fra:1 Mem:14.81M (Peak 14.81M) | Time:00:00.00 | Mem:0.20M, Peak:0.20M | Scene, ViewLayer | Updating Scene BVH | Building
Fra:1 Mem:14.81M (Peak 14.81M) | Time:00:00.00 | Mem:0.20M, Peak:0.20M | Scene, ViewLayer | Updating Scene BVH | Building BVH
Fra:1 Mem:14.81M (Peak 14.81M) | Time:00:00.00 | Mem:0.26M, Peak:0.26M | Scene, ViewLayer | Updating Scene BVH | Building BVH 0%
Fra:1 Mem:14.81M (Peak 14.81M) | Time:00:00.00 | Mem:0.33M, Peak:0.39M | Scene, ViewLayer | Updating Scene BVH | Copying BVH to device
Fra:1 Mem:14.81M (Peak 14.81M) | Time:00:00.00 | Mem:0.33M, Peak:0.39M | Scene, ViewLayer | Updating Mesh | Computing normals
Fra:1 Mem:15.03M (Peak 15.03M) | Time:00:00.00 | Mem:0.33M, Peak:0.39M | Scene, ViewLayer | Updating Mesh | Copying Mesh to device
Fra:1 Mem:15.03M (Peak 15.03M) | Time:00:00.00 | Mem:0.55M, Peak:0.55M | Scene, ViewLayer | Updating Objects Flags
Fra:1 Mem:15.03M (Peak 15.03M) | Time:00:00.00 | Mem:0.55M, Peak:0.55M | Scene, ViewLayer | Updating Primitive Offsets
Fra:1 Mem:15.03M (Peak 15.03M) | Time:00:00.00 | Mem:0.55M, Peak:0.55M | Scene, ViewLayer | Updating Images
Fra:1 Mem:15.03M (Peak 15.03M) | Time:00:00.00 | Mem:0.55M, Peak:0.55M | Scene, ViewLayer | Updating Images | Loading environment_v2_normal.png
Fra:1 Mem:19.03M (Peak 19.03M) | Time:00:00.00 | Mem:0.55M, Peak:0.55M | Scene, ViewLayer | Updating Images | Loading environment_v2_albedo.png
Fra:1 Mem:23.04M (Peak 23.04M) | Time:00:00.03 | Mem:4.55M, Peak:4.55M | Scene, ViewLayer | Updating Images | Loading environment_v2_orm.png
Fra:1 Mem:27.04M (Peak 27.04M) | Time:00:00.05 | Mem:12.55M, Peak:12.55M | Scene, ViewLayer | Updating Camera Volume
Fra:1 Mem:27.04M (Peak 27.04M) | Time:00:00.05 | Mem:12.55M, Peak:12.55M | Scene, ViewLayer | Updating Lookup Tables
Fra:1 Mem:27.04M (Peak 27.04M) | Time:00:00.05 | Mem:12.63M, Peak:12.63M | Scene, ViewLayer | Updating Lights
Fra:1 Mem:27.04M (Peak 27.04M) | Time:00:00.05 | Mem:12.63M, Peak:12.63M | Scene, ViewLayer | Updating Lights | Computing tree
Fra:1 Mem:27.04M (Peak 27.04M) | Time:00:00.05 | Mem:12.63M, Peak:12.63M | Scene, ViewLayer | Updating Integrator
Fra:1 Mem:27.04M (Peak 27.04M) | Time:00:00.05 | Mem:12.63M, Peak:12.63M | Scene, ViewLayer | Updating Film
Fra:1 Mem:27.04M (Peak 27.04M) | Time:00:00.05 | Mem:12.55M, Peak:12.63M | Scene, ViewLayer | Updating Lookup Tables
Fra:1 Mem:27.04M (Peak 27.04M) | Time:00:00.05 | Mem:12.63M, Peak:12.63M | Scene, ViewLayer | Updating Baking
Fra:1 Mem:27.04M (Peak 27.04M) | Time:00:00.05 | Mem:12.63M, Peak:12.63M | Scene, ViewLayer | Updating Device | Writing constant memory
Fra:1 Mem:27.04M (Peak 27.04M) | Time:00:00.05 | Mem:12.63M, Peak:12.63M | Scene, ViewLayer | Sample 0/24
Fra:1 Mem:32.68M (Peak 32.68M) | Time:00:00.11 | Remaining:00:01.40 | Mem:18.27M, Peak:18.27M | Scene, ViewLayer | Sample 1/24
Fra:1 Mem:35.18M (Peak 40.18M) | Time:00:01.28 | Mem:18.27M, Peak:18.27M | Scene, ViewLayer | Sample 24/24
Fra:1 Mem:35.18M (Peak 40.18M) | Time:00:01.28 | Mem:18.27M, Peak:18.27M | Scene, ViewLayer | Finished
Saved: '/tmp/environment-v2-blender/env_wooden_barrel_shaded_90.png'
Time: 00:01.30 (Saving: 00:00.02)

Fra:1 Mem:14.28M (Peak 14.28M) | Time:00:00.00 | Mem:0.00M, Peak:0.00M | Scene, ViewLayer | Synchronizing object | env_wooden_barrel__shell_mesh
Fra:1 Mem:14.74M (Peak 14.74M) | Time:00:00.00 | Mem:0.00M, Peak:0.00M | Scene, ViewLayer | Initializing
Fra:1 Mem:14.50M (Peak 14.74M) | Time:00:00.00 | Mem:0.00M, Peak:0.00M | Scene, ViewLayer | Waiting for render to start
Fra:1 Mem:14.50M (Peak 14.74M) | Time:00:00.00 | Mem:0.00M, Peak:0.00M | Scene, ViewLayer | Loading render kernels (may take a few minutes the first time)
Fra:1 Mem:14.50M (Peak 14.74M) | Time:00:00.00 | Mem:0.00M, Peak:0.00M | Scene, ViewLayer | Updating Scene
Fra:1 Mem:14.50M (Peak 14.74M) | Time:00:00.00 | Mem:0.00M, Peak:0.00M | Scene, ViewLayer | Updating Shaders
Fra:1 Mem:14.58M (Peak 14.74M) | Time:00:00.00 | Mem:0.00M, Peak:0.00M | Scene, ViewLayer | Updating Procedurals
Fra:1 Mem:14.58M (Peak 14.74M) | Time:00:00.00 | Mem:0.00M, Peak:0.00M | Scene, ViewLayer | Updating Background
Fra:1 Mem:14.58M (Peak 14.74M) | Time:00:00.00 | Mem:0.00M, Peak:0.00M | Scene, ViewLayer | Updating Camera
Fra:1 Mem:14.58M (Peak 14.74M) | Time:00:00.00 | Mem:0.00M, Peak:0.00M | Scene, ViewLayer | Updating Meshes Flags
Fra:1 Mem:14.58M (Peak 14.74M) | Time:00:00.00 | Mem:0.00M, Peak:0.00M | Scene, ViewLayer | Updating Objects
Fra:1 Mem:14.58M (Peak 14.74M) | Time:00:00.00 | Mem:0.00M, Peak:0.00M | Scene, ViewLayer | Updating Objects | Copying Transformations to device
Fra:1 Mem:14.58M (Peak 14.74M) | Time:00:00.00 | Mem:0.00M, Peak:0.00M | Scene, ViewLayer | Updating Objects | Applying Static Transformations
Fra:1 Mem:14.58M (Peak 14.74M) | Time:00:00.00 | Mem:0.00M, Peak:0.00M | Scene, ViewLayer | Updating Particle Systems
Fra:1 Mem:14.58M (Peak 14.74M) | Time:00:00.00 | Mem:0.00M, Peak:0.00M | Scene, ViewLayer | Updating Particle Systems | Copying Particles to device
Fra:1 Mem:14.58M (Peak 14.74M) | Time:00:00.00 | Mem:0.00M, Peak:0.00M | Scene, ViewLayer | Updating Meshes
Fra:1 Mem:14.61M (Peak 14.74M) | Time:00:00.00 | Mem:0.00M, Peak:0.00M | Scene, ViewLayer | Updating Mesh | Computing attributes
Fra:1 Mem:14.81M (Peak 14.81M) | Time:00:00.00 | Mem:0.00M, Peak:0.00M | Scene, ViewLayer | Updating Mesh | Copying Attributes to device
Fra:1 Mem:14.81M (Peak 14.81M) | Time:00:00.00 | Mem:0.20M, Peak:0.20M | Scene, ViewLayer | Updating Scene BVH | Building
Fra:1 Mem:14.81M (Peak 14.81M) | Time:00:00.00 | Mem:0.20M, Peak:0.20M | Scene, ViewLayer | Updating Scene BVH | Building BVH
Fra:1 Mem:14.81M (Peak 14.81M) | Time:00:00.00 | Mem:0.26M, Peak:0.26M | Scene, ViewLayer | Updating Scene BVH | Building BVH 0%
Fra:1 Mem:14.81M (Peak 14.81M) | Time:00:00.00 | Mem:0.33M, Peak:0.39M | Scene, ViewLayer | Updating Scene BVH | Copying BVH to device
Fra:1 Mem:14.81M (Peak 14.81M) | Time:00:00.00 | Mem:0.33M, Peak:0.39M | Scene, ViewLayer | Updating Mesh | Computing normals
Fra:1 Mem:15.03M (Peak 15.03M) | Time:00:00.00 | Mem:0.33M, Peak:0.39M | Scene, ViewLayer | Updating Mesh | Copying Mesh to device
Fra:1 Mem:15.03M (Peak 15.03M) | Time:00:00.00 | Mem:0.55M, Peak:0.55M | Scene, ViewLayer | Updating Objects Flags
Fra:1 Mem:15.03M (Peak 15.03M) | Time:00:00.00 | Mem:0.55M, Peak:0.55M | Scene, ViewLayer | Updating Primitive Offsets
Fra:1 Mem:15.03M (Peak 15.03M) | Time:00:00.00 | Mem:0.55M, Peak:0.55M | Scene, ViewLayer | Updating Images
Fra:1 Mem:15.03M (Peak 15.03M) | Time:00:00.00 | Mem:0.55M, Peak:0.55M | Scene, ViewLayer | Updating Images | Loading environment_v2_normal.png
Fra:1 Mem:19.03M (Peak 19.03M) | Time:00:00.00 | Mem:0.55M, Peak:0.55M | Scene, ViewLayer | Updating Images | Loading environment_v2_albedo.png
Fra:1 Mem:23.04M (Peak 23.04M) | Time:00:00.04 | Mem:4.55M, Peak:4.55M | Scene, ViewLayer | Updating Images | Loading environment_v2_orm.png
Fra:1 Mem:27.04M (Peak 27.04M) | Time:00:00.09 | Mem:12.55M, Peak:12.55M | Scene, ViewLayer | Updating Camera Volume
Fra:1 Mem:27.04M (Peak 27.04M) | Time:00:00.09 | Mem:12.55M, Peak:12.55M | Scene, ViewLayer | Updating Lookup Tables
Fra:1 Mem:27.04M (Peak 27.04M) | Time:00:00.09 | Mem:12.63M, Peak:12.63M | Scene, ViewLayer | Updating Lights
Fra:1 Mem:27.04M (Peak 27.04M) | Time:00:00.09 | Mem:12.63M, Peak:12.63M | Scene, ViewLayer | Updating Lights | Computing tree
Fra:1 Mem:27.04M (Peak 27.04M) | Time:00:00.09 | Mem:12.63M, Peak:12.63M | Scene, ViewLayer | Updating Integrator
Fra:1 Mem:27.04M (Peak 27.04M) | Time:00:00.09 | Mem:12.63M, Peak:12.63M | Scene, ViewLayer | Updating Film
Fra:1 Mem:27.04M (Peak 27.04M) | Time:00:00.09 | Mem:12.55M, Peak:12.63M | Scene, ViewLayer | Updating Lookup Tables
Fra:1 Mem:27.04M (Peak 27.04M) | Time:00:00.09 | Mem:12.63M, Peak:12.63M | Scene, ViewLayer | Updating Baking
Fra:1 Mem:27.04M (Peak 27.04M) | Time:00:00.09 | Mem:12.63M, Peak:12.63M | Scene, ViewLayer | Updating Device | Writing constant memory
Fra:1 Mem:27.04M (Peak 27.04M) | Time:00:00.09 | Mem:12.63M, Peak:12.63M | Scene, ViewLayer | Sample 0/24
Fra:1 Mem:32.68M (Peak 32.68M) | Time:00:00.18 | Remaining:00:02.10 | Mem:18.27M, Peak:18.27M | Scene, ViewLayer | Sample 1/24
Fra:1 Mem:35.18M (Peak 40.18M) | Time:00:01.46 | Mem:18.27M, Peak:18.27M | Scene, ViewLayer | Sample 24/24
Fra:1 Mem:35.18M (Peak 40.18M) | Time:00:01.46 | Mem:18.27M, Peak:18.27M | Scene, ViewLayer | Finished
Saved: '/tmp/environment-v2-blender/env_wooden_barrel_shaded_180.png'
Time: 00:01.48 (Saving: 00:00.01)

Fra:1 Mem:14.22M (Peak 14.22M) | Time:00:00.00 | Mem:0.00M, Peak:0.00M | Scene, ViewLayer | Synchronizing object | env_wooden_barrel__shell_mesh
Fra:1 Mem:14.52M (Peak 14.52M) | Time:00:00.00 | Mem:0.00M, Peak:0.00M | Scene, ViewLayer | Initializing
Fra:1 Mem:14.31M (Peak 14.52M) | Time:00:00.00 | Mem:0.00M, Peak:0.00M | Scene, ViewLayer | Waiting for render to start
Fra:1 Mem:14.31M (Peak 14.52M) | Time:00:00.00 | Mem:0.00M, Peak:0.00M | Scene, ViewLayer | Loading render kernels (may take a few minutes the first time)
Fra:1 Mem:14.31M (Peak 14.52M) | Time:00:00.00 | Mem:0.00M, Peak:0.00M | Scene, ViewLayer | Updating Scene
Fra:1 Mem:14.31M (Peak 14.52M) | Time:00:00.00 | Mem:0.00M, Peak:0.00M | Scene, ViewLayer | Updating Shaders
Fra:1 Mem:14.39M (Peak 14.52M) | Time:00:00.00 | Mem:0.00M, Peak:0.00M | Scene, ViewLayer | Updating Procedurals
Fra:1 Mem:14.39M (Peak 14.52M) | Time:00:00.00 | Mem:0.00M, Peak:0.00M | Scene, ViewLayer | Updating Background
Fra:1 Mem:14.39M (Peak 14.52M) | Time:00:00.00 | Mem:0.00M, Peak:0.00M | Scene, ViewLayer | Updating Camera
Fra:1 Mem:14.39M (Peak 14.52M) | Time:00:00.00 | Mem:0.00M, Peak:0.00M | Scene, ViewLayer | Updating Meshes Flags
Fra:1 Mem:14.39M (Peak 14.52M) | Time:00:00.00 | Mem:0.00M, Peak:0.00M | Scene, ViewLayer | Updating Objects
Fra:1 Mem:14.39M (Peak 14.52M) | Time:00:00.00 | Mem:0.00M, Peak:0.00M | Scene, ViewLayer | Updating Objects | Copying Transformations to device
Fra:1 Mem:14.39M (Peak 14.52M) | Time:00:00.00 | Mem:0.00M, Peak:0.00M | Scene, ViewLayer | Updating Objects | Applying Static Transformations
Fra:1 Mem:14.39M (Peak 14.52M) | Time:00:00.00 | Mem:0.00M, Peak:0.00M | Scene, ViewLayer | Updating Particle Systems
Fra:1 Mem:14.39M (Peak 14.52M) | Time:00:00.00 | Mem:0.00M, Peak:0.00M | Scene, ViewLayer | Updating Particle Systems | Copying Particles to device
Fra:1 Mem:14.39M (Peak 14.52M) | Time:00:00.00 | Mem:0.00M, Peak:0.00M | Scene, ViewLayer | Updating Meshes
Fra:1 Mem:14.42M (Peak 14.52M) | Time:00:00.00 | Mem:0.00M, Peak:0.00M | Scene, ViewLayer | Updating Mesh | Computing attributes
Fra:1 Mem:14.49M (Peak 14.52M) | Time:00:00.00 | Mem:0.00M, Peak:0.00M | Scene, ViewLayer | Updating Mesh | Copying Attributes to device
Fra:1 Mem:14.49M (Peak 14.52M) | Time:00:00.00 | Mem:0.07M, Peak:0.07M | Scene, ViewLayer | Updating Scene BVH | Building
Fra:1 Mem:14.49M (Peak 14.52M) | Time:00:00.00 | Mem:0.07M, Peak:0.07M | Scene, ViewLayer | Updating Scene BVH | Building BVH
Fra:1 Mem:14.49M (Peak 14.52M) | Time:00:00.00 | Mem:0.13M, Peak:0.13M | Scene, ViewLayer | Updating Scene BVH | Building BVH 0%
Fra:1 Mem:14.49M (Peak 14.52M) | Time:00:00.00 | Mem:0.20M, Peak:0.26M | Scene, ViewLayer | Updating Scene BVH | Copying BVH to device
Fra:1 Mem:14.49M (Peak 14.52M) | Time:00:00.00 | Mem:0.20M, Peak:0.26M | Scene, ViewLayer | Updating Mesh | Computing normals
Fra:1 Mem:14.71M (Peak 14.71M) | Time:00:00.00 | Mem:0.20M, Peak:0.26M | Scene, ViewLayer | Updating Mesh | Copying Mesh to device
Fra:1 Mem:14.71M (Peak 14.71M) | Time:00:00.00 | Mem:0.41M, Peak:0.41M | Scene, ViewLayer | Updating Objects Flags
Fra:1 Mem:14.71M (Peak 14.71M) | Time:00:00.00 | Mem:0.41M, Peak:0.41M | Scene, ViewLayer | Updating Primitive Offsets
Fra:1 Mem:14.71M (Peak 14.71M) | Time:00:00.00 | Mem:0.41M, Peak:0.41M | Scene, ViewLayer | Updating Images
Fra:1 Mem:14.71M (Peak 14.71M) | Time:00:00.00 | Mem:0.41M, Peak:0.41M | Scene, ViewLayer | Updating Camera Volume
Fra:1 Mem:14.71M (Peak 14.71M) | Time:00:00.00 | Mem:0.41M, Peak:0.41M | Scene, ViewLayer | Updating Lookup Tables
Fra:1 Mem:14.71M (Peak 14.71M) | Time:00:00.00 | Mem:0.49M, Peak:0.49M | Scene, ViewLayer | Updating Lights
Fra:1 Mem:14.71M (Peak 14.71M) | Time:00:00.00 | Mem:0.49M, Peak:0.49M | Scene, ViewLayer | Updating Lights | Computing tree
Fra:1 Mem:14.71M (Peak 14.71M) | Time:00:00.00 | Mem:0.49M, Peak:0.49M | Scene, ViewLayer | Updating Integrator
Fra:1 Mem:14.71M (Peak 14.71M) | Time:00:00.00 | Mem:0.49M, Peak:0.49M | Scene, ViewLayer | Updating Film
Fra:1 Mem:14.71M (Peak 14.71M) | Time:00:00.00 | Mem:0.41M, Peak:0.49M | Scene, ViewLayer | Updating Lookup Tables
Fra:1 Mem:14.71M (Peak 14.71M) | Time:00:00.00 | Mem:0.50M, Peak:0.50M | Scene, ViewLayer | Updating Baking
Fra:1 Mem:14.71M (Peak 14.71M) | Time:00:00.00 | Mem:0.50M, Peak:0.50M | Scene, ViewLayer | Updating Device | Writing constant memory
Fra:1 Mem:14.71M (Peak 14.71M) | Time:00:00.00 | Mem:0.50M, Peak:0.50M | Scene, ViewLayer | Sample 0/24
Fra:1 Mem:20.34M (Peak 20.34M) | Time:00:00.05 | Remaining:00:01.19 | Mem:6.12M, Peak:6.12M | Scene, ViewLayer | Sample 1/24
Fra:1 Mem:22.84M (Peak 27.84M) | Time:00:01.25 | Mem:6.12M, Peak:6.12M | Scene, ViewLayer | Sample 24/24
Fra:1 Mem:22.84M (Peak 27.84M) | Time:00:01.25 | Mem:6.12M, Peak:6.12M | Scene, ViewLayer | Finished
Saved: '/tmp/environment-v2-blender/env_wooden_barrel_clay_0.png'
Time: 00:01.27 (Saving: 00:00.01)

Fra:1 Mem:14.22M (Peak 14.22M) | Time:00:00.00 | Mem:0.00M, Peak:0.00M | Scene, ViewLayer | Synchronizing object | env_wooden_barrel__shell_mesh
Fra:1 Mem:14.52M (Peak 14.52M) | Time:00:00.00 | Mem:0.00M, Peak:0.00M | Scene, ViewLayer | Initializing
Fra:1 Mem:14.31M (Peak 14.52M) | Time:00:00.00 | Mem:0.00M, Peak:0.00M | Scene, ViewLayer | Waiting for render to start
Fra:1 Mem:14.31M (Peak 14.52M) | Time:00:00.00 | Mem:0.00M, Peak:0.00M | Scene, ViewLayer | Loading render kernels (may take a few minutes the first time)
Fra:1 Mem:14.31M (Peak 14.52M) | Time:00:00.00 | Mem:0.00M, Peak:0.00M | Scene, ViewLayer | Updating Scene
Fra:1 Mem:14.31M (Peak 14.52M) | Time:00:00.00 | Mem:0.00M, Peak:0.00M | Scene, ViewLayer | Updating Shaders
Fra:1 Mem:14.39M (Peak 14.52M) | Time:00:00.00 | Mem:0.00M, Peak:0.00M | Scene, ViewLayer | Updating Procedurals
Fra:1 Mem:14.39M (Peak 14.52M) | Time:00:00.00 | Mem:0.00M, Peak:0.00M | Scene, ViewLayer | Updating Background
Fra:1 Mem:14.39M (Peak 14.52M) | Time:00:00.00 | Mem:0.00M, Peak:0.00M | Scene, ViewLayer | Updating Camera
Fra:1 Mem:14.39M (Peak 14.52M) | Time:00:00.00 | Mem:0.00M, Peak:0.00M | Scene, ViewLayer | Updating Meshes Flags
Fra:1 Mem:14.39M (Peak 14.52M) | Time:00:00.00 | Mem:0.00M, Peak:0.00M | Scene, ViewLayer | Updating Objects
Fra:1 Mem:14.39M (Peak 14.52M) | Time:00:00.00 | Mem:0.00M, Peak:0.00M | Scene, ViewLayer | Updating Objects | Copying Transformations to device
Fra:1 Mem:14.39M (Peak 14.52M) | Time:00:00.00 | Mem:0.00M, Peak:0.00M | Scene, ViewLayer | Updating Objects | Applying Static Transformations
Fra:1 Mem:14.39M (Peak 14.52M) | Time:00:00.00 | Mem:0.00M, Peak:0.00M | Scene, ViewLayer | Updating Particle Systems
Fra:1 Mem:14.39M (Peak 14.52M) | Time:00:00.00 | Mem:0.00M, Peak:0.00M | Scene, ViewLayer | Updating Particle Systems | Copying Particles to device
Fra:1 Mem:14.39M (Peak 14.52M) | Time:00:00.00 | Mem:0.00M, Peak:0.00M | Scene, ViewLayer | Updating Meshes
Fra:1 Mem:14.42M (Peak 14.52M) | Time:00:00.00 | Mem:0.00M, Peak:0.00M | Scene, ViewLayer | Updating Mesh | Computing attributes
Fra:1 Mem:14.49M (Peak 14.52M) | Time:00:00.00 | Mem:0.00M, Peak:0.00M | Scene, ViewLayer | Updating Mesh | Copying Attributes to device
Fra:1 Mem:14.49M (Peak 14.52M) | Time:00:00.00 | Mem:0.07M, Peak:0.07M | Scene, ViewLayer | Updating Scene BVH | Building
Fra:1 Mem:14.49M (Peak 14.52M) | Time:00:00.00 | Mem:0.07M, Peak:0.07M | Scene, ViewLayer | Updating Scene BVH | Building BVH
Fra:1 Mem:14.49M (Peak 14.52M) | Time:00:00.00 | Mem:0.13M, Peak:0.13M | Scene, ViewLayer | Updating Scene BVH | Building BVH 0%
Fra:1 Mem:14.49M (Peak 14.52M) | Time:00:00.00 | Mem:0.20M, Peak:0.26M | Scene, ViewLayer | Updating Scene BVH | Copying BVH to device
Fra:1 Mem:14.49M (Peak 14.52M) | Time:00:00.00 | Mem:0.20M, Peak:0.26M | Scene, ViewLayer | Updating Mesh | Computing normals
Fra:1 Mem:14.71M (Peak 14.71M) | Time:00:00.00 | Mem:0.20M, Peak:0.26M | Scene, ViewLayer | Updating Mesh | Copying Mesh to device
Fra:1 Mem:14.71M (Peak 14.71M) | Time:00:00.00 | Mem:0.41M, Peak:0.41M | Scene, ViewLayer | Updating Objects Flags
Fra:1 Mem:14.71M (Peak 14.71M) | Time:00:00.00 | Mem:0.41M, Peak:0.41M | Scene, ViewLayer | Updating Primitive Offsets
Fra:1 Mem:14.71M (Peak 14.71M) | Time:00:00.00 | Mem:0.41M, Peak:0.41M | Scene, ViewLayer | Updating Images
Fra:1 Mem:14.71M (Peak 14.71M) | Time:00:00.00 | Mem:0.41M, Peak:0.41M | Scene, ViewLayer | Updating Camera Volume
Fra:1 Mem:14.71M (Peak 14.71M) | Time:00:00.00 | Mem:0.41M, Peak:0.41M | Scene, ViewLayer | Updating Lookup Tables
Fra:1 Mem:14.71M (Peak 14.71M) | Time:00:00.00 | Mem:0.49M, Peak:0.49M | Scene, ViewLayer | Updating Lights
Fra:1 Mem:14.71M (Peak 14.71M) | Time:00:00.00 | Mem:0.49M, Peak:0.49M | Scene, ViewLayer | Updating Lights | Computing tree
Fra:1 Mem:14.71M (Peak 14.71M) | Time:00:00.00 | Mem:0.49M, Peak:0.49M | Scene, ViewLayer | Updating Integrator
Fra:1 Mem:14.71M (Peak 14.71M) | Time:00:00.00 | Mem:0.49M, Peak:0.49M | Scene, ViewLayer | Updating Film
Fra:1 Mem:14.71M (Peak 14.71M) | Time:00:00.00 | Mem:0.41M, Peak:0.49M | Scene, ViewLayer | Updating Lookup Tables
Fra:1 Mem:14.71M (Peak 14.71M) | Time:00:00.00 | Mem:0.50M, Peak:0.50M | Scene, ViewLayer | Updating Baking
Fra:1 Mem:14.71M (Peak 14.71M) | Time:00:00.00 | Mem:0.50M, Peak:0.50M | Scene, ViewLayer | Updating Device | Writing constant memory
Fra:1 Mem:14.71M (Peak 14.71M) | Time:00:00.00 | Mem:0.50M, Peak:0.50M | Scene, ViewLayer | Sample 0/24
Fra:1 Mem:20.34M (Peak 20.34M) | Time:00:00.05 | Remaining:00:01.14 | Mem:6.12M, Peak:6.12M | Scene, ViewLayer | Sample 1/24
Fra:1 Mem:22.84M (Peak 27.84M) | Time:00:01.25 | Mem:6.12M, Peak:6.12M | Scene, ViewLayer | Sample 24/24
Fra:1 Mem:22.84M (Peak 27.84M) | Time:00:01.25 | Mem:6.12M, Peak:6.12M | Scene, ViewLayer | Finished
Saved: '/tmp/environment-v2-blender/env_wooden_barrel_clay_90.png'
Time: 00:01.27 (Saving: 00:00.01)

Fra:1 Mem:14.22M (Peak 14.22M) | Time:00:00.00 | Mem:0.00M, Peak:0.00M | Scene, ViewLayer | Synchronizing object | env_wooden_barrel__shell_mesh
Fra:1 Mem:14.52M (Peak 14.52M) | Time:00:00.00 | Mem:0.00M, Peak:0.00M | Scene, ViewLayer | Initializing
Fra:1 Mem:14.31M (Peak 14.52M) | Time:00:00.00 | Mem:0.00M, Peak:0.00M | Scene, ViewLayer | Waiting for render to start
Fra:1 Mem:14.31M (Peak 14.52M) | Time:00:00.00 | Mem:0.00M, Peak:0.00M | Scene, ViewLayer | Loading render kernels (may take a few minutes the first time)
Fra:1 Mem:14.31M (Peak 14.52M) | Time:00:00.00 | Mem:0.00M, Peak:0.00M | Scene, ViewLayer | Updating Scene
Fra:1 Mem:14.31M (Peak 14.52M) | Time:00:00.00 | Mem:0.00M, Peak:0.00M | Scene, ViewLayer | Updating Shaders
Fra:1 Mem:14.39M (Peak 14.52M) | Time:00:00.00 | Mem:0.00M, Peak:0.00M | Scene, ViewLayer | Updating Procedurals
Fra:1 Mem:14.39M (Peak 14.52M) | Time:00:00.00 | Mem:0.00M, Peak:0.00M | Scene, ViewLayer | Updating Background
Fra:1 Mem:14.39M (Peak 14.52M) | Time:00:00.00 | Mem:0.00M, Peak:0.00M | Scene, ViewLayer | Updating Camera
Fra:1 Mem:14.39M (Peak 14.52M) | Time:00:00.00 | Mem:0.00M, Peak:0.00M | Scene, ViewLayer | Updating Meshes Flags
Fra:1 Mem:14.39M (Peak 14.52M) | Time:00:00.00 | Mem:0.00M, Peak:0.00M | Scene, ViewLayer | Updating Objects
Fra:1 Mem:14.39M (Peak 14.52M) | Time:00:00.00 | Mem:0.00M, Peak:0.00M | Scene, ViewLayer | Updating Objects | Copying Transformations to device
Fra:1 Mem:14.39M (Peak 14.52M) | Time:00:00.00 | Mem:0.00M, Peak:0.00M | Scene, ViewLayer | Updating Objects | Applying Static Transformations
Fra:1 Mem:14.39M (Peak 14.52M) | Time:00:00.00 | Mem:0.00M, Peak:0.00M | Scene, ViewLayer | Updating Particle Systems
Fra:1 Mem:14.39M (Peak 14.52M) | Time:00:00.00 | Mem:0.00M, Peak:0.00M | Scene, ViewLayer | Updating Particle Systems | Copying Particles to device
Fra:1 Mem:14.39M (Peak 14.52M) | Time:00:00.00 | Mem:0.00M, Peak:0.00M | Scene, ViewLayer | Updating Meshes
Fra:1 Mem:14.42M (Peak 14.52M) | Time:00:00.00 | Mem:0.00M, Peak:0.00M | Scene, ViewLayer | Updating Mesh | Computing attributes
Fra:1 Mem:14.49M (Peak 14.52M) | Time:00:00.00 | Mem:0.00M, Peak:0.00M | Scene, ViewLayer | Updating Mesh | Copying Attributes to device
Fra:1 Mem:14.49M (Peak 14.52M) | Time:00:00.00 | Mem:0.07M, Peak:0.07M | Scene, ViewLayer | Updating Scene BVH | Building
Fra:1 Mem:14.49M (Peak 14.52M) | Time:00:00.00 | Mem:0.07M, Peak:0.07M | Scene, ViewLayer | Updating Scene BVH | Building BVH
Fra:1 Mem:14.49M (Peak 14.52M) | Time:00:00.00 | Mem:0.13M, Peak:0.13M | Scene, ViewLayer | Updating Scene BVH | Building BVH 0%
Fra:1 Mem:14.49M (Peak 14.52M) | Time:00:00.00 | Mem:0.20M, Peak:0.26M | Scene, ViewLayer | Updating Scene BVH | Copying BVH to device
Fra:1 Mem:14.49M (Peak 14.52M) | Time:00:00.00 | Mem:0.20M, Peak:0.26M | Scene, ViewLayer | Updating Mesh | Computing normals
Fra:1 Mem:14.71M (Peak 14.71M) | Time:00:00.00 | Mem:0.20M, Peak:0.26M | Scene, ViewLayer | Updating Mesh | Copying Mesh to device
Fra:1 Mem:14.71M (Peak 14.71M) | Time:00:00.00 | Mem:0.41M, Peak:0.41M | Scene, ViewLayer | Updating Objects Flags
Fra:1 Mem:14.71M (Peak 14.71M) | Time:00:00.00 | Mem:0.41M, Peak:0.41M | Scene, ViewLayer | Updating Primitive Offsets
Fra:1 Mem:14.71M (Peak 14.71M) | Time:00:00.00 | Mem:0.41M, Peak:0.41M | Scene, ViewLayer | Updating Images
Fra:1 Mem:14.71M (Peak 14.71M) | Time:00:00.00 | Mem:0.41M, Peak:0.41M | Scene, ViewLayer | Updating Camera Volume
Fra:1 Mem:14.71M (Peak 14.71M) | Time:00:00.00 | Mem:0.41M, Peak:0.41M | Scene, ViewLayer | Updating Lookup Tables
Fra:1 Mem:14.71M (Peak 14.71M) | Time:00:00.00 | Mem:0.49M, Peak:0.49M | Scene, ViewLayer | Updating Lights
Fra:1 Mem:14.71M (Peak 14.71M) | Time:00:00.00 | Mem:0.49M, Peak:0.49M | Scene, ViewLayer | Updating Lights | Computing tree
Fra:1 Mem:14.71M (Peak 14.71M) | Time:00:00.00 | Mem:0.49M, Peak:0.49M | Scene, ViewLayer | Updating Integrator
Fra:1 Mem:14.71M (Peak 14.71M) | Time:00:00.00 | Mem:0.49M, Peak:0.49M | Scene, ViewLayer | Updating Film
Fra:1 Mem:14.71M (Peak 14.71M) | Time:00:00.00 | Mem:0.41M, Peak:0.49M | Scene, ViewLayer | Updating Lookup Tables
Fra:1 Mem:14.71M (Peak 14.71M) | Time:00:00.00 | Mem:0.50M, Peak:0.50M | Scene, ViewLayer | Updating Baking
Fra:1 Mem:14.71M (Peak 14.71M) | Time:00:00.00 | Mem:0.50M, Peak:0.50M | Scene, ViewLayer | Updating Device | Writing constant memory
Fra:1 Mem:14.71M (Peak 14.71M) | Time:00:00.00 | Mem:0.50M, Peak:0.50M | Scene, ViewLayer | Sample 0/24
Fra:1 Mem:20.34M (Peak 20.34M) | Time:00:00.05 | Remaining:00:01.18 | Mem:6.12M, Peak:6.12M | Scene, ViewLayer | Sample 1/24
Fra:1 Mem:22.84M (Peak 27.84M) | Time:00:01.27 | Mem:6.12M, Peak:6.12M | Scene, ViewLayer | Sample 24/24
Fra:1 Mem:22.84M (Peak 27.84M) | Time:00:01.27 | Mem:6.12M, Peak:6.12M | Scene, ViewLayer | Finished
Saved: '/tmp/environment-v2-blender/env_wooden_barrel_clay_180.png'
Time: 00:01.30 (Saving: 00:00.01)

BLENDER_STUDY env_wooden_barrel
16:55:22 | INFO: Data are loaded, start creating Blender stuff
16:55:22 | INFO: Blender create Mesh node Cube.205
16:55:22 | INFO: Blender create Mesh node Cube.185
16:55:22 | INFO: glTF import finished in 0.01s
Fra:1 Mem:14.67M (Peak 14.67M) | Time:00:00.00 | Mem:0.00M, Peak:0.00M | Scene, ViewLayer | Synchronizing object | env_yard_crate__lid_pivot_mesh
Fra:1 Mem:14.67M (Peak 14.67M) | Time:00:00.00 | Mem:0.00M, Peak:0.00M | Scene, ViewLayer | Synchronizing object | env_yard_crate__shell_mesh
Fra:1 Mem:15.00M (Peak 15.00M) | Time:00:00.00 | Mem:0.00M, Peak:0.00M | Scene, ViewLayer | Initializing
Fra:1 Mem:14.70M (Peak 15.00M) | Time:00:00.00 | Mem:0.00M, Peak:0.00M | Scene, ViewLayer | Waiting for render to start
Fra:1 Mem:14.71M (Peak 15.00M) | Time:00:00.00 | Mem:0.00M, Peak:0.00M | Scene, ViewLayer | Loading render kernels (may take a few minutes the first time)
Fra:1 Mem:14.71M (Peak 15.00M) | Time:00:00.00 | Mem:0.00M, Peak:0.00M | Scene, ViewLayer | Updating Scene
Fra:1 Mem:14.71M (Peak 15.00M) | Time:00:00.00 | Mem:0.00M, Peak:0.00M | Scene, ViewLayer | Updating Shaders
Fra:1 Mem:14.79M (Peak 15.00M) | Time:00:00.00 | Mem:0.00M, Peak:0.00M | Scene, ViewLayer | Updating Procedurals
Fra:1 Mem:14.79M (Peak 15.00M) | Time:00:00.00 | Mem:0.00M, Peak:0.00M | Scene, ViewLayer | Updating Background
Fra:1 Mem:14.79M (Peak 15.00M) | Time:00:00.00 | Mem:0.00M, Peak:0.00M | Scene, ViewLayer | Updating Camera
Fra:1 Mem:14.79M (Peak 15.00M) | Time:00:00.00 | Mem:0.00M, Peak:0.00M | Scene, ViewLayer | Updating Meshes Flags
Fra:1 Mem:14.79M (Peak 15.00M) | Time:00:00.00 | Mem:0.00M, Peak:0.00M | Scene, ViewLayer | Updating Objects
Fra:1 Mem:14.79M (Peak 15.00M) | Time:00:00.00 | Mem:0.00M, Peak:0.00M | Scene, ViewLayer | Updating Objects | Copying Transformations to device
Fra:1 Mem:14.79M (Peak 15.00M) | Time:00:00.00 | Mem:0.00M, Peak:0.00M | Scene, ViewLayer | Updating Objects | Applying Static Transformations
Fra:1 Mem:14.79M (Peak 15.00M) | Time:00:00.00 | Mem:0.00M, Peak:0.00M | Scene, ViewLayer | Updating Particle Systems
Fra:1 Mem:14.79M (Peak 15.00M) | Time:00:00.00 | Mem:0.00M, Peak:0.00M | Scene, ViewLayer | Updating Particle Systems | Copying Particles to device
Fra:1 Mem:14.79M (Peak 15.00M) | Time:00:00.00 | Mem:0.00M, Peak:0.00M | Scene, ViewLayer | Updating Meshes
Fra:1 Mem:14.81M (Peak 15.00M) | Time:00:00.00 | Mem:0.00M, Peak:0.00M | Scene, ViewLayer | Updating Mesh | Computing attributes
Fra:1 Mem:14.94M (Peak 15.00M) | Time:00:00.00 | Mem:0.00M, Peak:0.00M | Scene, ViewLayer | Updating Mesh | Copying Attributes to device
Fra:1 Mem:14.94M (Peak 15.00M) | Time:00:00.00 | Mem:0.13M, Peak:0.13M | Scene, ViewLayer | Updating Scene BVH | Building
Fra:1 Mem:14.94M (Peak 15.00M) | Time:00:00.00 | Mem:0.13M, Peak:0.13M | Scene, ViewLayer | Updating Scene BVH | Building BVH
Fra:1 Mem:14.94M (Peak 15.00M) | Time:00:00.00 | Mem:0.17M, Peak:0.17M | Scene, ViewLayer | Updating Scene BVH | Building BVH 0%
Fra:1 Mem:14.94M (Peak 15.00M) | Time:00:00.00 | Mem:0.22M, Peak:0.26M | Scene, ViewLayer | Updating Scene BVH | Copying BVH to device
Fra:1 Mem:14.94M (Peak 15.00M) | Time:00:00.00 | Mem:0.22M, Peak:0.26M | Scene, ViewLayer | Updating Mesh | Computing normals
Fra:1 Mem:15.08M (Peak 15.08M) | Time:00:00.00 | Mem:0.22M, Peak:0.26M | Scene, ViewLayer | Updating Mesh | Copying Mesh to device
Fra:1 Mem:15.08M (Peak 15.08M) | Time:00:00.00 | Mem:0.36M, Peak:0.36M | Scene, ViewLayer | Updating Objects Flags
Fra:1 Mem:15.08M (Peak 15.08M) | Time:00:00.00 | Mem:0.36M, Peak:0.36M | Scene, ViewLayer | Updating Primitive Offsets
Fra:1 Mem:15.08M (Peak 15.08M) | Time:00:00.00 | Mem:0.36M, Peak:0.36M | Scene, ViewLayer | Updating Images
Fra:1 Mem:15.08M (Peak 15.08M) | Time:00:00.00 | Mem:0.36M, Peak:0.36M | Scene, ViewLayer | Updating Images | Loading environment_v2_normal.png
Fra:1 Mem:15.08M (Peak 15.08M) | Time:00:00.00 | Mem:0.36M, Peak:0.36M | Scene, ViewLayer | Updating Images | Loading environment_v2_albedo.png
Fra:1 Mem:23.09M (Peak 23.09M) | Time:00:00.03 | Mem:4.36M, Peak:4.36M | Scene, ViewLayer | Updating Images | Loading environment_v2_orm.png
Fra:1 Mem:27.09M (Peak 27.09M) | Time:00:00.05 | Mem:12.36M, Peak:12.36M | Scene, ViewLayer | Updating Camera Volume
Fra:1 Mem:27.09M (Peak 27.09M) | Time:00:00.05 | Mem:12.36M, Peak:12.36M | Scene, ViewLayer | Updating Lookup Tables
Fra:1 Mem:27.09M (Peak 27.09M) | Time:00:00.05 | Mem:12.45M, Peak:12.45M | Scene, ViewLayer | Updating Lights
Fra:1 Mem:27.09M (Peak 27.09M) | Time:00:00.05 | Mem:12.45M, Peak:12.45M | Scene, ViewLayer | Updating Lights | Computing tree
Fra:1 Mem:27.09M (Peak 27.09M) | Time:00:00.05 | Mem:12.45M, Peak:12.45M | Scene, ViewLayer | Updating Integrator
Fra:1 Mem:27.09M (Peak 27.09M) | Time:00:00.05 | Mem:12.45M, Peak:12.45M | Scene, ViewLayer | Updating Film
Fra:1 Mem:27.10M (Peak 27.10M) | Time:00:00.05 | Mem:12.37M, Peak:12.45M | Scene, ViewLayer | Updating Lookup Tables
Fra:1 Mem:27.10M (Peak 27.10M) | Time:00:00.05 | Mem:12.45M, Peak:12.45M | Scene, ViewLayer | Updating Baking
Fra:1 Mem:27.10M (Peak 27.10M) | Time:00:00.05 | Mem:12.45M, Peak:12.45M | Scene, ViewLayer | Updating Device | Writing constant memory
Fra:1 Mem:27.10M (Peak 27.10M) | Time:00:00.05 | Mem:12.45M, Peak:12.45M | Scene, ViewLayer | Sample 0/24
Fra:1 Mem:32.73M (Peak 32.73M) | Time:00:00.13 | Remaining:00:01.92 | Mem:18.09M, Peak:18.09M | Scene, ViewLayer | Sample 1/24
Fra:1 Mem:35.23M (Peak 40.23M) | Time:00:01.85 | Mem:18.09M, Peak:18.09M | Scene, ViewLayer | Sample 24/24
Fra:1 Mem:35.23M (Peak 40.23M) | Time:00:01.85 | Mem:18.09M, Peak:18.09M | Scene, ViewLayer | Finished
Saved: '/tmp/environment-v2-blender/env_yard_crate_shaded_0.png'
Time: 00:01.88 (Saving: 00:00.02)

Fra:1 Mem:14.70M (Peak 14.70M) | Time:00:00.00 | Mem:0.00M, Peak:0.00M | Scene, ViewLayer | Synchronizing object | env_yard_crate__shell_mesh
Fra:1 Mem:14.71M (Peak 14.71M) | Time:00:00.00 | Mem:0.00M, Peak:0.00M | Scene, ViewLayer | Synchronizing object | env_yard_crate__lid_pivot_mesh
Fra:1 Mem:15.00M (Peak 15.00M) | Time:00:00.01 | Mem:0.00M, Peak:0.00M | Scene, ViewLayer | Initializing
Fra:1 Mem:14.70M (Peak 15.00M) | Time:00:00.01 | Mem:0.00M, Peak:0.00M | Scene, ViewLayer | Waiting for render to start
Fra:1 Mem:14.71M (Peak 15.00M) | Time:00:00.01 | Mem:0.00M, Peak:0.00M | Scene, ViewLayer | Loading render kernels (may take a few minutes the first time)
Fra:1 Mem:14.71M (Peak 15.00M) | Time:00:00.01 | Mem:0.00M, Peak:0.00M | Scene, ViewLayer | Updating Scene
Fra:1 Mem:14.71M (Peak 15.00M) | Time:00:00.01 | Mem:0.00M, Peak:0.00M | Scene, ViewLayer | Updating Shaders
Fra:1 Mem:14.79M (Peak 15.00M) | Time:00:00.01 | Mem:0.00M, Peak:0.00M | Scene, ViewLayer | Updating Procedurals
Fra:1 Mem:14.79M (Peak 15.00M) | Time:00:00.01 | Mem:0.00M, Peak:0.00M | Scene, ViewLayer | Updating Background
Fra:1 Mem:14.79M (Peak 15.00M) | Time:00:00.01 | Mem:0.00M, Peak:0.00M | Scene, ViewLayer | Updating Camera
Fra:1 Mem:14.79M (Peak 15.00M) | Time:00:00.01 | Mem:0.00M, Peak:0.00M | Scene, ViewLayer | Updating Meshes Flags
Fra:1 Mem:14.79M (Peak 15.00M) | Time:00:00.01 | Mem:0.00M, Peak:0.00M | Scene, ViewLayer | Updating Objects
Fra:1 Mem:14.79M (Peak 15.00M) | Time:00:00.01 | Mem:0.00M, Peak:0.00M | Scene, ViewLayer | Updating Objects | Copying Transformations to device
Fra:1 Mem:14.79M (Peak 15.00M) | Time:00:00.01 | Mem:0.00M, Peak:0.00M | Scene, ViewLayer | Updating Objects | Applying Static Transformations
Fra:1 Mem:14.79M (Peak 15.00M) | Time:00:00.01 | Mem:0.00M, Peak:0.00M | Scene, ViewLayer | Updating Particle Systems
Fra:1 Mem:14.79M (Peak 15.00M) | Time:00:00.01 | Mem:0.00M, Peak:0.00M | Scene, ViewLayer | Updating Particle Systems | Copying Particles to device
Fra:1 Mem:14.79M (Peak 15.00M) | Time:00:00.01 | Mem:0.00M, Peak:0.00M | Scene, ViewLayer | Updating Meshes
Fra:1 Mem:14.81M (Peak 15.00M) | Time:00:00.01 | Mem:0.00M, Peak:0.00M | Scene, ViewLayer | Updating Mesh | Computing attributes
Fra:1 Mem:14.94M (Peak 15.00M) | Time:00:00.01 | Mem:0.00M, Peak:0.00M | Scene, ViewLayer | Updating Mesh | Copying Attributes to device
Fra:1 Mem:14.94M (Peak 15.00M) | Time:00:00.01 | Mem:0.13M, Peak:0.13M | Scene, ViewLayer | Updating Scene BVH | Building
Fra:1 Mem:14.94M (Peak 15.00M) | Time:00:00.01 | Mem:0.13M, Peak:0.13M | Scene, ViewLayer | Updating Scene BVH | Building BVH
Fra:1 Mem:14.94M (Peak 15.00M) | Time:00:00.01 | Mem:0.17M, Peak:0.17M | Scene, ViewLayer | Updating Scene BVH | Building BVH 0%
Fra:1 Mem:14.94M (Peak 15.00M) | Time:00:00.01 | Mem:0.22M, Peak:0.26M | Scene, ViewLayer | Updating Scene BVH | Copying BVH to device
Fra:1 Mem:14.94M (Peak 15.00M) | Time:00:00.01 | Mem:0.22M, Peak:0.26M | Scene, ViewLayer | Updating Mesh | Computing normals
Fra:1 Mem:15.08M (Peak 15.08M) | Time:00:00.01 | Mem:0.22M, Peak:0.26M | Scene, ViewLayer | Updating Mesh | Copying Mesh to device
Fra:1 Mem:15.08M (Peak 15.08M) | Time:00:00.01 | Mem:0.36M, Peak:0.36M | Scene, ViewLayer | Updating Objects Flags
Fra:1 Mem:15.08M (Peak 15.08M) | Time:00:00.01 | Mem:0.36M, Peak:0.36M | Scene, ViewLayer | Updating Primitive Offsets
Fra:1 Mem:15.08M (Peak 15.08M) | Time:00:00.01 | Mem:0.36M, Peak:0.36M | Scene, ViewLayer | Updating Images
Fra:1 Mem:15.08M (Peak 15.08M) | Time:00:00.01 | Mem:0.36M, Peak:0.36M | Scene, ViewLayer | Updating Images | Loading environment_v2_normal.png
Fra:1 Mem:19.08M (Peak 19.08M) | Time:00:00.01 | Mem:0.36M, Peak:0.36M | Scene, ViewLayer | Updating Images | Loading environment_v2_albedo.png
Fra:1 Mem:23.09M (Peak 23.09M) | Time:00:00.05 | Mem:4.36M, Peak:4.36M | Scene, ViewLayer | Updating Images | Loading environment_v2_orm.png
Fra:1 Mem:27.09M (Peak 27.09M) | Time:00:00.07 | Mem:12.36M, Peak:12.36M | Scene, ViewLayer | Updating Camera Volume
Fra:1 Mem:27.09M (Peak 27.09M) | Time:00:00.07 | Mem:12.36M, Peak:12.36M | Scene, ViewLayer | Updating Lookup Tables
Fra:1 Mem:27.09M (Peak 27.09M) | Time:00:00.07 | Mem:12.45M, Peak:12.45M | Scene, ViewLayer | Updating Lights
Fra:1 Mem:27.09M (Peak 27.09M) | Time:00:00.07 | Mem:12.45M, Peak:12.45M | Scene, ViewLayer | Updating Lights | Computing tree
Fra:1 Mem:27.09M (Peak 27.09M) | Time:00:00.07 | Mem:12.45M, Peak:12.45M | Scene, ViewLayer | Updating Integrator
Fra:1 Mem:27.09M (Peak 27.09M) | Time:00:00.07 | Mem:12.45M, Peak:12.45M | Scene, ViewLayer | Updating Film
Fra:1 Mem:27.10M (Peak 27.10M) | Time:00:00.07 | Mem:12.37M, Peak:12.45M | Scene, ViewLayer | Updating Lookup Tables
Fra:1 Mem:27.10M (Peak 27.10M) | Time:00:00.07 | Mem:12.45M, Peak:12.45M | Scene, ViewLayer | Updating Baking
Fra:1 Mem:27.10M (Peak 27.10M) | Time:00:00.07 | Mem:12.45M, Peak:12.45M | Scene, ViewLayer | Updating Device | Writing constant memory
Fra:1 Mem:27.10M (Peak 27.10M) | Time:00:00.07 | Mem:12.45M, Peak:12.45M | Scene, ViewLayer | Sample 0/24
Fra:1 Mem:32.73M (Peak 32.73M) | Time:00:00.13 | Remaining:00:01.43 | Mem:18.09M, Peak:18.09M | Scene, ViewLayer | Sample 1/24
Fra:1 Mem:35.23M (Peak 40.23M) | Time:00:01.64 | Mem:18.09M, Peak:18.09M | Scene, ViewLayer | Sample 24/24
Fra:1 Mem:35.23M (Peak 40.23M) | Time:00:01.64 | Mem:18.09M, Peak:18.09M | Scene, ViewLayer | Finished
Saved: '/tmp/environment-v2-blender/env_yard_crate_shaded_90.png'
Time: 00:01.66 (Saving: 00:00.02)

Fra:1 Mem:14.70M (Peak 14.70M) | Time:00:00.00 | Mem:0.00M, Peak:0.00M | Scene, ViewLayer | Synchronizing object | env_yard_crate__lid_pivot_mesh
Fra:1 Mem:14.81M (Peak 14.81M) | Time:00:00.00 | Mem:0.00M, Peak:0.00M | Scene, ViewLayer | Synchronizing object | env_yard_crate__shell_mesh
Fra:1 Mem:15.00M (Peak 15.00M) | Time:00:00.00 | Mem:0.00M, Peak:0.00M | Scene, ViewLayer | Initializing
Fra:1 Mem:14.70M (Peak 15.00M) | Time:00:00.00 | Mem:0.00M, Peak:0.00M | Scene, ViewLayer | Waiting for render to start
Fra:1 Mem:14.71M (Peak 15.00M) | Time:00:00.00 | Mem:0.00M, Peak:0.00M | Scene, ViewLayer | Loading render kernels (may take a few minutes the first time)
Fra:1 Mem:14.71M (Peak 15.00M) | Time:00:00.00 | Mem:0.00M, Peak:0.00M | Scene, ViewLayer | Updating Scene
Fra:1 Mem:14.71M (Peak 15.00M) | Time:00:00.00 | Mem:0.00M, Peak:0.00M | Scene, ViewLayer | Updating Shaders
Fra:1 Mem:14.79M (Peak 15.00M) | Time:00:00.00 | Mem:0.00M, Peak:0.00M | Scene, ViewLayer | Updating Procedurals
Fra:1 Mem:14.79M (Peak 15.00M) | Time:00:00.00 | Mem:0.00M, Peak:0.00M | Scene, ViewLayer | Updating Background
Fra:1 Mem:14.79M (Peak 15.00M) | Time:00:00.00 | Mem:0.00M, Peak:0.00M | Scene, ViewLayer | Updating Camera
Fra:1 Mem:14.79M (Peak 15.00M) | Time:00:00.00 | Mem:0.00M, Peak:0.00M | Scene, ViewLayer | Updating Meshes Flags
Fra:1 Mem:14.79M (Peak 15.00M) | Time:00:00.00 | Mem:0.00M, Peak:0.00M | Scene, ViewLayer | Updating Objects
Fra:1 Mem:14.79M (Peak 15.00M) | Time:00:00.00 | Mem:0.00M, Peak:0.00M | Scene, ViewLayer | Updating Objects | Copying Transformations to device
Fra:1 Mem:14.79M (Peak 15.00M) | Time:00:00.00 | Mem:0.00M, Peak:0.00M | Scene, ViewLayer | Updating Objects | Applying Static Transformations
Fra:1 Mem:14.79M (Peak 15.00M) | Time:00:00.00 | Mem:0.00M, Peak:0.00M | Scene, ViewLayer | Updating Particle Systems
Fra:1 Mem:14.79M (Peak 15.00M) | Time:00:00.00 | Mem:0.00M, Peak:0.00M | Scene, ViewLayer | Updating Particle Systems | Copying Particles to device
Fra:1 Mem:14.79M (Peak 15.00M) | Time:00:00.00 | Mem:0.00M, Peak:0.00M | Scene, ViewLayer | Updating Meshes
Fra:1 Mem:14.81M (Peak 15.00M) | Time:00:00.00 | Mem:0.00M, Peak:0.00M | Scene, ViewLayer | Updating Mesh | Computing attributes
Fra:1 Mem:14.94M (Peak 15.00M) | Time:00:00.00 | Mem:0.00M, Peak:0.00M | Scene, ViewLayer | Updating Mesh | Copying Attributes to device
Fra:1 Mem:14.94M (Peak 15.00M) | Time:00:00.00 | Mem:0.13M, Peak:0.13M | Scene, ViewLayer | Updating Scene BVH | Building
Fra:1 Mem:14.94M (Peak 15.00M) | Time:00:00.00 | Mem:0.13M, Peak:0.13M | Scene, ViewLayer | Updating Scene BVH | Building BVH
Fra:1 Mem:14.94M (Peak 15.00M) | Time:00:00.00 | Mem:0.17M, Peak:0.17M | Scene, ViewLayer | Updating Scene BVH | Building BVH 0%
Fra:1 Mem:14.94M (Peak 15.00M) | Time:00:00.00 | Mem:0.22M, Peak:0.26M | Scene, ViewLayer | Updating Scene BVH | Copying BVH to device
Fra:1 Mem:14.94M (Peak 15.00M) | Time:00:00.00 | Mem:0.22M, Peak:0.26M | Scene, ViewLayer | Updating Mesh | Computing normals
Fra:1 Mem:15.08M (Peak 15.08M) | Time:00:00.00 | Mem:0.22M, Peak:0.26M | Scene, ViewLayer | Updating Mesh | Copying Mesh to device
Fra:1 Mem:15.08M (Peak 15.08M) | Time:00:00.00 | Mem:0.36M, Peak:0.36M | Scene, ViewLayer | Updating Objects Flags
Fra:1 Mem:15.08M (Peak 15.08M) | Time:00:00.00 | Mem:0.36M, Peak:0.36M | Scene, ViewLayer | Updating Primitive Offsets
Fra:1 Mem:15.08M (Peak 15.08M) | Time:00:00.00 | Mem:0.36M, Peak:0.36M | Scene, ViewLayer | Updating Images
Fra:1 Mem:15.08M (Peak 15.08M) | Time:00:00.00 | Mem:0.36M, Peak:0.36M | Scene, ViewLayer | Updating Images | Loading environment_v2_normal.png
Fra:1 Mem:19.08M (Peak 19.08M) | Time:00:00.00 | Mem:0.36M, Peak:0.36M | Scene, ViewLayer | Updating Images | Loading environment_v2_albedo.png
Fra:1 Mem:23.09M (Peak 23.09M) | Time:00:00.03 | Mem:4.36M, Peak:4.36M | Scene, ViewLayer | Updating Images | Loading environment_v2_orm.png
Fra:1 Mem:27.09M (Peak 27.09M) | Time:00:00.06 | Mem:12.36M, Peak:12.36M | Scene, ViewLayer | Updating Camera Volume
Fra:1 Mem:27.09M (Peak 27.09M) | Time:00:00.06 | Mem:12.36M, Peak:12.36M | Scene, ViewLayer | Updating Lookup Tables
Fra:1 Mem:27.09M (Peak 27.09M) | Time:00:00.06 | Mem:12.45M, Peak:12.45M | Scene, ViewLayer | Updating Lights
Fra:1 Mem:27.09M (Peak 27.09M) | Time:00:00.06 | Mem:12.45M, Peak:12.45M | Scene, ViewLayer | Updating Lights | Computing tree
Fra:1 Mem:27.09M (Peak 27.09M) | Time:00:00.06 | Mem:12.45M, Peak:12.45M | Scene, ViewLayer | Updating Integrator
Fra:1 Mem:27.09M (Peak 27.09M) | Time:00:00.06 | Mem:12.45M, Peak:12.45M | Scene, ViewLayer | Updating Film
Fra:1 Mem:27.10M (Peak 27.10M) | Time:00:00.06 | Mem:12.37M, Peak:12.45M | Scene, ViewLayer | Updating Lookup Tables
Fra:1 Mem:27.10M (Peak 27.10M) | Time:00:00.06 | Mem:12.45M, Peak:12.45M | Scene, ViewLayer | Updating Baking
Fra:1 Mem:27.10M (Peak 27.10M) | Time:00:00.06 | Mem:12.45M, Peak:12.45M | Scene, ViewLayer | Updating Device | Writing constant memory
Fra:1 Mem:27.10M (Peak 27.10M) | Time:00:00.06 | Mem:12.45M, Peak:12.45M | Scene, ViewLayer | Sample 0/24
Fra:1 Mem:32.73M (Peak 32.73M) | Time:00:00.13 | Remaining:00:01.71 | Mem:18.09M, Peak:18.09M | Scene, ViewLayer | Sample 1/24
Fra:1 Mem:35.23M (Peak 40.23M) | Time:00:01.95 | Mem:18.09M, Peak:18.09M | Scene, ViewLayer | Sample 24/24
Fra:1 Mem:35.23M (Peak 40.23M) | Time:00:01.95 | Mem:18.09M, Peak:18.09M | Scene, ViewLayer | Finished
Saved: '/tmp/environment-v2-blender/env_yard_crate_shaded_180.png'
Time: 00:01.97 (Saving: 00:00.01)

Fra:1 Mem:14.64M (Peak 14.64M) | Time:00:00.00 | Mem:0.00M, Peak:0.00M | Scene, ViewLayer | Synchronizing object | env_yard_crate__lid_pivot_mesh
Fra:1 Mem:14.64M (Peak 14.64M) | Time:00:00.00 | Mem:0.00M, Peak:0.00M | Scene, ViewLayer | Synchronizing object | env_yard_crate__shell_mesh
Fra:1 Mem:14.84M (Peak 14.84M) | Time:00:00.00 | Mem:0.00M, Peak:0.00M | Scene, ViewLayer | Initializing
Fra:1 Mem:14.57M (Peak 14.84M) | Time:00:00.00 | Mem:0.00M, Peak:0.00M | Scene, ViewLayer | Waiting for render to start
Fra:1 Mem:14.57M (Peak 14.84M) | Time:00:00.00 | Mem:0.00M, Peak:0.00M | Scene, ViewLayer | Loading render kernels (may take a few minutes the first time)
Fra:1 Mem:14.57M (Peak 14.84M) | Time:00:00.00 | Mem:0.00M, Peak:0.00M | Scene, ViewLayer | Updating Scene
Fra:1 Mem:14.57M (Peak 14.84M) | Time:00:00.00 | Mem:0.00M, Peak:0.00M | Scene, ViewLayer | Updating Shaders
Fra:1 Mem:14.65M (Peak 14.84M) | Time:00:00.00 | Mem:0.00M, Peak:0.00M | Scene, ViewLayer | Updating Procedurals
Fra:1 Mem:14.65M (Peak 14.84M) | Time:00:00.00 | Mem:0.00M, Peak:0.00M | Scene, ViewLayer | Updating Background
Fra:1 Mem:14.65M (Peak 14.84M) | Time:00:00.00 | Mem:0.00M, Peak:0.00M | Scene, ViewLayer | Updating Camera
Fra:1 Mem:14.65M (Peak 14.84M) | Time:00:00.00 | Mem:0.00M, Peak:0.00M | Scene, ViewLayer | Updating Meshes Flags
Fra:1 Mem:14.65M (Peak 14.84M) | Time:00:00.00 | Mem:0.00M, Peak:0.00M | Scene, ViewLayer | Updating Objects
Fra:1 Mem:14.65M (Peak 14.84M) | Time:00:00.00 | Mem:0.00M, Peak:0.00M | Scene, ViewLayer | Updating Objects | Copying Transformations to device
Fra:1 Mem:14.65M (Peak 14.84M) | Time:00:00.00 | Mem:0.00M, Peak:0.00M | Scene, ViewLayer | Updating Objects | Applying Static Transformations
Fra:1 Mem:14.65M (Peak 14.84M) | Time:00:00.00 | Mem:0.00M, Peak:0.00M | Scene, ViewLayer | Updating Particle Systems
Fra:1 Mem:14.65M (Peak 14.84M) | Time:00:00.00 | Mem:0.00M, Peak:0.00M | Scene, ViewLayer | Updating Particle Systems | Copying Particles to device
Fra:1 Mem:14.65M (Peak 14.84M) | Time:00:00.00 | Mem:0.00M, Peak:0.00M | Scene, ViewLayer | Updating Meshes
Fra:1 Mem:14.67M (Peak 14.84M) | Time:00:00.00 | Mem:0.00M, Peak:0.00M | Scene, ViewLayer | Updating Mesh | Computing attributes
Fra:1 Mem:14.72M (Peak 14.84M) | Time:00:00.00 | Mem:0.00M, Peak:0.00M | Scene, ViewLayer | Updating Mesh | Copying Attributes to device
Fra:1 Mem:14.72M (Peak 14.84M) | Time:00:00.00 | Mem:0.05M, Peak:0.05M | Scene, ViewLayer | Updating Scene BVH | Building
Fra:1 Mem:14.72M (Peak 14.84M) | Time:00:00.00 | Mem:0.05M, Peak:0.05M | Scene, ViewLayer | Updating Scene BVH | Building BVH
Fra:1 Mem:14.72M (Peak 14.84M) | Time:00:00.00 | Mem:0.08M, Peak:0.08M | Scene, ViewLayer | Updating Scene BVH | Building BVH 0%
Fra:1 Mem:14.72M (Peak 14.84M) | Time:00:00.00 | Mem:0.14M, Peak:0.17M | Scene, ViewLayer | Updating Scene BVH | Copying BVH to device
Fra:1 Mem:14.72M (Peak 14.84M) | Time:00:00.00 | Mem:0.14M, Peak:0.17M | Scene, ViewLayer | Updating Mesh | Computing normals
Fra:1 Mem:14.86M (Peak 14.86M) | Time:00:00.00 | Mem:0.14M, Peak:0.17M | Scene, ViewLayer | Updating Mesh | Copying Mesh to device
Fra:1 Mem:14.86M (Peak 14.86M) | Time:00:00.00 | Mem:0.28M, Peak:0.28M | Scene, ViewLayer | Updating Objects Flags
Fra:1 Mem:14.86M (Peak 14.86M) | Time:00:00.00 | Mem:0.28M, Peak:0.28M | Scene, ViewLayer | Updating Primitive Offsets
Fra:1 Mem:14.86M (Peak 14.86M) | Time:00:00.00 | Mem:0.28M, Peak:0.28M | Scene, ViewLayer | Updating Images
Fra:1 Mem:14.86M (Peak 14.86M) | Time:00:00.00 | Mem:0.28M, Peak:0.28M | Scene, ViewLayer | Updating Camera Volume
Fra:1 Mem:14.86M (Peak 14.86M) | Time:00:00.00 | Mem:0.28M, Peak:0.28M | Scene, ViewLayer | Updating Lookup Tables
Fra:1 Mem:14.86M (Peak 14.86M) | Time:00:00.00 | Mem:0.36M, Peak:0.36M | Scene, ViewLayer | Updating Lights
Fra:1 Mem:14.86M (Peak 14.86M) | Time:00:00.00 | Mem:0.36M, Peak:0.36M | Scene, ViewLayer | Updating Lights | Computing tree
Fra:1 Mem:14.86M (Peak 14.86M) | Time:00:00.00 | Mem:0.36M, Peak:0.36M | Scene, ViewLayer | Updating Integrator
Fra:1 Mem:14.86M (Peak 14.86M) | Time:00:00.00 | Mem:0.36M, Peak:0.36M | Scene, ViewLayer | Updating Film
Fra:1 Mem:14.86M (Peak 14.86M) | Time:00:00.00 | Mem:0.28M, Peak:0.36M | Scene, ViewLayer | Updating Lookup Tables
Fra:1 Mem:14.86M (Peak 14.86M) | Time:00:00.00 | Mem:0.36M, Peak:0.36M | Scene, ViewLayer | Updating Baking
Fra:1 Mem:14.86M (Peak 14.86M) | Time:00:00.00 | Mem:0.36M, Peak:0.36M | Scene, ViewLayer | Updating Device | Writing constant memory
Fra:1 Mem:14.86M (Peak 14.86M) | Time:00:00.00 | Mem:0.36M, Peak:0.36M | Scene, ViewLayer | Sample 0/24
Fra:1 Mem:20.50M (Peak 20.50M) | Time:00:00.08 | Remaining:00:01.88 | Mem:5.99M, Peak:5.99M | Scene, ViewLayer | Sample 1/24
Fra:1 Mem:23.00M (Peak 28.00M) | Time:00:02.28 | Mem:5.99M, Peak:5.99M | Scene, ViewLayer | Sample 24/24
Fra:1 Mem:23.00M (Peak 28.00M) | Time:00:02.28 | Mem:5.99M, Peak:5.99M | Scene, ViewLayer | Finished
Saved: '/tmp/environment-v2-blender/env_yard_crate_clay_0.png'
Time: 00:02.30 (Saving: 00:00.02)

Fra:1 Mem:14.64M (Peak 14.64M) | Time:00:00.00 | Mem:0.00M, Peak:0.00M | Scene, ViewLayer | Synchronizing object | env_yard_crate__lid_pivot_mesh
Fra:1 Mem:14.64M (Peak 14.64M) | Time:00:00.00 | Mem:0.00M, Peak:0.00M | Scene, ViewLayer | Synchronizing object | env_yard_crate__shell_mesh
Fra:1 Mem:14.84M (Peak 14.84M) | Time:00:00.00 | Mem:0.00M, Peak:0.00M | Scene, ViewLayer | Initializing
Fra:1 Mem:14.57M (Peak 14.84M) | Time:00:00.00 | Mem:0.00M, Peak:0.00M | Scene, ViewLayer | Waiting for render to start
Fra:1 Mem:14.57M (Peak 14.84M) | Time:00:00.00 | Mem:0.00M, Peak:0.00M | Scene, ViewLayer | Loading render kernels (may take a few minutes the first time)
Fra:1 Mem:14.57M (Peak 14.84M) | Time:00:00.00 | Mem:0.00M, Peak:0.00M | Scene, ViewLayer | Updating Scene
Fra:1 Mem:14.57M (Peak 14.84M) | Time:00:00.00 | Mem:0.00M, Peak:0.00M | Scene, ViewLayer | Updating Shaders
Fra:1 Mem:14.65M (Peak 14.84M) | Time:00:00.00 | Mem:0.00M, Peak:0.00M | Scene, ViewLayer | Updating Procedurals
Fra:1 Mem:14.65M (Peak 14.84M) | Time:00:00.00 | Mem:0.00M, Peak:0.00M | Scene, ViewLayer | Updating Background
Fra:1 Mem:14.65M (Peak 14.84M) | Time:00:00.00 | Mem:0.00M, Peak:0.00M | Scene, ViewLayer | Updating Camera
Fra:1 Mem:14.65M (Peak 14.84M) | Time:00:00.00 | Mem:0.00M, Peak:0.00M | Scene, ViewLayer | Updating Meshes Flags
Fra:1 Mem:14.65M (Peak 14.84M) | Time:00:00.00 | Mem:0.00M, Peak:0.00M | Scene, ViewLayer | Updating Objects
Fra:1 Mem:14.65M (Peak 14.84M) | Time:00:00.00 | Mem:0.00M, Peak:0.00M | Scene, ViewLayer | Updating Objects | Copying Transformations to device
Fra:1 Mem:14.65M (Peak 14.84M) | Time:00:00.00 | Mem:0.00M, Peak:0.00M | Scene, ViewLayer | Updating Objects | Applying Static Transformations
Fra:1 Mem:14.65M (Peak 14.84M) | Time:00:00.00 | Mem:0.00M, Peak:0.00M | Scene, ViewLayer | Updating Particle Systems
Fra:1 Mem:14.65M (Peak 14.84M) | Time:00:00.00 | Mem:0.00M, Peak:0.00M | Scene, ViewLayer | Updating Particle Systems | Copying Particles to device
Fra:1 Mem:14.65M (Peak 14.84M) | Time:00:00.00 | Mem:0.00M, Peak:0.00M | Scene, ViewLayer | Updating Meshes
Fra:1 Mem:14.67M (Peak 14.84M) | Time:00:00.00 | Mem:0.00M, Peak:0.00M | Scene, ViewLayer | Updating Mesh | Computing attributes
Fra:1 Mem:14.72M (Peak 14.84M) | Time:00:00.00 | Mem:0.00M, Peak:0.00M | Scene, ViewLayer | Updating Mesh | Copying Attributes to device
Fra:1 Mem:14.72M (Peak 14.84M) | Time:00:00.00 | Mem:0.05M, Peak:0.05M | Scene, ViewLayer | Updating Scene BVH | Building
Fra:1 Mem:14.72M (Peak 14.84M) | Time:00:00.00 | Mem:0.05M, Peak:0.05M | Scene, ViewLayer | Updating Scene BVH | Building BVH
Fra:1 Mem:14.72M (Peak 14.84M) | Time:00:00.00 | Mem:0.08M, Peak:0.08M | Scene, ViewLayer | Updating Scene BVH | Building BVH 0%
Fra:1 Mem:14.72M (Peak 14.84M) | Time:00:00.00 | Mem:0.14M, Peak:0.17M | Scene, ViewLayer | Updating Scene BVH | Copying BVH to device
Fra:1 Mem:14.72M (Peak 14.84M) | Time:00:00.00 | Mem:0.14M, Peak:0.17M | Scene, ViewLayer | Updating Mesh | Computing normals
Fra:1 Mem:14.86M (Peak 14.86M) | Time:00:00.00 | Mem:0.14M, Peak:0.17M | Scene, ViewLayer | Updating Mesh | Copying Mesh to device
Fra:1 Mem:14.86M (Peak 14.86M) | Time:00:00.00 | Mem:0.28M, Peak:0.28M | Scene, ViewLayer | Updating Objects Flags
Fra:1 Mem:14.86M (Peak 14.86M) | Time:00:00.00 | Mem:0.28M, Peak:0.28M | Scene, ViewLayer | Updating Primitive Offsets
Fra:1 Mem:14.86M (Peak 14.86M) | Time:00:00.00 | Mem:0.28M, Peak:0.28M | Scene, ViewLayer | Updating Images
Fra:1 Mem:14.86M (Peak 14.86M) | Time:00:00.00 | Mem:0.28M, Peak:0.28M | Scene, ViewLayer | Updating Camera Volume
Fra:1 Mem:14.86M (Peak 14.86M) | Time:00:00.00 | Mem:0.28M, Peak:0.28M | Scene, ViewLayer | Updating Lookup Tables
Fra:1 Mem:14.86M (Peak 14.86M) | Time:00:00.00 | Mem:0.36M, Peak:0.36M | Scene, ViewLayer | Updating Lights
Fra:1 Mem:14.86M (Peak 14.86M) | Time:00:00.00 | Mem:0.36M, Peak:0.36M | Scene, ViewLayer | Updating Lights | Computing tree
Fra:1 Mem:14.86M (Peak 14.86M) | Time:00:00.00 | Mem:0.36M, Peak:0.36M | Scene, ViewLayer | Updating Integrator
Fra:1 Mem:14.86M (Peak 14.86M) | Time:00:00.00 | Mem:0.36M, Peak:0.36M | Scene, ViewLayer | Updating Film
Fra:1 Mem:14.86M (Peak 14.86M) | Time:00:00.00 | Mem:0.28M, Peak:0.36M | Scene, ViewLayer | Updating Lookup Tables
Fra:1 Mem:14.86M (Peak 14.86M) | Time:00:00.00 | Mem:0.36M, Peak:0.36M | Scene, ViewLayer | Updating Baking
Fra:1 Mem:14.86M (Peak 14.86M) | Time:00:00.00 | Mem:0.36M, Peak:0.36M | Scene, ViewLayer | Updating Device | Writing constant memory
Fra:1 Mem:14.86M (Peak 14.86M) | Time:00:00.00 | Mem:0.36M, Peak:0.36M | Scene, ViewLayer | Sample 0/24
Fra:1 Mem:20.50M (Peak 20.50M) | Time:00:00.09 | Remaining:00:02.07 | Mem:5.99M, Peak:5.99M | Scene, ViewLayer | Sample 1/24
Fra:1 Mem:23.00M (Peak 28.00M) | Time:00:01.67 | Mem:5.99M, Peak:5.99M | Scene, ViewLayer | Sample 24/24
Fra:1 Mem:23.00M (Peak 28.00M) | Time:00:01.67 | Mem:5.99M, Peak:5.99M | Scene, ViewLayer | Finished
Saved: '/tmp/environment-v2-blender/env_yard_crate_clay_90.png'
Time: 00:01.70 (Saving: 00:00.02)

Fra:1 Mem:14.64M (Peak 14.64M) | Time:00:00.00 | Mem:0.00M, Peak:0.00M | Scene, ViewLayer | Synchronizing object | env_yard_crate__lid_pivot_mesh
Fra:1 Mem:14.64M (Peak 14.64M) | Time:00:00.02 | Mem:0.00M, Peak:0.00M | Scene, ViewLayer | Synchronizing object | env_yard_crate__shell_mesh
Fra:1 Mem:14.84M (Peak 14.84M) | Time:00:00.02 | Mem:0.00M, Peak:0.00M | Scene, ViewLayer | Initializing
Fra:1 Mem:14.57M (Peak 14.84M) | Time:00:00.02 | Mem:0.00M, Peak:0.00M | Scene, ViewLayer | Waiting for render to start
Fra:1 Mem:14.57M (Peak 14.84M) | Time:00:00.02 | Mem:0.00M, Peak:0.00M | Scene, ViewLayer | Loading render kernels (may take a few minutes the first time)
Fra:1 Mem:14.57M (Peak 14.84M) | Time:00:00.02 | Mem:0.00M, Peak:0.00M | Scene, ViewLayer | Updating Scene
Fra:1 Mem:14.57M (Peak 14.84M) | Time:00:00.02 | Mem:0.00M, Peak:0.00M | Scene, ViewLayer | Updating Shaders
Fra:1 Mem:14.65M (Peak 14.84M) | Time:00:00.02 | Mem:0.00M, Peak:0.00M | Scene, ViewLayer | Updating Procedurals
Fra:1 Mem:14.65M (Peak 14.84M) | Time:00:00.02 | Mem:0.00M, Peak:0.00M | Scene, ViewLayer | Updating Background
Fra:1 Mem:14.65M (Peak 14.84M) | Time:00:00.02 | Mem:0.00M, Peak:0.00M | Scene, ViewLayer | Updating Camera
Fra:1 Mem:14.65M (Peak 14.84M) | Time:00:00.02 | Mem:0.00M, Peak:0.00M | Scene, ViewLayer | Updating Meshes Flags
Fra:1 Mem:14.65M (Peak 14.84M) | Time:00:00.02 | Mem:0.00M, Peak:0.00M | Scene, ViewLayer | Updating Objects
Fra:1 Mem:14.65M (Peak 14.84M) | Time:00:00.02 | Mem:0.00M, Peak:0.00M | Scene, ViewLayer | Updating Objects | Copying Transformations to device
Fra:1 Mem:14.65M (Peak 14.84M) | Time:00:00.02 | Mem:0.00M, Peak:0.00M | Scene, ViewLayer | Updating Objects | Applying Static Transformations
Fra:1 Mem:14.65M (Peak 14.84M) | Time:00:00.02 | Mem:0.00M, Peak:0.00M | Scene, ViewLayer | Updating Particle Systems
Fra:1 Mem:14.65M (Peak 14.84M) | Time:00:00.02 | Mem:0.00M, Peak:0.00M | Scene, ViewLayer | Updating Particle Systems | Copying Particles to device
Fra:1 Mem:14.65M (Peak 14.84M) | Time:00:00.02 | Mem:0.00M, Peak:0.00M | Scene, ViewLayer | Updating Meshes
Fra:1 Mem:14.67M (Peak 14.84M) | Time:00:00.02 | Mem:0.00M, Peak:0.00M | Scene, ViewLayer | Updating Mesh | Computing attributes
Fra:1 Mem:14.72M (Peak 14.84M) | Time:00:00.02 | Mem:0.00M, Peak:0.00M | Scene, ViewLayer | Updating Mesh | Copying Attributes to device
Fra:1 Mem:14.72M (Peak 14.84M) | Time:00:00.02 | Mem:0.05M, Peak:0.05M | Scene, ViewLayer | Updating Scene BVH | Building
Fra:1 Mem:14.72M (Peak 14.84M) | Time:00:00.02 | Mem:0.05M, Peak:0.05M | Scene, ViewLayer | Updating Scene BVH | Building BVH
Fra:1 Mem:14.72M (Peak 14.84M) | Time:00:00.02 | Mem:0.08M, Peak:0.08M | Scene, ViewLayer | Updating Scene BVH | Building BVH 0%
Fra:1 Mem:14.72M (Peak 14.84M) | Time:00:00.02 | Mem:0.14M, Peak:0.17M | Scene, ViewLayer | Updating Scene BVH | Copying BVH to device
Fra:1 Mem:14.72M (Peak 14.84M) | Time:00:00.02 | Mem:0.14M, Peak:0.17M | Scene, ViewLayer | Updating Mesh | Computing normals
Fra:1 Mem:14.86M (Peak 14.86M) | Time:00:00.02 | Mem:0.14M, Peak:0.17M | Scene, ViewLayer | Updating Mesh | Copying Mesh to device
Fra:1 Mem:14.86M (Peak 14.86M) | Time:00:00.02 | Mem:0.28M, Peak:0.28M | Scene, ViewLayer | Updating Objects Flags
Fra:1 Mem:14.86M (Peak 14.86M) | Time:00:00.02 | Mem:0.28M, Peak:0.28M | Scene, ViewLayer | Updating Primitive Offsets
Fra:1 Mem:14.86M (Peak 14.86M) | Time:00:00.02 | Mem:0.28M, Peak:0.28M | Scene, ViewLayer | Updating Images
Fra:1 Mem:14.86M (Peak 14.86M) | Time:00:00.02 | Mem:0.28M, Peak:0.28M | Scene, ViewLayer | Updating Camera Volume
Fra:1 Mem:14.86M (Peak 14.86M) | Time:00:00.02 | Mem:0.28M, Peak:0.28M | Scene, ViewLayer | Updating Lookup Tables
Fra:1 Mem:14.86M (Peak 14.86M) | Time:00:00.02 | Mem:0.36M, Peak:0.36M | Scene, ViewLayer | Updating Lights
Fra:1 Mem:14.86M (Peak 14.86M) | Time:00:00.02 | Mem:0.36M, Peak:0.36M | Scene, ViewLayer | Updating Lights | Computing tree
Fra:1 Mem:14.86M (Peak 14.86M) | Time:00:00.02 | Mem:0.36M, Peak:0.36M | Scene, ViewLayer | Updating Integrator
Fra:1 Mem:14.86M (Peak 14.86M) | Time:00:00.02 | Mem:0.36M, Peak:0.36M | Scene, ViewLayer | Updating Film
Fra:1 Mem:14.86M (Peak 14.86M) | Time:00:00.02 | Mem:0.28M, Peak:0.36M | Scene, ViewLayer | Updating Lookup Tables
Fra:1 Mem:14.86M (Peak 14.86M) | Time:00:00.02 | Mem:0.36M, Peak:0.36M | Scene, ViewLayer | Updating Baking
Fra:1 Mem:14.86M (Peak 14.86M) | Time:00:00.02 | Mem:0.36M, Peak:0.36M | Scene, ViewLayer | Updating Device | Writing constant memory
Fra:1 Mem:14.86M (Peak 14.86M) | Time:00:00.02 | Mem:0.36M, Peak:0.36M | Scene, ViewLayer | Sample 0/24
Fra:1 Mem:20.50M (Peak 20.50M) | Time:00:00.19 | Remaining:00:04.05 | Mem:5.99M, Peak:5.99M | Scene, ViewLayer | Sample 1/24
Fra:1 Mem:23.00M (Peak 28.00M) | Time:00:03.01 | Mem:5.99M, Peak:5.99M | Scene, ViewLayer | Sample 24/24
Fra:1 Mem:23.00M (Peak 28.00M) | Time:00:03.01 | Mem:5.99M, Peak:5.99M | Scene, ViewLayer | Finished
Saved: '/tmp/environment-v2-blender/env_yard_crate_clay_180.png'
Time: 00:03.04 (Saving: 00:00.02)

BLENDER_STUDY env_yard_crate
16:55:34 | INFO: Data are loaded, start creating Blender stuff
16:55:34 | INFO: Blender create Mesh node Cube.514
16:55:34 | INFO: Blender create Mesh node Cube.510
16:55:34 | INFO: Blender create Mesh node gable
16:55:34 | INFO: Blender create Mesh node gable.001
16:55:34 | INFO: Blender create Mesh node Cube.504
16:55:34 | INFO: Blender create Mesh node Cube.506
16:55:34 | INFO: glTF import finished in 0.01s
Fra:1 Mem:15.20M (Peak 15.20M) | Time:00:00.00 | Mem:0.00M, Peak:0.00M | Scene, ViewLayer | Synchronizing object | env_warehouse_shell__wall_right_mesh
Fra:1 Mem:15.23M (Peak 15.23M) | Time:00:00.00 | Mem:0.00M, Peak:0.00M | Scene, ViewLayer | Synchronizing object | env_warehouse_shell__wall_left_mesh
Fra:1 Mem:15.27M (Peak 15.27M) | Time:00:00.00 | Mem:0.00M, Peak:0.00M | Scene, ViewLayer | Synchronizing object | env_warehouse_shell__wall_front_mesh
Fra:1 Mem:15.29M (Peak 15.29M) | Time:00:00.00 | Mem:0.00M, Peak:0.00M | Scene, ViewLayer | Synchronizing object | env_warehouse_shell__wall_back_mesh
Fra:1 Mem:15.32M (Peak 15.32M) | Time:00:00.00 | Mem:0.00M, Peak:0.00M | Scene, ViewLayer | Synchronizing object | env_warehouse_shell__lintel_mesh
Fra:1 Mem:15.36M (Peak 15.36M) | Time:00:00.00 | Mem:0.00M, Peak:0.00M | Scene, ViewLayer | Synchronizing object | env_warehouse_shell__interior_mesh
Fra:1 Mem:15.38M (Peak 15.38M) | Time:00:00.00 | Mem:0.00M, Peak:0.00M | Scene, ViewLayer | Initializing
Fra:1 Mem:14.93M (Peak 15.38M) | Time:00:00.00 | Mem:0.00M, Peak:0.00M | Scene, ViewLayer | Waiting for render to start
Fra:1 Mem:14.93M (Peak 15.38M) | Time:00:00.00 | Mem:0.00M, Peak:0.00M | Scene, ViewLayer | Loading render kernels (may take a few minutes the first time)
Fra:1 Mem:14.93M (Peak 15.38M) | Time:00:00.00 | Mem:0.00M, Peak:0.00M | Scene, ViewLayer | Updating Scene
Fra:1 Mem:14.93M (Peak 15.38M) | Time:00:00.00 | Mem:0.00M, Peak:0.00M | Scene, ViewLayer | Updating Shaders
Fra:1 Mem:15.02M (Peak 15.38M) | Time:00:00.00 | Mem:0.00M, Peak:0.00M | Scene, ViewLayer | Updating Procedurals
Fra:1 Mem:15.02M (Peak 15.38M) | Time:00:00.00 | Mem:0.00M, Peak:0.00M | Scene, ViewLayer | Updating Background
Fra:1 Mem:15.02M (Peak 15.38M) | Time:00:00.00 | Mem:0.00M, Peak:0.00M | Scene, ViewLayer | Updating Camera
Fra:1 Mem:15.02M (Peak 15.38M) | Time:00:00.00 | Mem:0.00M, Peak:0.00M | Scene, ViewLayer | Updating Meshes Flags
Fra:1 Mem:15.02M (Peak 15.38M) | Time:00:00.00 | Mem:0.00M, Peak:0.00M | Scene, ViewLayer | Updating Objects
Fra:1 Mem:15.02M (Peak 15.38M) | Time:00:00.00 | Mem:0.00M, Peak:0.00M | Scene, ViewLayer | Updating Objects | Copying Transformations to device
Fra:1 Mem:15.02M (Peak 15.38M) | Time:00:00.00 | Mem:0.00M, Peak:0.00M | Scene, ViewLayer | Updating Objects | Applying Static Transformations
Fra:1 Mem:15.02M (Peak 15.38M) | Time:00:00.00 | Mem:0.00M, Peak:0.00M | Scene, ViewLayer | Updating Particle Systems
Fra:1 Mem:15.02M (Peak 15.38M) | Time:00:00.00 | Mem:0.00M, Peak:0.00M | Scene, ViewLayer | Updating Particle Systems | Copying Particles to device
Fra:1 Mem:15.02M (Peak 15.38M) | Time:00:00.00 | Mem:0.00M, Peak:0.00M | Scene, ViewLayer | Updating Meshes
Fra:1 Mem:15.03M (Peak 15.38M) | Time:00:00.00 | Mem:0.00M, Peak:0.00M | Scene, ViewLayer | Updating Mesh | Computing attributes
Fra:1 Mem:15.10M (Peak 15.38M) | Time:00:00.00 | Mem:0.00M, Peak:0.00M | Scene, ViewLayer | Updating Mesh | Copying Attributes to device
Fra:1 Mem:15.10M (Peak 15.38M) | Time:00:00.00 | Mem:0.07M, Peak:0.07M | Scene, ViewLayer | Updating Scene BVH | Building
Fra:1 Mem:15.10M (Peak 15.38M) | Time:00:00.00 | Mem:0.07M, Peak:0.07M | Scene, ViewLayer | Updating Scene BVH | Building BVH
Fra:1 Mem:15.10M (Peak 15.38M) | Time:00:00.00 | Mem:0.09M, Peak:0.09M | Scene, ViewLayer | Updating Scene BVH | Building BVH 0%
Fra:1 Mem:15.10M (Peak 15.38M) | Time:00:00.00 | Mem:0.12M, Peak:0.14M | Scene, ViewLayer | Updating Scene BVH | Copying BVH to device
Fra:1 Mem:15.10M (Peak 15.38M) | Time:00:00.00 | Mem:0.12M, Peak:0.14M | Scene, ViewLayer | Updating Mesh | Computing normals
Fra:1 Mem:15.17M (Peak 15.38M) | Time:00:00.00 | Mem:0.12M, Peak:0.14M | Scene, ViewLayer | Updating Mesh | Copying Mesh to device
Fra:1 Mem:15.17M (Peak 15.38M) | Time:00:00.00 | Mem:0.19M, Peak:0.19M | Scene, ViewLayer | Updating Objects Flags
Fra:1 Mem:15.17M (Peak 15.38M) | Time:00:00.00 | Mem:0.19M, Peak:0.19M | Scene, ViewLayer | Updating Primitive Offsets
Fra:1 Mem:15.17M (Peak 15.38M) | Time:00:00.00 | Mem:0.19M, Peak:0.19M | Scene, ViewLayer | Updating Images
Fra:1 Mem:15.17M (Peak 15.38M) | Time:00:00.00 | Mem:0.19M, Peak:0.19M | Scene, ViewLayer | Updating Images | Loading environment_v2_normal.png
Fra:1 Mem:19.17M (Peak 19.17M) | Time:00:00.01 | Mem:0.19M, Peak:0.19M | Scene, ViewLayer | Updating Images | Loading environment_v2_albedo.png
Fra:1 Mem:23.18M (Peak 23.18M) | Time:00:00.03 | Mem:4.19M, Peak:4.19M | Scene, ViewLayer | Updating Images | Loading environment_v2_orm.png
Fra:1 Mem:27.18M (Peak 27.18M) | Time:00:00.06 | Mem:12.19M, Peak:12.19M | Scene, ViewLayer | Updating Camera Volume
Fra:1 Mem:27.18M (Peak 27.18M) | Time:00:00.06 | Mem:12.19M, Peak:12.19M | Scene, ViewLayer | Updating Lookup Tables
Fra:1 Mem:27.18M (Peak 27.18M) | Time:00:00.06 | Mem:12.27M, Peak:12.27M | Scene, ViewLayer | Updating Lights
Fra:1 Mem:27.18M (Peak 27.18M) | Time:00:00.06 | Mem:12.27M, Peak:12.27M | Scene, ViewLayer | Updating Lights | Computing tree
Fra:1 Mem:27.18M (Peak 27.18M) | Time:00:00.06 | Mem:12.28M, Peak:12.28M | Scene, ViewLayer | Updating Integrator
Fra:1 Mem:27.18M (Peak 27.18M) | Time:00:00.06 | Mem:12.28M, Peak:12.28M | Scene, ViewLayer | Updating Film
Fra:1 Mem:27.19M (Peak 27.19M) | Time:00:00.06 | Mem:12.19M, Peak:12.28M | Scene, ViewLayer | Updating Lookup Tables
Fra:1 Mem:27.19M (Peak 27.19M) | Time:00:00.06 | Mem:12.28M, Peak:12.28M | Scene, ViewLayer | Updating Baking
Fra:1 Mem:27.19M (Peak 27.19M) | Time:00:00.06 | Mem:12.28M, Peak:12.28M | Scene, ViewLayer | Updating Device | Writing constant memory
Fra:1 Mem:27.19M (Peak 27.19M) | Time:00:00.06 | Mem:12.28M, Peak:12.28M | Scene, ViewLayer | Sample 0/24
Fra:1 Mem:32.82M (Peak 32.82M) | Time:00:00.12 | Remaining:00:01.49 | Mem:17.92M, Peak:17.92M | Scene, ViewLayer | Sample 1/24
Fra:1 Mem:35.32M (Peak 40.32M) | Time:00:01.69 | Mem:17.92M, Peak:17.92M | Scene, ViewLayer | Sample 24/24
Fra:1 Mem:35.32M (Peak 40.32M) | Time:00:01.69 | Mem:17.92M, Peak:17.92M | Scene, ViewLayer | Finished
Saved: '/tmp/environment-v2-blender/env_warehouse_shell_shaded_0.png'
Time: 00:01.71 (Saving: 00:00.01)

Fra:1 Mem:15.22M (Peak 15.22M) | Time:00:00.00 | Mem:0.00M, Peak:0.00M | Scene, ViewLayer | Synchronizing object | env_warehouse_shell__interior_mesh
Fra:1 Mem:15.22M (Peak 15.22M) | Time:00:00.00 | Mem:0.00M, Peak:0.00M | Scene, ViewLayer | Synchronizing object | env_warehouse_shell__wall_right_mesh
Fra:1 Mem:15.28M (Peak 15.28M) | Time:00:00.00 | Mem:0.00M, Peak:0.00M | Scene, ViewLayer | Synchronizing object | env_warehouse_shell__wall_left_mesh
Fra:1 Mem:15.31M (Peak 15.31M) | Time:00:00.00 | Mem:0.00M, Peak:0.00M | Scene, ViewLayer | Synchronizing object | env_warehouse_shell__wall_front_mesh
Fra:1 Mem:15.33M (Peak 15.33M) | Time:00:00.00 | Mem:0.00M, Peak:0.00M | Scene, ViewLayer | Synchronizing object | env_warehouse_shell__wall_back_mesh
Fra:1 Mem:15.34M (Peak 15.34M) | Time:00:00.00 | Mem:0.00M, Peak:0.00M | Scene, ViewLayer | Synchronizing object | env_warehouse_shell__lintel_mesh
Fra:1 Mem:15.38M (Peak 15.38M) | Time:00:00.00 | Mem:0.00M, Peak:0.00M | Scene, ViewLayer | Initializing
Fra:1 Mem:14.93M (Peak 15.38M) | Time:00:00.00 | Mem:0.00M, Peak:0.00M | Scene, ViewLayer | Waiting for render to start
Fra:1 Mem:14.93M (Peak 15.38M) | Time:00:00.00 | Mem:0.00M, Peak:0.00M | Scene, ViewLayer | Loading render kernels (may take a few minutes the first time)
Fra:1 Mem:14.93M (Peak 15.38M) | Time:00:00.00 | Mem:0.00M, Peak:0.00M | Scene, ViewLayer | Updating Scene
Fra:1 Mem:14.93M (Peak 15.38M) | Time:00:00.00 | Mem:0.00M, Peak:0.00M | Scene, ViewLayer | Updating Shaders
Fra:1 Mem:15.02M (Peak 15.38M) | Time:00:00.00 | Mem:0.00M, Peak:0.00M | Scene, ViewLayer | Updating Procedurals
Fra:1 Mem:15.02M (Peak 15.38M) | Time:00:00.00 | Mem:0.00M, Peak:0.00M | Scene, ViewLayer | Updating Background
Fra:1 Mem:15.02M (Peak 15.38M) | Time:00:00.00 | Mem:0.00M, Peak:0.00M | Scene, ViewLayer | Updating Camera
Fra:1 Mem:15.02M (Peak 15.38M) | Time:00:00.00 | Mem:0.00M, Peak:0.00M | Scene, ViewLayer | Updating Meshes Flags
Fra:1 Mem:15.02M (Peak 15.38M) | Time:00:00.00 | Mem:0.00M, Peak:0.00M | Scene, ViewLayer | Updating Objects
Fra:1 Mem:15.02M (Peak 15.38M) | Time:00:00.00 | Mem:0.00M, Peak:0.00M | Scene, ViewLayer | Updating Objects | Copying Transformations to device
Fra:1 Mem:15.02M (Peak 15.38M) | Time:00:00.00 | Mem:0.00M, Peak:0.00M | Scene, ViewLayer | Updating Objects | Applying Static Transformations
Fra:1 Mem:15.02M (Peak 15.38M) | Time:00:00.00 | Mem:0.00M, Peak:0.00M | Scene, ViewLayer | Updating Particle Systems
Fra:1 Mem:15.02M (Peak 15.38M) | Time:00:00.00 | Mem:0.00M, Peak:0.00M | Scene, ViewLayer | Updating Particle Systems | Copying Particles to device
Fra:1 Mem:15.02M (Peak 15.38M) | Time:00:00.00 | Mem:0.00M, Peak:0.00M | Scene, ViewLayer | Updating Meshes
Fra:1 Mem:15.03M (Peak 15.38M) | Time:00:00.00 | Mem:0.00M, Peak:0.00M | Scene, ViewLayer | Updating Mesh | Computing attributes
Fra:1 Mem:15.10M (Peak 15.38M) | Time:00:00.00 | Mem:0.00M, Peak:0.00M | Scene, ViewLayer | Updating Mesh | Copying Attributes to device
Fra:1 Mem:15.10M (Peak 15.38M) | Time:00:00.00 | Mem:0.07M, Peak:0.07M | Scene, ViewLayer | Updating Scene BVH | Building
Fra:1 Mem:15.10M (Peak 15.38M) | Time:00:00.00 | Mem:0.07M, Peak:0.07M | Scene, ViewLayer | Updating Scene BVH | Building BVH
Fra:1 Mem:15.10M (Peak 15.38M) | Time:00:00.00 | Mem:0.09M, Peak:0.09M | Scene, ViewLayer | Updating Scene BVH | Building BVH 0%
Fra:1 Mem:15.10M (Peak 15.38M) | Time:00:00.00 | Mem:0.12M, Peak:0.14M | Scene, ViewLayer | Updating Scene BVH | Copying BVH to device
Fra:1 Mem:15.10M (Peak 15.38M) | Time:00:00.00 | Mem:0.12M, Peak:0.14M | Scene, ViewLayer | Updating Mesh | Computing normals
Fra:1 Mem:15.17M (Peak 15.38M) | Time:00:00.00 | Mem:0.12M, Peak:0.14M | Scene, ViewLayer | Updating Mesh | Copying Mesh to device
Fra:1 Mem:15.17M (Peak 15.38M) | Time:00:00.00 | Mem:0.19M, Peak:0.19M | Scene, ViewLayer | Updating Objects Flags
Fra:1 Mem:15.17M (Peak 15.38M) | Time:00:00.00 | Mem:0.19M, Peak:0.19M | Scene, ViewLayer | Updating Primitive Offsets
Fra:1 Mem:15.17M (Peak 15.38M) | Time:00:00.00 | Mem:0.19M, Peak:0.19M | Scene, ViewLayer | Updating Images
Fra:1 Mem:15.17M (Peak 15.38M) | Time:00:00.00 | Mem:0.19M, Peak:0.19M | Scene, ViewLayer | Updating Images | Loading environment_v2_normal.png
Fra:1 Mem:19.17M (Peak 19.17M) | Time:00:00.00 | Mem:0.19M, Peak:0.19M | Scene, ViewLayer | Updating Images | Loading environment_v2_albedo.png
Fra:1 Mem:23.18M (Peak 23.18M) | Time:00:00.03 | Mem:4.19M, Peak:4.19M | Scene, ViewLayer | Updating Images | Loading environment_v2_orm.png
Fra:1 Mem:27.18M (Peak 27.18M) | Time:00:00.10 | Mem:12.19M, Peak:12.19M | Scene, ViewLayer | Updating Camera Volume
Fra:1 Mem:27.18M (Peak 27.18M) | Time:00:00.10 | Mem:12.19M, Peak:12.19M | Scene, ViewLayer | Updating Lookup Tables
Fra:1 Mem:27.18M (Peak 27.18M) | Time:00:00.10 | Mem:12.27M, Peak:12.27M | Scene, ViewLayer | Updating Lights
Fra:1 Mem:27.18M (Peak 27.18M) | Time:00:00.10 | Mem:12.27M, Peak:12.27M | Scene, ViewLayer | Updating Lights | Computing tree
Fra:1 Mem:27.18M (Peak 27.18M) | Time:00:00.10 | Mem:12.28M, Peak:12.28M | Scene, ViewLayer | Updating Integrator
Fra:1 Mem:27.18M (Peak 27.18M) | Time:00:00.10 | Mem:12.28M, Peak:12.28M | Scene, ViewLayer | Updating Film
Fra:1 Mem:27.19M (Peak 27.19M) | Time:00:00.10 | Mem:12.19M, Peak:12.28M | Scene, ViewLayer | Updating Lookup Tables
Fra:1 Mem:27.19M (Peak 27.19M) | Time:00:00.10 | Mem:12.28M, Peak:12.28M | Scene, ViewLayer | Updating Baking
Fra:1 Mem:27.19M (Peak 27.19M) | Time:00:00.10 | Mem:12.28M, Peak:12.28M | Scene, ViewLayer | Updating Device | Writing constant memory
Fra:1 Mem:27.19M (Peak 27.19M) | Time:00:00.10 | Mem:12.28M, Peak:12.28M | Scene, ViewLayer | Sample 0/24
Fra:1 Mem:32.82M (Peak 32.82M) | Time:00:00.19 | Remaining:00:02.07 | Mem:17.92M, Peak:17.92M | Scene, ViewLayer | Sample 1/24
Fra:1 Mem:35.32M (Peak 40.32M) | Time:00:01.85 | Mem:17.92M, Peak:17.92M | Scene, ViewLayer | Sample 24/24
Fra:1 Mem:35.32M (Peak 40.32M) | Time:00:01.85 | Mem:17.92M, Peak:17.92M | Scene, ViewLayer | Finished
Saved: '/tmp/environment-v2-blender/env_warehouse_shell_shaded_90.png'
Time: 00:01.88 (Saving: 00:00.02)

Fra:1 Mem:15.22M (Peak 15.22M) | Time:00:00.00 | Mem:0.00M, Peak:0.00M | Scene, ViewLayer | Synchronizing object | env_warehouse_shell__interior_mesh
Fra:1 Mem:15.22M (Peak 15.22M) | Time:00:00.00 | Mem:0.00M, Peak:0.00M | Scene, ViewLayer | Synchronizing object | env_warehouse_shell__wall_right_mesh
Fra:1 Mem:15.29M (Peak 15.29M) | Time:00:00.00 | Mem:0.00M, Peak:0.00M | Scene, ViewLayer | Synchronizing object | env_warehouse_shell__lintel_mesh
Fra:1 Mem:15.35M (Peak 15.35M) | Time:00:00.00 | Mem:0.00M, Peak:0.00M | Scene, ViewLayer | Synchronizing object | env_warehouse_shell__wall_left_mesh
Fra:1 Mem:15.33M (Peak 15.35M) | Time:00:00.00 | Mem:0.00M, Peak:0.00M | Scene, ViewLayer | Synchronizing object | env_warehouse_shell__wall_back_mesh
Fra:1 Mem:15.38M (Peak 15.38M) | Time:00:00.00 | Mem:0.00M, Peak:0.00M | Scene, ViewLayer | Synchronizing object | env_warehouse_shell__wall_front_mesh
Fra:1 Mem:15.38M (Peak 15.38M) | Time:00:00.00 | Mem:0.00M, Peak:0.00M | Scene, ViewLayer | Initializing
Fra:1 Mem:14.93M (Peak 15.38M) | Time:00:00.00 | Mem:0.00M, Peak:0.00M | Scene, ViewLayer | Waiting for render to start
Fra:1 Mem:14.93M (Peak 15.38M) | Time:00:00.00 | Mem:0.00M, Peak:0.00M | Scene, ViewLayer | Loading render kernels (may take a few minutes the first time)
Fra:1 Mem:14.93M (Peak 15.38M) | Time:00:00.00 | Mem:0.00M, Peak:0.00M | Scene, ViewLayer | Updating Scene
Fra:1 Mem:14.93M (Peak 15.38M) | Time:00:00.00 | Mem:0.00M, Peak:0.00M | Scene, ViewLayer | Updating Shaders
Fra:1 Mem:15.02M (Peak 15.38M) | Time:00:00.00 | Mem:0.00M, Peak:0.00M | Scene, ViewLayer | Updating Procedurals
Fra:1 Mem:15.02M (Peak 15.38M) | Time:00:00.00 | Mem:0.00M, Peak:0.00M | Scene, ViewLayer | Updating Background
Fra:1 Mem:15.02M (Peak 15.38M) | Time:00:00.00 | Mem:0.00M, Peak:0.00M | Scene, ViewLayer | Updating Camera
Fra:1 Mem:15.02M (Peak 15.38M) | Time:00:00.00 | Mem:0.00M, Peak:0.00M | Scene, ViewLayer | Updating Meshes Flags
Fra:1 Mem:15.02M (Peak 15.38M) | Time:00:00.00 | Mem:0.00M, Peak:0.00M | Scene, ViewLayer | Updating Objects
Fra:1 Mem:15.02M (Peak 15.38M) | Time:00:00.00 | Mem:0.00M, Peak:0.00M | Scene, ViewLayer | Updating Objects | Copying Transformations to device
Fra:1 Mem:15.02M (Peak 15.38M) | Time:00:00.00 | Mem:0.00M, Peak:0.00M | Scene, ViewLayer | Updating Objects | Applying Static Transformations
Fra:1 Mem:15.02M (Peak 15.38M) | Time:00:00.00 | Mem:0.00M, Peak:0.00M | Scene, ViewLayer | Updating Particle Systems
Fra:1 Mem:15.02M (Peak 15.38M) | Time:00:00.00 | Mem:0.00M, Peak:0.00M | Scene, ViewLayer | Updating Particle Systems | Copying Particles to device
Fra:1 Mem:15.02M (Peak 15.38M) | Time:00:00.00 | Mem:0.00M, Peak:0.00M | Scene, ViewLayer | Updating Meshes
Fra:1 Mem:15.03M (Peak 15.38M) | Time:00:00.00 | Mem:0.00M, Peak:0.00M | Scene, ViewLayer | Updating Mesh | Computing attributes
Fra:1 Mem:15.10M (Peak 15.38M) | Time:00:00.00 | Mem:0.00M, Peak:0.00M | Scene, ViewLayer | Updating Mesh | Copying Attributes to device
Fra:1 Mem:15.10M (Peak 15.38M) | Time:00:00.00 | Mem:0.07M, Peak:0.07M | Scene, ViewLayer | Updating Scene BVH | Building
Fra:1 Mem:15.10M (Peak 15.38M) | Time:00:00.00 | Mem:0.07M, Peak:0.07M | Scene, ViewLayer | Updating Scene BVH | Building BVH
Fra:1 Mem:15.10M (Peak 15.38M) | Time:00:00.00 | Mem:0.09M, Peak:0.09M | Scene, ViewLayer | Updating Scene BVH | Building BVH 0%
Fra:1 Mem:15.10M (Peak 15.38M) | Time:00:00.00 | Mem:0.12M, Peak:0.14M | Scene, ViewLayer | Updating Scene BVH | Copying BVH to device
Fra:1 Mem:15.10M (Peak 15.38M) | Time:00:00.00 | Mem:0.12M, Peak:0.14M | Scene, ViewLayer | Updating Mesh | Computing normals
Fra:1 Mem:15.17M (Peak 15.38M) | Time:00:00.00 | Mem:0.12M, Peak:0.14M | Scene, ViewLayer | Updating Mesh | Copying Mesh to device
Fra:1 Mem:15.17M (Peak 15.38M) | Time:00:00.00 | Mem:0.19M, Peak:0.19M | Scene, ViewLayer | Updating Objects Flags
Fra:1 Mem:15.17M (Peak 15.38M) | Time:00:00.00 | Mem:0.19M, Peak:0.19M | Scene, ViewLayer | Updating Primitive Offsets
Fra:1 Mem:15.17M (Peak 15.38M) | Time:00:00.00 | Mem:0.19M, Peak:0.19M | Scene, ViewLayer | Updating Images
Fra:1 Mem:15.17M (Peak 15.38M) | Time:00:00.00 | Mem:0.19M, Peak:0.19M | Scene, ViewLayer | Updating Images | Loading environment_v2_normal.png
Fra:1 Mem:19.17M (Peak 19.17M) | Time:00:00.00 | Mem:0.19M, Peak:0.19M | Scene, ViewLayer | Updating Images | Loading environment_v2_albedo.png
Fra:1 Mem:23.18M (Peak 23.18M) | Time:00:00.03 | Mem:4.19M, Peak:4.19M | Scene, ViewLayer | Updating Images | Loading environment_v2_orm.png
Fra:1 Mem:27.18M (Peak 27.18M) | Time:00:00.06 | Mem:12.19M, Peak:12.19M | Scene, ViewLayer | Updating Camera Volume
Fra:1 Mem:27.18M (Peak 27.18M) | Time:00:00.06 | Mem:12.19M, Peak:12.19M | Scene, ViewLayer | Updating Lookup Tables
Fra:1 Mem:27.18M (Peak 27.18M) | Time:00:00.06 | Mem:12.27M, Peak:12.27M | Scene, ViewLayer | Updating Lights
Fra:1 Mem:27.18M (Peak 27.18M) | Time:00:00.06 | Mem:12.27M, Peak:12.27M | Scene, ViewLayer | Updating Lights | Computing tree
Fra:1 Mem:27.18M (Peak 27.18M) | Time:00:00.06 | Mem:12.28M, Peak:12.28M | Scene, ViewLayer | Updating Integrator
Fra:1 Mem:27.18M (Peak 27.18M) | Time:00:00.06 | Mem:12.28M, Peak:12.28M | Scene, ViewLayer | Updating Film
Fra:1 Mem:27.19M (Peak 27.19M) | Time:00:00.06 | Mem:12.19M, Peak:12.28M | Scene, ViewLayer | Updating Lookup Tables
Fra:1 Mem:27.19M (Peak 27.19M) | Time:00:00.06 | Mem:12.28M, Peak:12.28M | Scene, ViewLayer | Updating Baking
Fra:1 Mem:27.19M (Peak 27.19M) | Time:00:00.06 | Mem:12.28M, Peak:12.28M | Scene, ViewLayer | Updating Device | Writing constant memory
Fra:1 Mem:27.19M (Peak 27.19M) | Time:00:00.06 | Mem:12.28M, Peak:12.28M | Scene, ViewLayer | Sample 0/24
Fra:1 Mem:32.82M (Peak 32.82M) | Time:00:00.14 | Remaining:00:01.81 | Mem:17.92M, Peak:17.92M | Scene, ViewLayer | Sample 1/24
Fra:1 Mem:35.32M (Peak 40.32M) | Time:00:02.16 | Mem:17.92M, Peak:17.92M | Scene, ViewLayer | Sample 24/24
Fra:1 Mem:35.32M (Peak 40.32M) | Time:00:02.16 | Mem:17.92M, Peak:17.92M | Scene, ViewLayer | Finished
Saved: '/tmp/environment-v2-blender/env_warehouse_shell_shaded_180.png'
Time: 00:02.18 (Saving: 00:00.01)

Fra:1 Mem:15.16M (Peak 15.16M) | Time:00:00.00 | Mem:0.00M, Peak:0.00M | Scene, ViewLayer | Synchronizing object | env_warehouse_shell__interior_mesh
Fra:1 Mem:15.16M (Peak 15.16M) | Time:00:00.00 | Mem:0.00M, Peak:0.00M | Scene, ViewLayer | Synchronizing object | env_warehouse_shell__wall_right_mesh
Fra:1 Mem:15.19M (Peak 15.19M) | Time:00:00.00 | Mem:0.00M, Peak:0.00M | Scene, ViewLayer | Synchronizing object | env_warehouse_shell__wall_left_mesh
Fra:1 Mem:15.19M (Peak 15.19M) | Time:00:00.00 | Mem:0.00M, Peak:0.00M | Scene, ViewLayer | Synchronizing object | env_warehouse_shell__lintel_mesh
Fra:1 Mem:15.29M (Peak 15.29M) | Time:00:00.00 | Mem:0.00M, Peak:0.00M | Scene, ViewLayer | Synchronizing object | env_warehouse_shell__wall_front_mesh
Fra:1 Mem:15.28M (Peak 15.29M) | Time:00:00.00 | Mem:0.00M, Peak:0.00M | Scene, ViewLayer | Synchronizing object | env_warehouse_shell__wall_back_mesh
Fra:1 Mem:15.26M (Peak 15.29M) | Time:00:00.00 | Mem:0.00M, Peak:0.00M | Scene, ViewLayer | Initializing
Fra:1 Mem:14.85M (Peak 15.29M) | Time:00:00.00 | Mem:0.00M, Peak:0.00M | Scene, ViewLayer | Waiting for render to start
Fra:1 Mem:14.85M (Peak 15.29M) | Time:00:00.00 | Mem:0.00M, Peak:0.00M | Scene, ViewLayer | Loading render kernels (may take a few minutes the first time)
Fra:1 Mem:14.85M (Peak 15.29M) | Time:00:00.00 | Mem:0.00M, Peak:0.00M | Scene, ViewLayer | Updating Scene
Fra:1 Mem:14.85M (Peak 15.29M) | Time:00:00.00 | Mem:0.00M, Peak:0.00M | Scene, ViewLayer | Updating Shaders
Fra:1 Mem:14.93M (Peak 15.29M) | Time:00:00.00 | Mem:0.00M, Peak:0.00M | Scene, ViewLayer | Updating Procedurals
Fra:1 Mem:14.93M (Peak 15.29M) | Time:00:00.00 | Mem:0.00M, Peak:0.00M | Scene, ViewLayer | Updating Background
Fra:1 Mem:14.93M (Peak 15.29M) | Time:00:00.00 | Mem:0.00M, Peak:0.00M | Scene, ViewLayer | Updating Camera
Fra:1 Mem:14.93M (Peak 15.29M) | Time:00:00.00 | Mem:0.00M, Peak:0.00M | Scene, ViewLayer | Updating Meshes Flags
Fra:1 Mem:14.93M (Peak 15.29M) | Time:00:00.00 | Mem:0.00M, Peak:0.00M | Scene, ViewLayer | Updating Objects
Fra:1 Mem:14.93M (Peak 15.29M) | Time:00:00.00 | Mem:0.00M, Peak:0.00M | Scene, ViewLayer | Updating Objects | Copying Transformations to device
Fra:1 Mem:14.93M (Peak 15.29M) | Time:00:00.00 | Mem:0.00M, Peak:0.00M | Scene, ViewLayer | Updating Objects | Applying Static Transformations
Fra:1 Mem:14.93M (Peak 15.29M) | Time:00:00.00 | Mem:0.00M, Peak:0.00M | Scene, ViewLayer | Updating Particle Systems
Fra:1 Mem:14.93M (Peak 15.29M) | Time:00:00.00 | Mem:0.00M, Peak:0.00M | Scene, ViewLayer | Updating Particle Systems | Copying Particles to device
Fra:1 Mem:14.93M (Peak 15.29M) | Time:00:00.00 | Mem:0.00M, Peak:0.00M | Scene, ViewLayer | Updating Meshes
Fra:1 Mem:14.94M (Peak 15.29M) | Time:00:00.00 | Mem:0.00M, Peak:0.00M | Scene, ViewLayer | Updating Mesh | Computing attributes
Fra:1 Mem:14.97M (Peak 15.29M) | Time:00:00.00 | Mem:0.00M, Peak:0.00M | Scene, ViewLayer | Updating Mesh | Copying Attributes to device
Fra:1 Mem:14.97M (Peak 15.29M) | Time:00:00.00 | Mem:0.03M, Peak:0.03M | Scene, ViewLayer | Updating Scene BVH | Building
Fra:1 Mem:14.97M (Peak 15.29M) | Time:00:00.00 | Mem:0.03M, Peak:0.03M | Scene, ViewLayer | Updating Scene BVH | Building BVH
Fra:1 Mem:14.97M (Peak 15.29M) | Time:00:00.00 | Mem:0.05M, Peak:0.05M | Scene, ViewLayer | Updating Scene BVH | Building BVH 0%
Fra:1 Mem:14.97M (Peak 15.29M) | Time:00:00.00 | Mem:0.07M, Peak:0.09M | Scene, ViewLayer | Updating Scene BVH | Copying BVH to device
Fra:1 Mem:14.97M (Peak 15.29M) | Time:00:00.00 | Mem:0.07M, Peak:0.09M | Scene, ViewLayer | Updating Mesh | Computing normals
Fra:1 Mem:15.04M (Peak 15.29M) | Time:00:00.00 | Mem:0.07M, Peak:0.09M | Scene, ViewLayer | Updating Mesh | Copying Mesh to device
Fra:1 Mem:15.04M (Peak 15.29M) | Time:00:00.00 | Mem:0.15M, Peak:0.15M | Scene, ViewLayer | Updating Objects Flags
Fra:1 Mem:15.04M (Peak 15.29M) | Time:00:00.00 | Mem:0.15M, Peak:0.15M | Scene, ViewLayer | Updating Primitive Offsets
Fra:1 Mem:15.04M (Peak 15.29M) | Time:00:00.00 | Mem:0.15M, Peak:0.15M | Scene, ViewLayer | Updating Images
Fra:1 Mem:15.04M (Peak 15.29M) | Time:00:00.00 | Mem:0.15M, Peak:0.15M | Scene, ViewLayer | Updating Camera Volume
Fra:1 Mem:15.04M (Peak 15.29M) | Time:00:00.00 | Mem:0.15M, Peak:0.15M | Scene, ViewLayer | Updating Lookup Tables
Fra:1 Mem:15.04M (Peak 15.29M) | Time:00:00.00 | Mem:0.23M, Peak:0.23M | Scene, ViewLayer | Updating Lights
Fra:1 Mem:15.04M (Peak 15.29M) | Time:00:00.00 | Mem:0.23M, Peak:0.23M | Scene, ViewLayer | Updating Lights | Computing tree
Fra:1 Mem:15.04M (Peak 15.29M) | Time:00:00.00 | Mem:0.23M, Peak:0.23M | Scene, ViewLayer | Updating Integrator
Fra:1 Mem:15.04M (Peak 15.29M) | Time:00:00.00 | Mem:0.23M, Peak:0.23M | Scene, ViewLayer | Updating Film
Fra:1 Mem:15.04M (Peak 15.29M) | Time:00:00.00 | Mem:0.15M, Peak:0.23M | Scene, ViewLayer | Updating Lookup Tables
Fra:1 Mem:15.04M (Peak 15.29M) | Time:00:00.00 | Mem:0.23M, Peak:0.23M | Scene, ViewLayer | Updating Baking
Fra:1 Mem:15.04M (Peak 15.29M) | Time:00:00.00 | Mem:0.23M, Peak:0.23M | Scene, ViewLayer | Updating Device | Writing constant memory
Fra:1 Mem:15.05M (Peak 15.29M) | Time:00:00.00 | Mem:0.23M, Peak:0.23M | Scene, ViewLayer | Sample 0/24
Fra:1 Mem:20.68M (Peak 20.68M) | Time:00:00.07 | Remaining:00:01.66 | Mem:5.86M, Peak:5.86M | Scene, ViewLayer | Sample 1/24
Fra:1 Mem:23.18M (Peak 28.18M) | Time:00:01.65 | Mem:5.86M, Peak:5.86M | Scene, ViewLayer | Sample 24/24
Fra:1 Mem:23.18M (Peak 28.18M) | Time:00:01.65 | Mem:5.86M, Peak:5.86M | Scene, ViewLayer | Finished
Saved: '/tmp/environment-v2-blender/env_warehouse_shell_clay_0.png'
Time: 00:01.67 (Saving: 00:00.01)

Fra:1 Mem:15.16M (Peak 15.16M) | Time:00:00.00 | Mem:0.00M, Peak:0.00M | Scene, ViewLayer | Synchronizing object | env_warehouse_shell__interior_mesh
Fra:1 Mem:15.16M (Peak 15.16M) | Time:00:00.00 | Mem:0.00M, Peak:0.00M | Scene, ViewLayer | Synchronizing object | env_warehouse_shell__wall_right_mesh
Fra:1 Mem:15.22M (Peak 15.22M) | Time:00:00.00 | Mem:0.00M, Peak:0.00M | Scene, ViewLayer | Synchronizing object | env_warehouse_shell__lintel_mesh
Fra:1 Mem:15.25M (Peak 15.25M) | Time:00:00.00 | Mem:0.00M, Peak:0.00M | Scene, ViewLayer | Synchronizing object | env_warehouse_shell__wall_left_mesh
Fra:1 Mem:15.28M (Peak 15.28M) | Time:00:00.00 | Mem:0.00M, Peak:0.00M | Scene, ViewLayer | Synchronizing object | env_warehouse_shell__wall_front_mesh
Fra:1 Mem:15.25M (Peak 15.28M) | Time:00:00.00 | Mem:0.00M, Peak:0.00M | Scene, ViewLayer | Synchronizing object | env_warehouse_shell__wall_back_mesh
Fra:1 Mem:15.26M (Peak 15.28M) | Time:00:00.00 | Mem:0.00M, Peak:0.00M | Scene, ViewLayer | Initializing
Fra:1 Mem:14.85M (Peak 15.28M) | Time:00:00.00 | Mem:0.00M, Peak:0.00M | Scene, ViewLayer | Waiting for render to start
Fra:1 Mem:14.85M (Peak 15.28M) | Time:00:00.00 | Mem:0.00M, Peak:0.00M | Scene, ViewLayer | Loading render kernels (may take a few minutes the first time)
Fra:1 Mem:14.85M (Peak 15.28M) | Time:00:00.00 | Mem:0.00M, Peak:0.00M | Scene, ViewLayer | Updating Scene
Fra:1 Mem:14.85M (Peak 15.28M) | Time:00:00.00 | Mem:0.00M, Peak:0.00M | Scene, ViewLayer | Updating Shaders
Fra:1 Mem:14.93M (Peak 15.28M) | Time:00:00.00 | Mem:0.00M, Peak:0.00M | Scene, ViewLayer | Updating Procedurals
Fra:1 Mem:14.93M (Peak 15.28M) | Time:00:00.00 | Mem:0.00M, Peak:0.00M | Scene, ViewLayer | Updating Background
Fra:1 Mem:14.93M (Peak 15.28M) | Time:00:00.00 | Mem:0.00M, Peak:0.00M | Scene, ViewLayer | Updating Camera
Fra:1 Mem:14.93M (Peak 15.28M) | Time:00:00.00 | Mem:0.00M, Peak:0.00M | Scene, ViewLayer | Updating Meshes Flags
Fra:1 Mem:14.93M (Peak 15.28M) | Time:00:00.00 | Mem:0.00M, Peak:0.00M | Scene, ViewLayer | Updating Objects
Fra:1 Mem:14.93M (Peak 15.28M) | Time:00:00.00 | Mem:0.00M, Peak:0.00M | Scene, ViewLayer | Updating Objects | Copying Transformations to device
Fra:1 Mem:14.93M (Peak 15.28M) | Time:00:00.00 | Mem:0.00M, Peak:0.00M | Scene, ViewLayer | Updating Objects | Applying Static Transformations
Fra:1 Mem:14.93M (Peak 15.28M) | Time:00:00.00 | Mem:0.00M, Peak:0.00M | Scene, ViewLayer | Updating Particle Systems
Fra:1 Mem:14.93M (Peak 15.28M) | Time:00:00.00 | Mem:0.00M, Peak:0.00M | Scene, ViewLayer | Updating Particle Systems | Copying Particles to device
Fra:1 Mem:14.93M (Peak 15.28M) | Time:00:00.00 | Mem:0.00M, Peak:0.00M | Scene, ViewLayer | Updating Meshes
Fra:1 Mem:14.94M (Peak 15.28M) | Time:00:00.00 | Mem:0.00M, Peak:0.00M | Scene, ViewLayer | Updating Mesh | Computing attributes
Fra:1 Mem:14.97M (Peak 15.28M) | Time:00:00.00 | Mem:0.00M, Peak:0.00M | Scene, ViewLayer | Updating Mesh | Copying Attributes to device
Fra:1 Mem:14.97M (Peak 15.28M) | Time:00:00.00 | Mem:0.03M, Peak:0.03M | Scene, ViewLayer | Updating Scene BVH | Building
Fra:1 Mem:14.97M (Peak 15.28M) | Time:00:00.00 | Mem:0.03M, Peak:0.03M | Scene, ViewLayer | Updating Scene BVH | Building BVH
Fra:1 Mem:14.97M (Peak 15.28M) | Time:00:00.00 | Mem:0.05M, Peak:0.05M | Scene, ViewLayer | Updating Scene BVH | Building BVH 0%
Fra:1 Mem:14.97M (Peak 15.28M) | Time:00:00.00 | Mem:0.07M, Peak:0.09M | Scene, ViewLayer | Updating Scene BVH | Copying BVH to device
Fra:1 Mem:14.97M (Peak 15.28M) | Time:00:00.00 | Mem:0.07M, Peak:0.09M | Scene, ViewLayer | Updating Mesh | Computing normals
Fra:1 Mem:15.04M (Peak 15.28M) | Time:00:00.00 | Mem:0.07M, Peak:0.09M | Scene, ViewLayer | Updating Mesh | Copying Mesh to device
Fra:1 Mem:15.04M (Peak 15.28M) | Time:00:00.00 | Mem:0.15M, Peak:0.15M | Scene, ViewLayer | Updating Objects Flags
Fra:1 Mem:15.04M (Peak 15.28M) | Time:00:00.00 | Mem:0.15M, Peak:0.15M | Scene, ViewLayer | Updating Primitive Offsets
Fra:1 Mem:15.04M (Peak 15.28M) | Time:00:00.00 | Mem:0.15M, Peak:0.15M | Scene, ViewLayer | Updating Images
Fra:1 Mem:15.04M (Peak 15.28M) | Time:00:00.00 | Mem:0.15M, Peak:0.15M | Scene, ViewLayer | Updating Camera Volume
Fra:1 Mem:15.04M (Peak 15.28M) | Time:00:00.00 | Mem:0.15M, Peak:0.15M | Scene, ViewLayer | Updating Lookup Tables
Fra:1 Mem:15.04M (Peak 15.28M) | Time:00:00.00 | Mem:0.23M, Peak:0.23M | Scene, ViewLayer | Updating Lights
Fra:1 Mem:15.04M (Peak 15.28M) | Time:00:00.00 | Mem:0.23M, Peak:0.23M | Scene, ViewLayer | Updating Lights | Computing tree
Fra:1 Mem:15.04M (Peak 15.28M) | Time:00:00.00 | Mem:0.23M, Peak:0.23M | Scene, ViewLayer | Updating Integrator
Fra:1 Mem:15.04M (Peak 15.28M) | Time:00:00.00 | Mem:0.23M, Peak:0.23M | Scene, ViewLayer | Updating Film
Fra:1 Mem:15.04M (Peak 15.28M) | Time:00:00.00 | Mem:0.15M, Peak:0.23M | Scene, ViewLayer | Updating Lookup Tables
Fra:1 Mem:15.04M (Peak 15.28M) | Time:00:00.00 | Mem:0.23M, Peak:0.23M | Scene, ViewLayer | Updating Baking
Fra:1 Mem:15.04M (Peak 15.28M) | Time:00:00.00 | Mem:0.23M, Peak:0.23M | Scene, ViewLayer | Updating Device | Writing constant memory
Fra:1 Mem:15.05M (Peak 15.28M) | Time:00:00.00 | Mem:0.23M, Peak:0.23M | Scene, ViewLayer | Sample 0/24
Fra:1 Mem:20.68M (Peak 20.68M) | Time:00:00.07 | Remaining:00:01.56 | Mem:5.86M, Peak:5.86M | Scene, ViewLayer | Sample 1/24
Fra:1 Mem:23.18M (Peak 28.18M) | Time:00:01.64 | Mem:5.86M, Peak:5.86M | Scene, ViewLayer | Sample 24/24
Fra:1 Mem:23.18M (Peak 28.18M) | Time:00:01.64 | Mem:5.86M, Peak:5.86M | Scene, ViewLayer | Finished
Saved: '/tmp/environment-v2-blender/env_warehouse_shell_clay_90.png'
Time: 00:01.66 (Saving: 00:00.01)

Fra:1 Mem:15.16M (Peak 15.16M) | Time:00:00.00 | Mem:0.00M, Peak:0.00M | Scene, ViewLayer | Synchronizing object | env_warehouse_shell__interior_mesh
Fra:1 Mem:15.16M (Peak 15.16M) | Time:00:00.00 | Mem:0.00M, Peak:0.00M | Scene, ViewLayer | Synchronizing object | env_warehouse_shell__wall_right_mesh
Fra:1 Mem:15.20M (Peak 15.20M) | Time:00:00.00 | Mem:0.00M, Peak:0.00M | Scene, ViewLayer | Synchronizing object | env_warehouse_shell__lintel_mesh
Fra:1 Mem:15.25M (Peak 15.25M) | Time:00:00.00 | Mem:0.00M, Peak:0.00M | Scene, ViewLayer | Synchronizing object | env_warehouse_shell__wall_left_mesh
Fra:1 Mem:15.28M (Peak 15.28M) | Time:00:00.00 | Mem:0.00M, Peak:0.00M | Scene, ViewLayer | Synchronizing object | env_warehouse_shell__wall_front_mesh
Fra:1 Mem:15.25M (Peak 15.28M) | Time:00:00.00 | Mem:0.00M, Peak:0.00M | Scene, ViewLayer | Synchronizing object | env_warehouse_shell__wall_back_mesh
Fra:1 Mem:15.26M (Peak 15.28M) | Time:00:00.00 | Mem:0.00M, Peak:0.00M | Scene, ViewLayer | Initializing
Fra:1 Mem:14.85M (Peak 15.28M) | Time:00:00.00 | Mem:0.00M, Peak:0.00M | Scene, ViewLayer | Waiting for render to start
Fra:1 Mem:14.85M (Peak 15.28M) | Time:00:00.00 | Mem:0.00M, Peak:0.00M | Scene, ViewLayer | Loading render kernels (may take a few minutes the first time)
Fra:1 Mem:14.85M (Peak 15.28M) | Time:00:00.00 | Mem:0.00M, Peak:0.00M | Scene, ViewLayer | Updating Scene
Fra:1 Mem:14.85M (Peak 15.28M) | Time:00:00.00 | Mem:0.00M, Peak:0.00M | Scene, ViewLayer | Updating Shaders
Fra:1 Mem:14.93M (Peak 15.28M) | Time:00:00.00 | Mem:0.00M, Peak:0.00M | Scene, ViewLayer | Updating Procedurals
Fra:1 Mem:14.93M (Peak 15.28M) | Time:00:00.00 | Mem:0.00M, Peak:0.00M | Scene, ViewLayer | Updating Background
Fra:1 Mem:14.93M (Peak 15.28M) | Time:00:00.00 | Mem:0.00M, Peak:0.00M | Scene, ViewLayer | Updating Camera
Fra:1 Mem:14.93M (Peak 15.28M) | Time:00:00.00 | Mem:0.00M, Peak:0.00M | Scene, ViewLayer | Updating Meshes Flags
Fra:1 Mem:14.93M (Peak 15.28M) | Time:00:00.00 | Mem:0.00M, Peak:0.00M | Scene, ViewLayer | Updating Objects
Fra:1 Mem:14.93M (Peak 15.28M) | Time:00:00.00 | Mem:0.00M, Peak:0.00M | Scene, ViewLayer | Updating Objects | Copying Transformations to device
Fra:1 Mem:14.93M (Peak 15.28M) | Time:00:00.00 | Mem:0.00M, Peak:0.00M | Scene, ViewLayer | Updating Objects | Applying Static Transformations
Fra:1 Mem:14.93M (Peak 15.28M) | Time:00:00.00 | Mem:0.00M, Peak:0.00M | Scene, ViewLayer | Updating Particle Systems
Fra:1 Mem:14.93M (Peak 15.28M) | Time:00:00.00 | Mem:0.00M, Peak:0.00M | Scene, ViewLayer | Updating Particle Systems | Copying Particles to device
Fra:1 Mem:14.93M (Peak 15.28M) | Time:00:00.00 | Mem:0.00M, Peak:0.00M | Scene, ViewLayer | Updating Meshes
Fra:1 Mem:14.94M (Peak 15.28M) | Time:00:00.00 | Mem:0.00M, Peak:0.00M | Scene, ViewLayer | Updating Mesh | Computing attributes
Fra:1 Mem:14.97M (Peak 15.28M) | Time:00:00.00 | Mem:0.00M, Peak:0.00M | Scene, ViewLayer | Updating Mesh | Copying Attributes to device
Fra:1 Mem:14.97M (Peak 15.28M) | Time:00:00.00 | Mem:0.03M, Peak:0.03M | Scene, ViewLayer | Updating Scene BVH | Building
Fra:1 Mem:14.97M (Peak 15.28M) | Time:00:00.00 | Mem:0.03M, Peak:0.03M | Scene, ViewLayer | Updating Scene BVH | Building BVH
Fra:1 Mem:14.97M (Peak 15.28M) | Time:00:00.00 | Mem:0.05M, Peak:0.05M | Scene, ViewLayer | Updating Scene BVH | Building BVH 0%
Fra:1 Mem:14.97M (Peak 15.28M) | Time:00:00.00 | Mem:0.07M, Peak:0.09M | Scene, ViewLayer | Updating Scene BVH | Copying BVH to device
Fra:1 Mem:14.97M (Peak 15.28M) | Time:00:00.00 | Mem:0.07M, Peak:0.09M | Scene, ViewLayer | Updating Mesh | Computing normals
Fra:1 Mem:15.04M (Peak 15.28M) | Time:00:00.00 | Mem:0.07M, Peak:0.09M | Scene, ViewLayer | Updating Mesh | Copying Mesh to device
Fra:1 Mem:15.04M (Peak 15.28M) | Time:00:00.00 | Mem:0.15M, Peak:0.15M | Scene, ViewLayer | Updating Objects Flags
Fra:1 Mem:15.04M (Peak 15.28M) | Time:00:00.00 | Mem:0.15M, Peak:0.15M | Scene, ViewLayer | Updating Primitive Offsets
Fra:1 Mem:15.04M (Peak 15.28M) | Time:00:00.00 | Mem:0.15M, Peak:0.15M | Scene, ViewLayer | Updating Images
Fra:1 Mem:15.04M (Peak 15.28M) | Time:00:00.00 | Mem:0.15M, Peak:0.15M | Scene, ViewLayer | Updating Camera Volume
Fra:1 Mem:15.04M (Peak 15.28M) | Time:00:00.00 | Mem:0.15M, Peak:0.15M | Scene, ViewLayer | Updating Lookup Tables
Fra:1 Mem:15.04M (Peak 15.28M) | Time:00:00.00 | Mem:0.23M, Peak:0.23M | Scene, ViewLayer | Updating Lights
Fra:1 Mem:15.04M (Peak 15.28M) | Time:00:00.00 | Mem:0.23M, Peak:0.23M | Scene, ViewLayer | Updating Lights | Computing tree
Fra:1 Mem:15.04M (Peak 15.28M) | Time:00:00.00 | Mem:0.23M, Peak:0.23M | Scene, ViewLayer | Updating Integrator
Fra:1 Mem:15.04M (Peak 15.28M) | Time:00:00.00 | Mem:0.23M, Peak:0.23M | Scene, ViewLayer | Updating Film
Fra:1 Mem:15.04M (Peak 15.28M) | Time:00:00.00 | Mem:0.15M, Peak:0.23M | Scene, ViewLayer | Updating Lookup Tables
Fra:1 Mem:15.04M (Peak 15.28M) | Time:00:00.00 | Mem:0.23M, Peak:0.23M | Scene, ViewLayer | Updating Baking
Fra:1 Mem:15.04M (Peak 15.28M) | Time:00:00.00 | Mem:0.23M, Peak:0.23M | Scene, ViewLayer | Updating Device | Writing constant memory
Fra:1 Mem:15.05M (Peak 15.28M) | Time:00:00.00 | Mem:0.23M, Peak:0.23M | Scene, ViewLayer | Sample 0/24
Fra:1 Mem:20.68M (Peak 20.68M) | Time:00:00.08 | Remaining:00:01.91 | Mem:5.86M, Peak:5.86M | Scene, ViewLayer | Sample 1/24
Fra:1 Mem:23.18M (Peak 28.18M) | Time:00:01.92 | Mem:5.86M, Peak:5.86M | Scene, ViewLayer | Sample 24/24
Fra:1 Mem:23.18M (Peak 28.18M) | Time:00:01.92 | Mem:5.86M, Peak:5.86M | Scene, ViewLayer | Finished
Saved: '/tmp/environment-v2-blender/env_warehouse_shell_clay_180.png'
Time: 00:01.94 (Saving: 00:00.01)

BLENDER_STUDY env_warehouse_shell
16:55:45 | INFO: Data are loaded, start creating Blender stuff
16:55:45 | INFO: Blender create Mesh node Cube.551
16:55:45 | INFO: Blender create Mesh node Cube.532
16:55:45 | INFO: glTF import finished in 0.01s
Fra:1 Mem:15.21M (Peak 15.21M) | Time:00:00.00 | Mem:0.00M, Peak:0.00M | Scene, ViewLayer | Synchronizing object | env_warehouse_gantry__roof_mesh
Fra:1 Mem:15.21M (Peak 15.21M) | Time:00:00.00 | Mem:0.00M, Peak:0.00M | Scene, ViewLayer | Synchronizing object | env_warehouse_gantry__shell_mesh
Fra:1 Mem:15.66M (Peak 15.66M) | Time:00:00.00 | Mem:0.00M, Peak:0.00M | Scene, ViewLayer | Initializing
Fra:1 Mem:15.38M (Peak 15.66M) | Time:00:00.00 | Mem:0.00M, Peak:0.00M | Scene, ViewLayer | Waiting for render to start
Fra:1 Mem:15.38M (Peak 15.66M) | Time:00:00.00 | Mem:0.00M, Peak:0.00M | Scene, ViewLayer | Loading render kernels (may take a few minutes the first time)
Fra:1 Mem:15.38M (Peak 15.66M) | Time:00:00.00 | Mem:0.00M, Peak:0.00M | Scene, ViewLayer | Updating Scene
Fra:1 Mem:15.38M (Peak 15.66M) | Time:00:00.00 | Mem:0.00M, Peak:0.00M | Scene, ViewLayer | Updating Shaders
Fra:1 Mem:15.46M (Peak 15.66M) | Time:00:00.00 | Mem:0.00M, Peak:0.00M | Scene, ViewLayer | Updating Procedurals
Fra:1 Mem:15.46M (Peak 15.66M) | Time:00:00.00 | Mem:0.00M, Peak:0.00M | Scene, ViewLayer | Updating Background
Fra:1 Mem:15.46M (Peak 15.66M) | Time:00:00.00 | Mem:0.00M, Peak:0.00M | Scene, ViewLayer | Updating Camera
Fra:1 Mem:15.46M (Peak 15.66M) | Time:00:00.00 | Mem:0.00M, Peak:0.00M | Scene, ViewLayer | Updating Meshes Flags
Fra:1 Mem:15.46M (Peak 15.66M) | Time:00:00.00 | Mem:0.00M, Peak:0.00M | Scene, ViewLayer | Updating Objects
Fra:1 Mem:15.46M (Peak 15.66M) | Time:00:00.00 | Mem:0.00M, Peak:0.00M | Scene, ViewLayer | Updating Objects | Copying Transformations to device
Fra:1 Mem:15.46M (Peak 15.66M) | Time:00:00.00 | Mem:0.00M, Peak:0.00M | Scene, ViewLayer | Updating Objects | Applying Static Transformations
Fra:1 Mem:15.46M (Peak 15.66M) | Time:00:00.00 | Mem:0.00M, Peak:0.00M | Scene, ViewLayer | Updating Particle Systems
Fra:1 Mem:15.46M (Peak 15.66M) | Time:00:00.00 | Mem:0.00M, Peak:0.00M | Scene, ViewLayer | Updating Particle Systems | Copying Particles to device
Fra:1 Mem:15.46M (Peak 15.66M) | Time:00:00.00 | Mem:0.00M, Peak:0.00M | Scene, ViewLayer | Updating Meshes
Fra:1 Mem:15.49M (Peak 15.66M) | Time:00:00.00 | Mem:0.00M, Peak:0.00M | Scene, ViewLayer | Updating Mesh | Computing attributes
Fra:1 Mem:15.66M (Peak 15.66M) | Time:00:00.00 | Mem:0.00M, Peak:0.00M | Scene, ViewLayer | Updating Mesh | Copying Attributes to device
Fra:1 Mem:15.66M (Peak 15.66M) | Time:00:00.00 | Mem:0.18M, Peak:0.18M | Scene, ViewLayer | Updating Scene BVH | Building
Fra:1 Mem:15.66M (Peak 15.66M) | Time:00:00.00 | Mem:0.18M, Peak:0.18M | Scene, ViewLayer | Updating Scene BVH | Building BVH
Fra:1 Mem:15.66M (Peak 15.66M) | Time:00:00.00 | Mem:0.23M, Peak:0.23M | Scene, ViewLayer | Updating Scene BVH | Building BVH 0%
Fra:1 Mem:15.66M (Peak 15.66M) | Time:00:00.00 | Mem:0.29M, Peak:0.34M | Scene, ViewLayer | Updating Scene BVH | Copying BVH to device
Fra:1 Mem:15.66M (Peak 15.66M) | Time:00:00.00 | Mem:0.29M, Peak:0.34M | Scene, ViewLayer | Updating Mesh | Computing normals
Fra:1 Mem:15.85M (Peak 15.85M) | Time:00:00.00 | Mem:0.29M, Peak:0.34M | Scene, ViewLayer | Updating Mesh | Copying Mesh to device
Fra:1 Mem:15.85M (Peak 15.85M) | Time:00:00.00 | Mem:0.47M, Peak:0.47M | Scene, ViewLayer | Updating Objects Flags
Fra:1 Mem:15.85M (Peak 15.85M) | Time:00:00.00 | Mem:0.47M, Peak:0.47M | Scene, ViewLayer | Updating Primitive Offsets
Fra:1 Mem:15.85M (Peak 15.85M) | Time:00:00.00 | Mem:0.47M, Peak:0.47M | Scene, ViewLayer | Updating Images
Fra:1 Mem:15.85M (Peak 15.85M) | Time:00:00.00 | Mem:0.47M, Peak:0.47M | Scene, ViewLayer | Updating Images | Loading environment_v2_normal.png
Fra:1 Mem:19.85M (Peak 19.85M) | Time:00:00.00 | Mem:0.47M, Peak:0.47M | Scene, ViewLayer | Updating Images | Loading environment_v2_albedo.png
Fra:1 Mem:23.87M (Peak 23.87M) | Time:00:00.02 | Mem:4.47M, Peak:4.47M | Scene, ViewLayer | Updating Images | Loading environment_v2_orm.png
Fra:1 Mem:27.87M (Peak 27.87M) | Time:00:00.04 | Mem:12.47M, Peak:12.47M | Scene, ViewLayer | Updating Camera Volume
Fra:1 Mem:27.87M (Peak 27.87M) | Time:00:00.04 | Mem:12.47M, Peak:12.47M | Scene, ViewLayer | Updating Lookup Tables
Fra:1 Mem:27.87M (Peak 27.87M) | Time:00:00.04 | Mem:12.56M, Peak:12.56M | Scene, ViewLayer | Updating Lights
Fra:1 Mem:27.87M (Peak 27.87M) | Time:00:00.04 | Mem:12.56M, Peak:12.56M | Scene, ViewLayer | Updating Lights | Computing tree
Fra:1 Mem:27.87M (Peak 27.87M) | Time:00:00.04 | Mem:12.56M, Peak:12.56M | Scene, ViewLayer | Updating Integrator
Fra:1 Mem:27.87M (Peak 27.87M) | Time:00:00.04 | Mem:12.56M, Peak:12.56M | Scene, ViewLayer | Updating Film
Fra:1 Mem:27.87M (Peak 27.87M) | Time:00:00.04 | Mem:12.48M, Peak:12.56M | Scene, ViewLayer | Updating Lookup Tables
Fra:1 Mem:27.87M (Peak 27.87M) | Time:00:00.04 | Mem:12.56M, Peak:12.56M | Scene, ViewLayer | Updating Baking
Fra:1 Mem:27.87M (Peak 27.87M) | Time:00:00.04 | Mem:12.56M, Peak:12.56M | Scene, ViewLayer | Updating Device | Writing constant memory
Fra:1 Mem:27.87M (Peak 27.87M) | Time:00:00.04 | Mem:12.56M, Peak:12.56M | Scene, ViewLayer | Sample 0/24
Fra:1 Mem:33.50M (Peak 33.50M) | Time:00:00.10 | Remaining:00:01.40 | Mem:18.20M, Peak:18.20M | Scene, ViewLayer | Sample 1/24
Fra:1 Mem:36.00M (Peak 41.01M) | Time:00:01.52 | Mem:18.20M, Peak:18.20M | Scene, ViewLayer | Sample 24/24
Fra:1 Mem:36.00M (Peak 41.01M) | Time:00:01.52 | Mem:18.20M, Peak:18.20M | Scene, ViewLayer | Finished
Saved: '/tmp/environment-v2-blender/env_warehouse_gantry_shaded_0.png'
Time: 00:01.54 (Saving: 00:00.01)

Fra:1 Mem:15.26M (Peak 15.26M) | Time:00:00.00 | Mem:0.00M, Peak:0.00M | Scene, ViewLayer | Synchronizing object | env_warehouse_gantry__shell_mesh
Fra:1 Mem:15.27M (Peak 15.27M) | Time:00:00.00 | Mem:0.00M, Peak:0.00M | Scene, ViewLayer | Synchronizing object | env_warehouse_gantry__roof_mesh
Fra:1 Mem:15.66M (Peak 15.66M) | Time:00:00.01 | Mem:0.00M, Peak:0.00M | Scene, ViewLayer | Initializing
Fra:1 Mem:15.38M (Peak 15.66M) | Time:00:00.01 | Mem:0.00M, Peak:0.00M | Scene, ViewLayer | Waiting for render to start
Fra:1 Mem:15.38M (Peak 15.66M) | Time:00:00.01 | Mem:0.00M, Peak:0.00M | Scene, ViewLayer | Loading render kernels (may take a few minutes the first time)
Fra:1 Mem:15.38M (Peak 15.66M) | Time:00:00.01 | Mem:0.00M, Peak:0.00M | Scene, ViewLayer | Updating Scene
Fra:1 Mem:15.38M (Peak 15.66M) | Time:00:00.01 | Mem:0.00M, Peak:0.00M | Scene, ViewLayer | Updating Shaders
Fra:1 Mem:15.46M (Peak 15.66M) | Time:00:00.01 | Mem:0.00M, Peak:0.00M | Scene, ViewLayer | Updating Procedurals
Fra:1 Mem:15.46M (Peak 15.66M) | Time:00:00.01 | Mem:0.00M, Peak:0.00M | Scene, ViewLayer | Updating Background
Fra:1 Mem:15.46M (Peak 15.66M) | Time:00:00.01 | Mem:0.00M, Peak:0.00M | Scene, ViewLayer | Updating Camera
Fra:1 Mem:15.46M (Peak 15.66M) | Time:00:00.01 | Mem:0.00M, Peak:0.00M | Scene, ViewLayer | Updating Meshes Flags
Fra:1 Mem:15.46M (Peak 15.66M) | Time:00:00.01 | Mem:0.00M, Peak:0.00M | Scene, ViewLayer | Updating Objects
Fra:1 Mem:15.46M (Peak 15.66M) | Time:00:00.01 | Mem:0.00M, Peak:0.00M | Scene, ViewLayer | Updating Objects | Copying Transformations to device
Fra:1 Mem:15.46M (Peak 15.66M) | Time:00:00.01 | Mem:0.00M, Peak:0.00M | Scene, ViewLayer | Updating Objects | Applying Static Transformations
Fra:1 Mem:15.46M (Peak 15.66M) | Time:00:00.01 | Mem:0.00M, Peak:0.00M | Scene, ViewLayer | Updating Particle Systems
Fra:1 Mem:15.46M (Peak 15.66M) | Time:00:00.01 | Mem:0.00M, Peak:0.00M | Scene, ViewLayer | Updating Particle Systems | Copying Particles to device
Fra:1 Mem:15.46M (Peak 15.66M) | Time:00:00.01 | Mem:0.00M, Peak:0.00M | Scene, ViewLayer | Updating Meshes
Fra:1 Mem:15.49M (Peak 15.66M) | Time:00:00.01 | Mem:0.00M, Peak:0.00M | Scene, ViewLayer | Updating Mesh | Computing attributes
Fra:1 Mem:15.66M (Peak 15.66M) | Time:00:00.01 | Mem:0.00M, Peak:0.00M | Scene, ViewLayer | Updating Mesh | Copying Attributes to device
Fra:1 Mem:15.66M (Peak 15.66M) | Time:00:00.01 | Mem:0.18M, Peak:0.18M | Scene, ViewLayer | Updating Scene BVH | Building
Fra:1 Mem:15.66M (Peak 15.66M) | Time:00:00.01 | Mem:0.18M, Peak:0.18M | Scene, ViewLayer | Updating Scene BVH | Building BVH
Fra:1 Mem:15.66M (Peak 15.66M) | Time:00:00.01 | Mem:0.23M, Peak:0.23M | Scene, ViewLayer | Updating Scene BVH | Building BVH 0%
Fra:1 Mem:15.66M (Peak 15.66M) | Time:00:00.01 | Mem:0.29M, Peak:0.34M | Scene, ViewLayer | Updating Scene BVH | Copying BVH to device
Fra:1 Mem:15.66M (Peak 15.66M) | Time:00:00.01 | Mem:0.29M, Peak:0.34M | Scene, ViewLayer | Updating Mesh | Computing normals
Fra:1 Mem:15.85M (Peak 15.85M) | Time:00:00.01 | Mem:0.29M, Peak:0.34M | Scene, ViewLayer | Updating Mesh | Copying Mesh to device
Fra:1 Mem:15.85M (Peak 15.85M) | Time:00:00.01 | Mem:0.47M, Peak:0.47M | Scene, ViewLayer | Updating Objects Flags
Fra:1 Mem:15.85M (Peak 15.85M) | Time:00:00.01 | Mem:0.47M, Peak:0.47M | Scene, ViewLayer | Updating Primitive Offsets
Fra:1 Mem:15.85M (Peak 15.85M) | Time:00:00.01 | Mem:0.47M, Peak:0.47M | Scene, ViewLayer | Updating Images
Fra:1 Mem:15.85M (Peak 15.85M) | Time:00:00.01 | Mem:0.47M, Peak:0.47M | Scene, ViewLayer | Updating Images | Loading environment_v2_normal.png
Fra:1 Mem:19.85M (Peak 19.85M) | Time:00:00.01 | Mem:0.47M, Peak:0.47M | Scene, ViewLayer | Updating Images | Loading environment_v2_albedo.png
Fra:1 Mem:23.87M (Peak 23.87M) | Time:00:00.04 | Mem:4.47M, Peak:4.47M | Scene, ViewLayer | Updating Images | Loading environment_v2_orm.png
Fra:1 Mem:27.87M (Peak 27.87M) | Time:00:00.06 | Mem:12.47M, Peak:12.47M | Scene, ViewLayer | Updating Camera Volume
Fra:1 Mem:27.87M (Peak 27.87M) | Time:00:00.06 | Mem:12.47M, Peak:12.47M | Scene, ViewLayer | Updating Lookup Tables
Fra:1 Mem:27.87M (Peak 27.87M) | Time:00:00.06 | Mem:12.56M, Peak:12.56M | Scene, ViewLayer | Updating Lights
Fra:1 Mem:27.87M (Peak 27.87M) | Time:00:00.06 | Mem:12.56M, Peak:12.56M | Scene, ViewLayer | Updating Lights | Computing tree
Fra:1 Mem:27.87M (Peak 27.87M) | Time:00:00.06 | Mem:12.56M, Peak:12.56M | Scene, ViewLayer | Updating Integrator
Fra:1 Mem:27.87M (Peak 27.87M) | Time:00:00.06 | Mem:12.56M, Peak:12.56M | Scene, ViewLayer | Updating Film
Fra:1 Mem:27.87M (Peak 27.87M) | Time:00:00.06 | Mem:12.48M, Peak:12.56M | Scene, ViewLayer | Updating Lookup Tables
Fra:1 Mem:27.87M (Peak 27.87M) | Time:00:00.06 | Mem:12.56M, Peak:12.56M | Scene, ViewLayer | Updating Baking
Fra:1 Mem:27.87M (Peak 27.87M) | Time:00:00.06 | Mem:12.56M, Peak:12.56M | Scene, ViewLayer | Updating Device | Writing constant memory
Fra:1 Mem:27.87M (Peak 27.87M) | Time:00:00.06 | Mem:12.56M, Peak:12.56M | Scene, ViewLayer | Sample 0/24
Fra:1 Mem:33.50M (Peak 33.50M) | Time:00:00.12 | Remaining:00:01.47 | Mem:18.20M, Peak:18.20M | Scene, ViewLayer | Sample 1/24
Fra:1 Mem:36.00M (Peak 41.01M) | Time:00:01.67 | Mem:18.20M, Peak:18.20M | Scene, ViewLayer | Sample 24/24
Fra:1 Mem:36.00M (Peak 41.01M) | Time:00:01.67 | Mem:18.20M, Peak:18.20M | Scene, ViewLayer | Finished
Saved: '/tmp/environment-v2-blender/env_warehouse_gantry_shaded_90.png'
Time: 00:01.69 (Saving: 00:00.01)

Fra:1 Mem:15.26M (Peak 15.26M) | Time:00:00.00 | Mem:0.00M, Peak:0.00M | Scene, ViewLayer | Synchronizing object | env_warehouse_gantry__shell_mesh
Fra:1 Mem:15.26M (Peak 15.26M) | Time:00:00.00 | Mem:0.00M, Peak:0.00M | Scene, ViewLayer | Synchronizing object | env_warehouse_gantry__roof_mesh
Fra:1 Mem:15.66M (Peak 15.66M) | Time:00:00.00 | Mem:0.00M, Peak:0.00M | Scene, ViewLayer | Initializing
Fra:1 Mem:15.38M (Peak 15.66M) | Time:00:00.00 | Mem:0.00M, Peak:0.00M | Scene, ViewLayer | Waiting for render to start
Fra:1 Mem:15.38M (Peak 15.66M) | Time:00:00.00 | Mem:0.00M, Peak:0.00M | Scene, ViewLayer | Loading render kernels (may take a few minutes the first time)
Fra:1 Mem:15.38M (Peak 15.66M) | Time:00:00.00 | Mem:0.00M, Peak:0.00M | Scene, ViewLayer | Updating Scene
Fra:1 Mem:15.38M (Peak 15.66M) | Time:00:00.00 | Mem:0.00M, Peak:0.00M | Scene, ViewLayer | Updating Shaders
Fra:1 Mem:15.46M (Peak 15.66M) | Time:00:00.00 | Mem:0.00M, Peak:0.00M | Scene, ViewLayer | Updating Procedurals
Fra:1 Mem:15.46M (Peak 15.66M) | Time:00:00.00 | Mem:0.00M, Peak:0.00M | Scene, ViewLayer | Updating Background
Fra:1 Mem:15.46M (Peak 15.66M) | Time:00:00.00 | Mem:0.00M, Peak:0.00M | Scene, ViewLayer | Updating Camera
Fra:1 Mem:15.46M (Peak 15.66M) | Time:00:00.00 | Mem:0.00M, Peak:0.00M | Scene, ViewLayer | Updating Meshes Flags
Fra:1 Mem:15.46M (Peak 15.66M) | Time:00:00.00 | Mem:0.00M, Peak:0.00M | Scene, ViewLayer | Updating Objects
Fra:1 Mem:15.46M (Peak 15.66M) | Time:00:00.00 | Mem:0.00M, Peak:0.00M | Scene, ViewLayer | Updating Objects | Copying Transformations to device
Fra:1 Mem:15.46M (Peak 15.66M) | Time:00:00.00 | Mem:0.00M, Peak:0.00M | Scene, ViewLayer | Updating Objects | Applying Static Transformations
Fra:1 Mem:15.46M (Peak 15.66M) | Time:00:00.00 | Mem:0.00M, Peak:0.00M | Scene, ViewLayer | Updating Particle Systems
Fra:1 Mem:15.46M (Peak 15.66M) | Time:00:00.00 | Mem:0.00M, Peak:0.00M | Scene, ViewLayer | Updating Particle Systems | Copying Particles to device
Fra:1 Mem:15.46M (Peak 15.66M) | Time:00:00.00 | Mem:0.00M, Peak:0.00M | Scene, ViewLayer | Updating Meshes
Fra:1 Mem:15.49M (Peak 15.66M) | Time:00:00.00 | Mem:0.00M, Peak:0.00M | Scene, ViewLayer | Updating Mesh | Computing attributes
Fra:1 Mem:15.66M (Peak 15.66M) | Time:00:00.00 | Mem:0.00M, Peak:0.00M | Scene, ViewLayer | Updating Mesh | Copying Attributes to device
Fra:1 Mem:15.66M (Peak 15.66M) | Time:00:00.00 | Mem:0.18M, Peak:0.18M | Scene, ViewLayer | Updating Scene BVH | Building
Fra:1 Mem:15.66M (Peak 15.66M) | Time:00:00.00 | Mem:0.18M, Peak:0.18M | Scene, ViewLayer | Updating Scene BVH | Building BVH
Fra:1 Mem:15.66M (Peak 15.66M) | Time:00:00.00 | Mem:0.23M, Peak:0.23M | Scene, ViewLayer | Updating Scene BVH | Building BVH 0%
Fra:1 Mem:15.66M (Peak 15.66M) | Time:00:00.00 | Mem:0.29M, Peak:0.34M | Scene, ViewLayer | Updating Scene BVH | Copying BVH to device
Fra:1 Mem:15.66M (Peak 15.66M) | Time:00:00.00 | Mem:0.29M, Peak:0.34M | Scene, ViewLayer | Updating Mesh | Computing normals
Fra:1 Mem:15.85M (Peak 15.85M) | Time:00:00.00 | Mem:0.29M, Peak:0.34M | Scene, ViewLayer | Updating Mesh | Copying Mesh to device
Fra:1 Mem:15.85M (Peak 15.85M) | Time:00:00.00 | Mem:0.47M, Peak:0.47M | Scene, ViewLayer | Updating Objects Flags
Fra:1 Mem:15.85M (Peak 15.85M) | Time:00:00.00 | Mem:0.47M, Peak:0.47M | Scene, ViewLayer | Updating Primitive Offsets
Fra:1 Mem:15.85M (Peak 15.85M) | Time:00:00.00 | Mem:0.47M, Peak:0.47M | Scene, ViewLayer | Updating Images
Fra:1 Mem:15.85M (Peak 15.85M) | Time:00:00.00 | Mem:0.47M, Peak:0.47M | Scene, ViewLayer | Updating Images | Loading environment_v2_normal.png
Fra:1 Mem:19.85M (Peak 19.85M) | Time:00:00.00 | Mem:0.47M, Peak:0.47M | Scene, ViewLayer | Updating Images | Loading environment_v2_albedo.png
Fra:1 Mem:23.87M (Peak 23.87M) | Time:00:00.03 | Mem:4.47M, Peak:4.47M | Scene, ViewLayer | Updating Images | Loading environment_v2_orm.png
Fra:1 Mem:27.87M (Peak 27.87M) | Time:00:00.07 | Mem:12.47M, Peak:12.47M | Scene, ViewLayer | Updating Camera Volume
Fra:1 Mem:27.87M (Peak 27.87M) | Time:00:00.07 | Mem:12.47M, Peak:12.47M | Scene, ViewLayer | Updating Lookup Tables
Fra:1 Mem:27.87M (Peak 27.87M) | Time:00:00.07 | Mem:12.56M, Peak:12.56M | Scene, ViewLayer | Updating Lights
Fra:1 Mem:27.87M (Peak 27.87M) | Time:00:00.07 | Mem:12.56M, Peak:12.56M | Scene, ViewLayer | Updating Lights | Computing tree
Fra:1 Mem:27.87M (Peak 27.87M) | Time:00:00.07 | Mem:12.56M, Peak:12.56M | Scene, ViewLayer | Updating Integrator
Fra:1 Mem:27.87M (Peak 27.87M) | Time:00:00.07 | Mem:12.56M, Peak:12.56M | Scene, ViewLayer | Updating Film
Fra:1 Mem:27.87M (Peak 27.87M) | Time:00:00.07 | Mem:12.48M, Peak:12.56M | Scene, ViewLayer | Updating Lookup Tables
Fra:1 Mem:27.87M (Peak 27.87M) | Time:00:00.07 | Mem:12.56M, Peak:12.56M | Scene, ViewLayer | Updating Baking
Fra:1 Mem:27.87M (Peak 27.87M) | Time:00:00.07 | Mem:12.56M, Peak:12.56M | Scene, ViewLayer | Updating Device | Writing constant memory
Fra:1 Mem:27.87M (Peak 27.87M) | Time:00:00.07 | Mem:12.56M, Peak:12.56M | Scene, ViewLayer | Sample 0/24
Fra:1 Mem:33.50M (Peak 33.50M) | Time:00:00.15 | Remaining:00:01.75 | Mem:18.20M, Peak:18.20M | Scene, ViewLayer | Sample 1/24
Fra:1 Mem:36.00M (Peak 41.01M) | Time:00:01.90 | Mem:18.20M, Peak:18.20M | Scene, ViewLayer | Sample 24/24
Fra:1 Mem:36.00M (Peak 41.01M) | Time:00:01.90 | Mem:18.20M, Peak:18.20M | Scene, ViewLayer | Finished
Saved: '/tmp/environment-v2-blender/env_warehouse_gantry_shaded_180.png'
Time: 00:01.93 (Saving: 00:00.02)

Fra:1 Mem:15.20M (Peak 15.20M) | Time:00:00.00 | Mem:0.00M, Peak:0.00M | Scene, ViewLayer | Synchronizing object | env_warehouse_gantry__roof_mesh
Fra:1 Mem:15.20M (Peak 15.20M) | Time:00:00.00 | Mem:0.00M, Peak:0.00M | Scene, ViewLayer | Synchronizing object | env_warehouse_gantry__shell_mesh
Fra:1 Mem:15.46M (Peak 15.46M) | Time:00:00.00 | Mem:0.00M, Peak:0.00M | Scene, ViewLayer | Initializing
Fra:1 Mem:15.21M (Peak 15.46M) | Time:00:00.00 | Mem:0.00M, Peak:0.00M | Scene, ViewLayer | Waiting for render to start
Fra:1 Mem:15.21M (Peak 15.46M) | Time:00:00.00 | Mem:0.00M, Peak:0.00M | Scene, ViewLayer | Loading render kernels (may take a few minutes the first time)
Fra:1 Mem:15.21M (Peak 15.46M) | Time:00:00.00 | Mem:0.00M, Peak:0.00M | Scene, ViewLayer | Updating Scene
Fra:1 Mem:15.21M (Peak 15.46M) | Time:00:00.00 | Mem:0.00M, Peak:0.00M | Scene, ViewLayer | Updating Shaders
Fra:1 Mem:15.29M (Peak 15.46M) | Time:00:00.00 | Mem:0.00M, Peak:0.00M | Scene, ViewLayer | Updating Procedurals
Fra:1 Mem:15.29M (Peak 15.46M) | Time:00:00.00 | Mem:0.00M, Peak:0.00M | Scene, ViewLayer | Updating Background
Fra:1 Mem:15.29M (Peak 15.46M) | Time:00:00.00 | Mem:0.00M, Peak:0.00M | Scene, ViewLayer | Updating Camera
Fra:1 Mem:15.29M (Peak 15.46M) | Time:00:00.00 | Mem:0.00M, Peak:0.00M | Scene, ViewLayer | Updating Meshes Flags
Fra:1 Mem:15.29M (Peak 15.46M) | Time:00:00.00 | Mem:0.00M, Peak:0.00M | Scene, ViewLayer | Updating Objects
Fra:1 Mem:15.29M (Peak 15.46M) | Time:00:00.00 | Mem:0.00M, Peak:0.00M | Scene, ViewLayer | Updating Objects | Copying Transformations to device
Fra:1 Mem:15.29M (Peak 15.46M) | Time:00:00.00 | Mem:0.00M, Peak:0.00M | Scene, ViewLayer | Updating Objects | Applying Static Transformations
Fra:1 Mem:15.29M (Peak 15.46M) | Time:00:00.00 | Mem:0.00M, Peak:0.00M | Scene, ViewLayer | Updating Particle Systems
Fra:1 Mem:15.29M (Peak 15.46M) | Time:00:00.00 | Mem:0.00M, Peak:0.00M | Scene, ViewLayer | Updating Particle Systems | Copying Particles to device
Fra:1 Mem:15.29M (Peak 15.46M) | Time:00:00.00 | Mem:0.00M, Peak:0.00M | Scene, ViewLayer | Updating Meshes
Fra:1 Mem:15.32M (Peak 15.46M) | Time:00:00.00 | Mem:0.00M, Peak:0.00M | Scene, ViewLayer | Updating Mesh | Computing attributes
Fra:1 Mem:15.38M (Peak 15.46M) | Time:00:00.00 | Mem:0.00M, Peak:0.00M | Scene, ViewLayer | Updating Mesh | Copying Attributes to device
Fra:1 Mem:15.38M (Peak 15.46M) | Time:00:00.00 | Mem:0.06M, Peak:0.06M | Scene, ViewLayer | Updating Scene BVH | Building
Fra:1 Mem:15.38M (Peak 15.46M) | Time:00:00.00 | Mem:0.06M, Peak:0.06M | Scene, ViewLayer | Updating Scene BVH | Building BVH
Fra:1 Mem:15.38M (Peak 15.46M) | Time:00:00.00 | Mem:0.11M, Peak:0.11M | Scene, ViewLayer | Updating Scene BVH | Building BVH 0%
Fra:1 Mem:15.38M (Peak 15.46M) | Time:00:00.00 | Mem:0.17M, Peak:0.22M | Scene, ViewLayer | Updating Scene BVH | Copying BVH to device
Fra:1 Mem:15.38M (Peak 15.46M) | Time:00:00.00 | Mem:0.17M, Peak:0.22M | Scene, ViewLayer | Updating Mesh | Computing normals
Fra:1 Mem:15.57M (Peak 15.57M) | Time:00:00.00 | Mem:0.17M, Peak:0.22M | Scene, ViewLayer | Updating Mesh | Copying Mesh to device
Fra:1 Mem:15.57M (Peak 15.57M) | Time:00:00.00 | Mem:0.36M, Peak:0.36M | Scene, ViewLayer | Updating Objects Flags
Fra:1 Mem:15.57M (Peak 15.57M) | Time:00:00.00 | Mem:0.36M, Peak:0.36M | Scene, ViewLayer | Updating Primitive Offsets
Fra:1 Mem:15.57M (Peak 15.57M) | Time:00:00.00 | Mem:0.36M, Peak:0.36M | Scene, ViewLayer | Updating Images
Fra:1 Mem:15.57M (Peak 15.57M) | Time:00:00.00 | Mem:0.36M, Peak:0.36M | Scene, ViewLayer | Updating Camera Volume
Fra:1 Mem:15.57M (Peak 15.57M) | Time:00:00.00 | Mem:0.36M, Peak:0.36M | Scene, ViewLayer | Updating Lookup Tables
Fra:1 Mem:15.57M (Peak 15.57M) | Time:00:00.00 | Mem:0.44M, Peak:0.44M | Scene, ViewLayer | Updating Lights
Fra:1 Mem:15.57M (Peak 15.57M) | Time:00:00.00 | Mem:0.44M, Peak:0.44M | Scene, ViewLayer | Updating Lights | Computing tree
Fra:1 Mem:15.57M (Peak 15.57M) | Time:00:00.00 | Mem:0.44M, Peak:0.44M | Scene, ViewLayer | Updating Integrator
Fra:1 Mem:15.57M (Peak 15.57M) | Time:00:00.00 | Mem:0.44M, Peak:0.44M | Scene, ViewLayer | Updating Film
Fra:1 Mem:15.57M (Peak 15.57M) | Time:00:00.00 | Mem:0.36M, Peak:0.44M | Scene, ViewLayer | Updating Lookup Tables
Fra:1 Mem:15.57M (Peak 15.57M) | Time:00:00.00 | Mem:0.44M, Peak:0.44M | Scene, ViewLayer | Updating Baking
Fra:1 Mem:15.57M (Peak 15.57M) | Time:00:00.00 | Mem:0.44M, Peak:0.44M | Scene, ViewLayer | Updating Device | Writing constant memory
Fra:1 Mem:15.57M (Peak 15.57M) | Time:00:00.00 | Mem:0.44M, Peak:0.44M | Scene, ViewLayer | Sample 0/24
Fra:1 Mem:21.20M (Peak 21.20M) | Time:00:00.07 | Remaining:00:01.53 | Mem:6.07M, Peak:6.07M | Scene, ViewLayer | Sample 1/24
Fra:1 Mem:23.71M (Peak 28.71M) | Time:00:01.84 | Mem:6.07M, Peak:6.07M | Scene, ViewLayer | Sample 24/24
Fra:1 Mem:23.71M (Peak 28.71M) | Time:00:01.84 | Mem:6.07M, Peak:6.07M | Scene, ViewLayer | Finished
Saved: '/tmp/environment-v2-blender/env_warehouse_gantry_clay_0.png'
Time: 00:01.86 (Saving: 00:00.01)

Fra:1 Mem:15.20M (Peak 15.20M) | Time:00:00.00 | Mem:0.00M, Peak:0.00M | Scene, ViewLayer | Synchronizing object | env_warehouse_gantry__roof_mesh
Fra:1 Mem:15.20M (Peak 15.20M) | Time:00:00.00 | Mem:0.00M, Peak:0.00M | Scene, ViewLayer | Synchronizing object | env_warehouse_gantry__shell_mesh
Fra:1 Mem:15.46M (Peak 15.46M) | Time:00:00.00 | Mem:0.00M, Peak:0.00M | Scene, ViewLayer | Initializing
Fra:1 Mem:15.21M (Peak 15.46M) | Time:00:00.00 | Mem:0.00M, Peak:0.00M | Scene, ViewLayer | Waiting for render to start
Fra:1 Mem:15.21M (Peak 15.46M) | Time:00:00.00 | Mem:0.00M, Peak:0.00M | Scene, ViewLayer | Loading render kernels (may take a few minutes the first time)
Fra:1 Mem:15.21M (Peak 15.46M) | Time:00:00.00 | Mem:0.00M, Peak:0.00M | Scene, ViewLayer | Updating Scene
Fra:1 Mem:15.21M (Peak 15.46M) | Time:00:00.00 | Mem:0.00M, Peak:0.00M | Scene, ViewLayer | Updating Shaders
Fra:1 Mem:15.29M (Peak 15.46M) | Time:00:00.00 | Mem:0.00M, Peak:0.00M | Scene, ViewLayer | Updating Procedurals
Fra:1 Mem:15.29M (Peak 15.46M) | Time:00:00.00 | Mem:0.00M, Peak:0.00M | Scene, ViewLayer | Updating Background
Fra:1 Mem:15.29M (Peak 15.46M) | Time:00:00.00 | Mem:0.00M, Peak:0.00M | Scene, ViewLayer | Updating Camera
Fra:1 Mem:15.29M (Peak 15.46M) | Time:00:00.00 | Mem:0.00M, Peak:0.00M | Scene, ViewLayer | Updating Meshes Flags
Fra:1 Mem:15.29M (Peak 15.46M) | Time:00:00.00 | Mem:0.00M, Peak:0.00M | Scene, ViewLayer | Updating Objects
Fra:1 Mem:15.29M (Peak 15.46M) | Time:00:00.00 | Mem:0.00M, Peak:0.00M | Scene, ViewLayer | Updating Objects | Copying Transformations to device
Fra:1 Mem:15.29M (Peak 15.46M) | Time:00:00.00 | Mem:0.00M, Peak:0.00M | Scene, ViewLayer | Updating Objects | Applying Static Transformations
Fra:1 Mem:15.29M (Peak 15.46M) | Time:00:00.00 | Mem:0.00M, Peak:0.00M | Scene, ViewLayer | Updating Particle Systems
Fra:1 Mem:15.29M (Peak 15.46M) | Time:00:00.00 | Mem:0.00M, Peak:0.00M | Scene, ViewLayer | Updating Particle Systems | Copying Particles to device
Fra:1 Mem:15.29M (Peak 15.46M) | Time:00:00.00 | Mem:0.00M, Peak:0.00M | Scene, ViewLayer | Updating Meshes
Fra:1 Mem:15.32M (Peak 15.46M) | Time:00:00.00 | Mem:0.00M, Peak:0.00M | Scene, ViewLayer | Updating Mesh | Computing attributes
Fra:1 Mem:15.38M (Peak 15.46M) | Time:00:00.00 | Mem:0.00M, Peak:0.00M | Scene, ViewLayer | Updating Mesh | Copying Attributes to device
Fra:1 Mem:15.38M (Peak 15.46M) | Time:00:00.00 | Mem:0.06M, Peak:0.06M | Scene, ViewLayer | Updating Scene BVH | Building
Fra:1 Mem:15.38M (Peak 15.46M) | Time:00:00.00 | Mem:0.06M, Peak:0.06M | Scene, ViewLayer | Updating Scene BVH | Building BVH
Fra:1 Mem:15.38M (Peak 15.46M) | Time:00:00.00 | Mem:0.11M, Peak:0.11M | Scene, ViewLayer | Updating Scene BVH | Building BVH 0%
Fra:1 Mem:15.38M (Peak 15.46M) | Time:00:00.00 | Mem:0.17M, Peak:0.22M | Scene, ViewLayer | Updating Scene BVH | Copying BVH to device
Fra:1 Mem:15.38M (Peak 15.46M) | Time:00:00.00 | Mem:0.17M, Peak:0.22M | Scene, ViewLayer | Updating Mesh | Computing normals
Fra:1 Mem:15.57M (Peak 15.57M) | Time:00:00.00 | Mem:0.17M, Peak:0.22M | Scene, ViewLayer | Updating Mesh | Copying Mesh to device
Fra:1 Mem:15.57M (Peak 15.57M) | Time:00:00.00 | Mem:0.36M, Peak:0.36M | Scene, ViewLayer | Updating Objects Flags
Fra:1 Mem:15.57M (Peak 15.57M) | Time:00:00.00 | Mem:0.36M, Peak:0.36M | Scene, ViewLayer | Updating Primitive Offsets
Fra:1 Mem:15.57M (Peak 15.57M) | Time:00:00.00 | Mem:0.36M, Peak:0.36M | Scene, ViewLayer | Updating Images
Fra:1 Mem:15.57M (Peak 15.57M) | Time:00:00.00 | Mem:0.36M, Peak:0.36M | Scene, ViewLayer | Updating Camera Volume
Fra:1 Mem:15.57M (Peak 15.57M) | Time:00:00.00 | Mem:0.36M, Peak:0.36M | Scene, ViewLayer | Updating Lookup Tables
Fra:1 Mem:15.57M (Peak 15.57M) | Time:00:00.00 | Mem:0.44M, Peak:0.44M | Scene, ViewLayer | Updating Lights
Fra:1 Mem:15.57M (Peak 15.57M) | Time:00:00.00 | Mem:0.44M, Peak:0.44M | Scene, ViewLayer | Updating Lights | Computing tree
Fra:1 Mem:15.57M (Peak 15.57M) | Time:00:00.00 | Mem:0.44M, Peak:0.44M | Scene, ViewLayer | Updating Integrator
Fra:1 Mem:15.57M (Peak 15.57M) | Time:00:00.00 | Mem:0.44M, Peak:0.44M | Scene, ViewLayer | Updating Film
Fra:1 Mem:15.57M (Peak 15.57M) | Time:00:00.00 | Mem:0.36M, Peak:0.44M | Scene, ViewLayer | Updating Lookup Tables
Fra:1 Mem:15.57M (Peak 15.57M) | Time:00:00.00 | Mem:0.44M, Peak:0.44M | Scene, ViewLayer | Updating Baking
Fra:1 Mem:15.57M (Peak 15.57M) | Time:00:00.00 | Mem:0.44M, Peak:0.44M | Scene, ViewLayer | Updating Device | Writing constant memory
Fra:1 Mem:15.57M (Peak 15.57M) | Time:00:00.00 | Mem:0.44M, Peak:0.44M | Scene, ViewLayer | Sample 0/24
Fra:1 Mem:21.20M (Peak 21.20M) | Time:00:00.06 | Remaining:00:01.46 | Mem:6.07M, Peak:6.07M | Scene, ViewLayer | Sample 1/24
Fra:1 Mem:23.71M (Peak 28.71M) | Time:00:01.52 | Mem:6.07M, Peak:6.07M | Scene, ViewLayer | Sample 24/24
Fra:1 Mem:23.71M (Peak 28.71M) | Time:00:01.52 | Mem:6.07M, Peak:6.07M | Scene, ViewLayer | Finished
Saved: '/tmp/environment-v2-blender/env_warehouse_gantry_clay_90.png'
Time: 00:01.54 (Saving: 00:00.02)

Fra:1 Mem:15.20M (Peak 15.20M) | Time:00:00.00 | Mem:0.00M, Peak:0.00M | Scene, ViewLayer | Synchronizing object | env_warehouse_gantry__roof_mesh
Fra:1 Mem:15.20M (Peak 15.20M) | Time:00:00.00 | Mem:0.00M, Peak:0.00M | Scene, ViewLayer | Synchronizing object | env_warehouse_gantry__shell_mesh
Fra:1 Mem:15.46M (Peak 15.46M) | Time:00:00.00 | Mem:0.00M, Peak:0.00M | Scene, ViewLayer | Initializing
Fra:1 Mem:15.21M (Peak 15.46M) | Time:00:00.00 | Mem:0.00M, Peak:0.00M | Scene, ViewLayer | Waiting for render to start
Fra:1 Mem:15.21M (Peak 15.46M) | Time:00:00.00 | Mem:0.00M, Peak:0.00M | Scene, ViewLayer | Loading render kernels (may take a few minutes the first time)
Fra:1 Mem:15.21M (Peak 15.46M) | Time:00:00.00 | Mem:0.00M, Peak:0.00M | Scene, ViewLayer | Updating Scene
Fra:1 Mem:15.21M (Peak 15.46M) | Time:00:00.00 | Mem:0.00M, Peak:0.00M | Scene, ViewLayer | Updating Shaders
Fra:1 Mem:15.29M (Peak 15.46M) | Time:00:00.00 | Mem:0.00M, Peak:0.00M | Scene, ViewLayer | Updating Procedurals
Fra:1 Mem:15.29M (Peak 15.46M) | Time:00:00.00 | Mem:0.00M, Peak:0.00M | Scene, ViewLayer | Updating Background
Fra:1 Mem:15.29M (Peak 15.46M) | Time:00:00.00 | Mem:0.00M, Peak:0.00M | Scene, ViewLayer | Updating Camera
Fra:1 Mem:15.29M (Peak 15.46M) | Time:00:00.00 | Mem:0.00M, Peak:0.00M | Scene, ViewLayer | Updating Meshes Flags
Fra:1 Mem:15.29M (Peak 15.46M) | Time:00:00.00 | Mem:0.00M, Peak:0.00M | Scene, ViewLayer | Updating Objects
Fra:1 Mem:15.29M (Peak 15.46M) | Time:00:00.00 | Mem:0.00M, Peak:0.00M | Scene, ViewLayer | Updating Objects | Copying Transformations to device
Fra:1 Mem:15.29M (Peak 15.46M) | Time:00:00.00 | Mem:0.00M, Peak:0.00M | Scene, ViewLayer | Updating Objects | Applying Static Transformations
Fra:1 Mem:15.29M (Peak 15.46M) | Time:00:00.00 | Mem:0.00M, Peak:0.00M | Scene, ViewLayer | Updating Particle Systems
Fra:1 Mem:15.29M (Peak 15.46M) | Time:00:00.00 | Mem:0.00M, Peak:0.00M | Scene, ViewLayer | Updating Particle Systems | Copying Particles to device
Fra:1 Mem:15.29M (Peak 15.46M) | Time:00:00.00 | Mem:0.00M, Peak:0.00M | Scene, ViewLayer | Updating Meshes
Fra:1 Mem:15.32M (Peak 15.46M) | Time:00:00.00 | Mem:0.00M, Peak:0.00M | Scene, ViewLayer | Updating Mesh | Computing attributes
Fra:1 Mem:15.38M (Peak 15.46M) | Time:00:00.00 | Mem:0.00M, Peak:0.00M | Scene, ViewLayer | Updating Mesh | Copying Attributes to device
Fra:1 Mem:15.38M (Peak 15.46M) | Time:00:00.00 | Mem:0.06M, Peak:0.06M | Scene, ViewLayer | Updating Scene BVH | Building
Fra:1 Mem:15.38M (Peak 15.46M) | Time:00:00.00 | Mem:0.06M, Peak:0.06M | Scene, ViewLayer | Updating Scene BVH | Building BVH
Fra:1 Mem:15.38M (Peak 15.46M) | Time:00:00.00 | Mem:0.11M, Peak:0.11M | Scene, ViewLayer | Updating Scene BVH | Building BVH 0%
Fra:1 Mem:15.38M (Peak 15.46M) | Time:00:00.00 | Mem:0.17M, Peak:0.22M | Scene, ViewLayer | Updating Scene BVH | Copying BVH to device
Fra:1 Mem:15.38M (Peak 15.46M) | Time:00:00.00 | Mem:0.17M, Peak:0.22M | Scene, ViewLayer | Updating Mesh | Computing normals
Fra:1 Mem:15.57M (Peak 15.57M) | Time:00:00.00 | Mem:0.17M, Peak:0.22M | Scene, ViewLayer | Updating Mesh | Copying Mesh to device
Fra:1 Mem:15.57M (Peak 15.57M) | Time:00:00.00 | Mem:0.36M, Peak:0.36M | Scene, ViewLayer | Updating Objects Flags
Fra:1 Mem:15.57M (Peak 15.57M) | Time:00:00.00 | Mem:0.36M, Peak:0.36M | Scene, ViewLayer | Updating Primitive Offsets
Fra:1 Mem:15.57M (Peak 15.57M) | Time:00:00.00 | Mem:0.36M, Peak:0.36M | Scene, ViewLayer | Updating Images
Fra:1 Mem:15.57M (Peak 15.57M) | Time:00:00.00 | Mem:0.36M, Peak:0.36M | Scene, ViewLayer | Updating Camera Volume
Fra:1 Mem:15.57M (Peak 15.57M) | Time:00:00.00 | Mem:0.36M, Peak:0.36M | Scene, ViewLayer | Updating Lookup Tables
Fra:1 Mem:15.57M (Peak 15.57M) | Time:00:00.00 | Mem:0.44M, Peak:0.44M | Scene, ViewLayer | Updating Lights
Fra:1 Mem:15.57M (Peak 15.57M) | Time:00:00.00 | Mem:0.44M, Peak:0.44M | Scene, ViewLayer | Updating Lights | Computing tree
Fra:1 Mem:15.57M (Peak 15.57M) | Time:00:00.00 | Mem:0.44M, Peak:0.44M | Scene, ViewLayer | Updating Integrator
Fra:1 Mem:15.57M (Peak 15.57M) | Time:00:00.00 | Mem:0.44M, Peak:0.44M | Scene, ViewLayer | Updating Film
Fra:1 Mem:15.57M (Peak 15.57M) | Time:00:00.00 | Mem:0.36M, Peak:0.44M | Scene, ViewLayer | Updating Lookup Tables
Fra:1 Mem:15.57M (Peak 15.57M) | Time:00:00.00 | Mem:0.44M, Peak:0.44M | Scene, ViewLayer | Updating Baking
Fra:1 Mem:15.57M (Peak 15.57M) | Time:00:00.00 | Mem:0.44M, Peak:0.44M | Scene, ViewLayer | Updating Device | Writing constant memory
Fra:1 Mem:15.57M (Peak 15.57M) | Time:00:00.00 | Mem:0.44M, Peak:0.44M | Scene, ViewLayer | Sample 0/24
Fra:1 Mem:21.20M (Peak 21.20M) | Time:00:00.06 | Remaining:00:01.34 | Mem:6.07M, Peak:6.07M | Scene, ViewLayer | Sample 1/24
Fra:1 Mem:23.71M (Peak 28.71M) | Time:00:01.70 | Mem:6.07M, Peak:6.07M | Scene, ViewLayer | Sample 24/24
Fra:1 Mem:23.71M (Peak 28.71M) | Time:00:01.70 | Mem:6.07M, Peak:6.07M | Scene, ViewLayer | Finished
Saved: '/tmp/environment-v2-blender/env_warehouse_gantry_clay_180.png'
Time: 00:01.72 (Saving: 00:00.02)

BLENDER_STUDY env_warehouse_gantry
16:55:56 | INFO: Data are loaded, start creating Blender stuff
16:55:56 | INFO: Blender create Mesh node Cube.572
16:55:56 | INFO: glTF import finished in 0.01s
Fra:1 Mem:15.85M (Peak 15.85M) | Time:00:00.00 | Mem:0.00M, Peak:0.00M | Scene, ViewLayer | Synchronizing object | env_pump_skid__shell_mesh
Fra:1 Mem:16.87M (Peak 17.24M) | Time:00:00.00 | Mem:0.00M, Peak:0.00M | Scene, ViewLayer | Initializing
Fra:1 Mem:16.62M (Peak 17.24M) | Time:00:00.00 | Mem:0.00M, Peak:0.00M | Scene, ViewLayer | Waiting for render to start
Fra:1 Mem:16.62M (Peak 17.24M) | Time:00:00.00 | Mem:0.00M, Peak:0.00M | Scene, ViewLayer | Loading render kernels (may take a few minutes the first time)
Fra:1 Mem:16.62M (Peak 17.24M) | Time:00:00.00 | Mem:0.00M, Peak:0.00M | Scene, ViewLayer | Updating Scene
Fra:1 Mem:16.62M (Peak 17.24M) | Time:00:00.00 | Mem:0.00M, Peak:0.00M | Scene, ViewLayer | Updating Shaders
Fra:1 Mem:16.71M (Peak 17.24M) | Time:00:00.01 | Mem:0.00M, Peak:0.00M | Scene, ViewLayer | Updating Procedurals
Fra:1 Mem:16.71M (Peak 17.24M) | Time:00:00.01 | Mem:0.00M, Peak:0.00M | Scene, ViewLayer | Updating Background
Fra:1 Mem:16.71M (Peak 17.24M) | Time:00:00.01 | Mem:0.00M, Peak:0.00M | Scene, ViewLayer | Updating Camera
Fra:1 Mem:16.71M (Peak 17.24M) | Time:00:00.01 | Mem:0.00M, Peak:0.00M | Scene, ViewLayer | Updating Meshes Flags
Fra:1 Mem:16.71M (Peak 17.24M) | Time:00:00.01 | Mem:0.00M, Peak:0.00M | Scene, ViewLayer | Updating Objects
Fra:1 Mem:16.71M (Peak 17.24M) | Time:00:00.01 | Mem:0.00M, Peak:0.00M | Scene, ViewLayer | Updating Objects | Copying Transformations to device
Fra:1 Mem:16.71M (Peak 17.24M) | Time:00:00.01 | Mem:0.00M, Peak:0.00M | Scene, ViewLayer | Updating Objects | Applying Static Transformations
Fra:1 Mem:16.71M (Peak 17.24M) | Time:00:00.01 | Mem:0.00M, Peak:0.00M | Scene, ViewLayer | Updating Particle Systems
Fra:1 Mem:16.71M (Peak 17.24M) | Time:00:00.01 | Mem:0.00M, Peak:0.00M | Scene, ViewLayer | Updating Particle Systems | Copying Particles to device
Fra:1 Mem:16.71M (Peak 17.24M) | Time:00:00.01 | Mem:0.00M, Peak:0.00M | Scene, ViewLayer | Updating Meshes
Fra:1 Mem:16.77M (Peak 17.24M) | Time:00:00.01 | Mem:0.00M, Peak:0.00M | Scene, ViewLayer | Updating Mesh | Computing attributes
Fra:1 Mem:17.17M (Peak 17.24M) | Time:00:00.01 | Mem:0.00M, Peak:0.00M | Scene, ViewLayer | Updating Mesh | Copying Attributes to device
Fra:1 Mem:17.17M (Peak 17.24M) | Time:00:00.01 | Mem:0.41M, Peak:0.41M | Scene, ViewLayer | Updating Scene BVH | Building
Fra:1 Mem:17.17M (Peak 17.24M) | Time:00:00.01 | Mem:0.41M, Peak:0.41M | Scene, ViewLayer | Updating Scene BVH | Building BVH
Fra:1 Mem:17.17M (Peak 17.24M) | Time:00:00.01 | Mem:0.53M, Peak:0.53M | Scene, ViewLayer | Updating Scene BVH | Building BVH 0%
Fra:1 Mem:17.17M (Peak 17.24M) | Time:00:00.01 | Mem:0.65M, Peak:0.77M | Scene, ViewLayer | Updating Scene BVH | Copying BVH to device
Fra:1 Mem:17.17M (Peak 17.24M) | Time:00:00.01 | Mem:0.65M, Peak:0.77M | Scene, ViewLayer | Updating Mesh | Computing normals
Fra:1 Mem:17.61M (Peak 17.61M) | Time:00:00.01 | Mem:0.65M, Peak:0.77M | Scene, ViewLayer | Updating Mesh | Copying Mesh to device
Fra:1 Mem:17.61M (Peak 17.61M) | Time:00:00.01 | Mem:1.08M, Peak:1.08M | Scene, ViewLayer | Updating Objects Flags
Fra:1 Mem:17.61M (Peak 17.61M) | Time:00:00.01 | Mem:1.08M, Peak:1.08M | Scene, ViewLayer | Updating Primitive Offsets
Fra:1 Mem:17.61M (Peak 17.61M) | Time:00:00.01 | Mem:1.08M, Peak:1.08M | Scene, ViewLayer | Updating Images
Fra:1 Mem:17.61M (Peak 17.61M) | Time:00:00.01 | Mem:1.08M, Peak:1.08M | Scene, ViewLayer | Updating Images | Loading environment_v2_normal.png
Fra:1 Mem:21.61M (Peak 21.61M) | Time:00:00.01 | Mem:1.08M, Peak:1.08M | Scene, ViewLayer | Updating Images | Loading environment_v2_albedo.png
Fra:1 Mem:25.62M (Peak 25.62M) | Time:00:00.03 | Mem:5.08M, Peak:5.08M | Scene, ViewLayer | Updating Images | Loading environment_v2_orm.png
Fra:1 Mem:29.62M (Peak 29.62M) | Time:00:00.06 | Mem:13.08M, Peak:13.08M | Scene, ViewLayer | Updating Camera Volume
Fra:1 Mem:29.62M (Peak 29.62M) | Time:00:00.06 | Mem:13.08M, Peak:13.08M | Scene, ViewLayer | Updating Lookup Tables
Fra:1 Mem:29.62M (Peak 29.62M) | Time:00:00.06 | Mem:13.16M, Peak:13.16M | Scene, ViewLayer | Updating Lights
Fra:1 Mem:29.62M (Peak 29.62M) | Time:00:00.06 | Mem:13.16M, Peak:13.16M | Scene, ViewLayer | Updating Lights | Computing tree
Fra:1 Mem:29.62M (Peak 29.62M) | Time:00:00.06 | Mem:13.16M, Peak:13.16M | Scene, ViewLayer | Updating Integrator
Fra:1 Mem:29.62M (Peak 29.62M) | Time:00:00.06 | Mem:13.16M, Peak:13.16M | Scene, ViewLayer | Updating Film
Fra:1 Mem:29.62M (Peak 29.62M) | Time:00:00.06 | Mem:13.08M, Peak:13.16M | Scene, ViewLayer | Updating Lookup Tables
Fra:1 Mem:29.62M (Peak 29.62M) | Time:00:00.06 | Mem:13.17M, Peak:13.17M | Scene, ViewLayer | Updating Baking
Fra:1 Mem:29.62M (Peak 29.62M) | Time:00:00.06 | Mem:13.17M, Peak:13.17M | Scene, ViewLayer | Updating Device | Writing constant memory
Fra:1 Mem:29.62M (Peak 29.62M) | Time:00:00.06 | Mem:13.17M, Peak:13.17M | Scene, ViewLayer | Sample 0/24
Fra:1 Mem:35.25M (Peak 35.25M) | Time:00:00.12 | Remaining:00:01.47 | Mem:18.80M, Peak:18.80M | Scene, ViewLayer | Sample 1/24
Fra:1 Mem:37.76M (Peak 42.76M) | Time:00:02.10 | Mem:18.80M, Peak:18.80M | Scene, ViewLayer | Sample 24/24
Fra:1 Mem:37.76M (Peak 42.76M) | Time:00:02.10 | Mem:18.80M, Peak:18.80M | Scene, ViewLayer | Finished
Saved: '/tmp/environment-v2-blender/env_pump_skid_shaded_0.png'
Time: 00:02.13 (Saving: 00:00.02)

Fra:1 Mem:15.96M (Peak 15.96M) | Time:00:00.00 | Mem:0.00M, Peak:0.00M | Scene, ViewLayer | Synchronizing object | env_pump_skid__shell_mesh
Fra:1 Mem:16.87M (Peak 17.25M) | Time:00:00.00 | Mem:0.00M, Peak:0.00M | Scene, ViewLayer | Initializing
Fra:1 Mem:16.62M (Peak 17.25M) | Time:00:00.00 | Mem:0.00M, Peak:0.00M | Scene, ViewLayer | Waiting for render to start
Fra:1 Mem:16.62M (Peak 17.25M) | Time:00:00.00 | Mem:0.00M, Peak:0.00M | Scene, ViewLayer | Loading render kernels (may take a few minutes the first time)
Fra:1 Mem:16.62M (Peak 17.25M) | Time:00:00.00 | Mem:0.00M, Peak:0.00M | Scene, ViewLayer | Updating Scene
Fra:1 Mem:16.62M (Peak 17.25M) | Time:00:00.00 | Mem:0.00M, Peak:0.00M | Scene, ViewLayer | Updating Shaders
Fra:1 Mem:16.71M (Peak 17.25M) | Time:00:00.00 | Mem:0.00M, Peak:0.00M | Scene, ViewLayer | Updating Procedurals
Fra:1 Mem:16.71M (Peak 17.25M) | Time:00:00.00 | Mem:0.00M, Peak:0.00M | Scene, ViewLayer | Updating Background
Fra:1 Mem:16.71M (Peak 17.25M) | Time:00:00.00 | Mem:0.00M, Peak:0.00M | Scene, ViewLayer | Updating Camera
Fra:1 Mem:16.71M (Peak 17.25M) | Time:00:00.00 | Mem:0.00M, Peak:0.00M | Scene, ViewLayer | Updating Meshes Flags
Fra:1 Mem:16.71M (Peak 17.25M) | Time:00:00.00 | Mem:0.00M, Peak:0.00M | Scene, ViewLayer | Updating Objects
Fra:1 Mem:16.71M (Peak 17.25M) | Time:00:00.00 | Mem:0.00M, Peak:0.00M | Scene, ViewLayer | Updating Objects | Copying Transformations to device
Fra:1 Mem:16.71M (Peak 17.25M) | Time:00:00.00 | Mem:0.00M, Peak:0.00M | Scene, ViewLayer | Updating Objects | Applying Static Transformations
Fra:1 Mem:16.71M (Peak 17.25M) | Time:00:00.00 | Mem:0.00M, Peak:0.00M | Scene, ViewLayer | Updating Particle Systems
Fra:1 Mem:16.71M (Peak 17.25M) | Time:00:00.00 | Mem:0.00M, Peak:0.00M | Scene, ViewLayer | Updating Particle Systems | Copying Particles to device
Fra:1 Mem:16.71M (Peak 17.25M) | Time:00:00.00 | Mem:0.00M, Peak:0.00M | Scene, ViewLayer | Updating Meshes
Fra:1 Mem:16.77M (Peak 17.25M) | Time:00:00.00 | Mem:0.00M, Peak:0.00M | Scene, ViewLayer | Updating Mesh | Computing attributes
Fra:1 Mem:17.17M (Peak 17.25M) | Time:00:00.00 | Mem:0.00M, Peak:0.00M | Scene, ViewLayer | Updating Mesh | Copying Attributes to device
Fra:1 Mem:17.17M (Peak 17.25M) | Time:00:00.00 | Mem:0.41M, Peak:0.41M | Scene, ViewLayer | Updating Scene BVH | Building
Fra:1 Mem:17.17M (Peak 17.25M) | Time:00:00.00 | Mem:0.41M, Peak:0.41M | Scene, ViewLayer | Updating Scene BVH | Building BVH
Fra:1 Mem:17.17M (Peak 17.25M) | Time:00:00.00 | Mem:0.53M, Peak:0.53M | Scene, ViewLayer | Updating Scene BVH | Building BVH 0%
Fra:1 Mem:17.17M (Peak 17.25M) | Time:00:00.00 | Mem:0.65M, Peak:0.77M | Scene, ViewLayer | Updating Scene BVH | Copying BVH to device
Fra:1 Mem:17.17M (Peak 17.25M) | Time:00:00.00 | Mem:0.65M, Peak:0.77M | Scene, ViewLayer | Updating Mesh | Computing normals
Fra:1 Mem:17.61M (Peak 17.61M) | Time:00:00.00 | Mem:0.65M, Peak:0.77M | Scene, ViewLayer | Updating Mesh | Copying Mesh to device
Fra:1 Mem:17.61M (Peak 17.61M) | Time:00:00.00 | Mem:1.08M, Peak:1.08M | Scene, ViewLayer | Updating Objects Flags
Fra:1 Mem:17.61M (Peak 17.61M) | Time:00:00.00 | Mem:1.08M, Peak:1.08M | Scene, ViewLayer | Updating Primitive Offsets
Fra:1 Mem:17.61M (Peak 17.61M) | Time:00:00.00 | Mem:1.08M, Peak:1.08M | Scene, ViewLayer | Updating Images
Fra:1 Mem:17.61M (Peak 17.61M) | Time:00:00.00 | Mem:1.08M, Peak:1.08M | Scene, ViewLayer | Updating Images | Loading environment_v2_normal.png
Fra:1 Mem:21.61M (Peak 21.61M) | Time:00:00.00 | Mem:1.08M, Peak:1.08M | Scene, ViewLayer | Updating Images | Loading environment_v2_albedo.png
Fra:1 Mem:25.62M (Peak 25.62M) | Time:00:00.04 | Mem:5.08M, Peak:5.08M | Scene, ViewLayer | Updating Images | Loading environment_v2_orm.png
Fra:1 Mem:29.62M (Peak 29.62M) | Time:00:00.07 | Mem:13.08M, Peak:13.08M | Scene, ViewLayer | Updating Camera Volume
Fra:1 Mem:29.62M (Peak 29.62M) | Time:00:00.07 | Mem:13.08M, Peak:13.08M | Scene, ViewLayer | Updating Lookup Tables
Fra:1 Mem:29.62M (Peak 29.62M) | Time:00:00.07 | Mem:13.16M, Peak:13.16M | Scene, ViewLayer | Updating Lights
Fra:1 Mem:29.62M (Peak 29.62M) | Time:00:00.07 | Mem:13.16M, Peak:13.16M | Scene, ViewLayer | Updating Lights | Computing tree
Fra:1 Mem:29.62M (Peak 29.62M) | Time:00:00.07 | Mem:13.16M, Peak:13.16M | Scene, ViewLayer | Updating Integrator
Fra:1 Mem:29.62M (Peak 29.62M) | Time:00:00.07 | Mem:13.16M, Peak:13.16M | Scene, ViewLayer | Updating Film
Fra:1 Mem:29.62M (Peak 29.62M) | Time:00:00.07 | Mem:13.08M, Peak:13.16M | Scene, ViewLayer | Updating Lookup Tables
Fra:1 Mem:29.62M (Peak 29.62M) | Time:00:00.07 | Mem:13.17M, Peak:13.17M | Scene, ViewLayer | Updating Baking
Fra:1 Mem:29.62M (Peak 29.62M) | Time:00:00.07 | Mem:13.17M, Peak:13.17M | Scene, ViewLayer | Updating Device | Writing constant memory
Fra:1 Mem:29.62M (Peak 29.62M) | Time:00:00.07 | Mem:13.17M, Peak:13.17M | Scene, ViewLayer | Sample 0/24
Fra:1 Mem:35.25M (Peak 35.25M) | Time:00:00.14 | Remaining:00:01.82 | Mem:18.80M, Peak:18.80M | Scene, ViewLayer | Sample 1/24
Fra:1 Mem:37.76M (Peak 42.76M) | Time:00:01.70 | Mem:18.80M, Peak:18.80M | Scene, ViewLayer | Sample 24/24
Fra:1 Mem:37.76M (Peak 42.76M) | Time:00:01.70 | Mem:18.80M, Peak:18.80M | Scene, ViewLayer | Finished
Saved: '/tmp/environment-v2-blender/env_pump_skid_shaded_90.png'
Time: 00:01.71 (Saving: 00:00.01)

Fra:1 Mem:15.96M (Peak 15.96M) | Time:00:00.00 | Mem:0.00M, Peak:0.00M | Scene, ViewLayer | Synchronizing object | env_pump_skid__shell_mesh
Fra:1 Mem:16.87M (Peak 17.25M) | Time:00:00.00 | Mem:0.00M, Peak:0.00M | Scene, ViewLayer | Initializing
Fra:1 Mem:16.62M (Peak 17.25M) | Time:00:00.00 | Mem:0.00M, Peak:0.00M | Scene, ViewLayer | Waiting for render to start
Fra:1 Mem:16.62M (Peak 17.25M) | Time:00:00.00 | Mem:0.00M, Peak:0.00M | Scene, ViewLayer | Loading render kernels (may take a few minutes the first time)
Fra:1 Mem:16.62M (Peak 17.25M) | Time:00:00.00 | Mem:0.00M, Peak:0.00M | Scene, ViewLayer | Updating Scene
Fra:1 Mem:16.62M (Peak 17.25M) | Time:00:00.00 | Mem:0.00M, Peak:0.00M | Scene, ViewLayer | Updating Shaders
Fra:1 Mem:16.71M (Peak 17.25M) | Time:00:00.00 | Mem:0.00M, Peak:0.00M | Scene, ViewLayer | Updating Procedurals
Fra:1 Mem:16.71M (Peak 17.25M) | Time:00:00.00 | Mem:0.00M, Peak:0.00M | Scene, ViewLayer | Updating Background
Fra:1 Mem:16.71M (Peak 17.25M) | Time:00:00.00 | Mem:0.00M, Peak:0.00M | Scene, ViewLayer | Updating Camera
Fra:1 Mem:16.71M (Peak 17.25M) | Time:00:00.00 | Mem:0.00M, Peak:0.00M | Scene, ViewLayer | Updating Meshes Flags
Fra:1 Mem:16.71M (Peak 17.25M) | Time:00:00.00 | Mem:0.00M, Peak:0.00M | Scene, ViewLayer | Updating Objects
Fra:1 Mem:16.71M (Peak 17.25M) | Time:00:00.00 | Mem:0.00M, Peak:0.00M | Scene, ViewLayer | Updating Objects | Copying Transformations to device
Fra:1 Mem:16.71M (Peak 17.25M) | Time:00:00.00 | Mem:0.00M, Peak:0.00M | Scene, ViewLayer | Updating Objects | Applying Static Transformations
Fra:1 Mem:16.71M (Peak 17.25M) | Time:00:00.00 | Mem:0.00M, Peak:0.00M | Scene, ViewLayer | Updating Particle Systems
Fra:1 Mem:16.71M (Peak 17.25M) | Time:00:00.00 | Mem:0.00M, Peak:0.00M | Scene, ViewLayer | Updating Particle Systems | Copying Particles to device
Fra:1 Mem:16.71M (Peak 17.25M) | Time:00:00.00 | Mem:0.00M, Peak:0.00M | Scene, ViewLayer | Updating Meshes
Fra:1 Mem:16.77M (Peak 17.25M) | Time:00:00.00 | Mem:0.00M, Peak:0.00M | Scene, ViewLayer | Updating Mesh | Computing attributes
Fra:1 Mem:17.17M (Peak 17.25M) | Time:00:00.00 | Mem:0.00M, Peak:0.00M | Scene, ViewLayer | Updating Mesh | Copying Attributes to device
Fra:1 Mem:17.17M (Peak 17.25M) | Time:00:00.00 | Mem:0.41M, Peak:0.41M | Scene, ViewLayer | Updating Scene BVH | Building
Fra:1 Mem:17.17M (Peak 17.25M) | Time:00:00.00 | Mem:0.41M, Peak:0.41M | Scene, ViewLayer | Updating Scene BVH | Building BVH
Fra:1 Mem:17.17M (Peak 17.25M) | Time:00:00.00 | Mem:0.53M, Peak:0.53M | Scene, ViewLayer | Updating Scene BVH | Building BVH 0%
Fra:1 Mem:17.17M (Peak 17.25M) | Time:00:00.00 | Mem:0.65M, Peak:0.77M | Scene, ViewLayer | Updating Scene BVH | Copying BVH to device
Fra:1 Mem:17.17M (Peak 17.25M) | Time:00:00.00 | Mem:0.65M, Peak:0.77M | Scene, ViewLayer | Updating Mesh | Computing normals
Fra:1 Mem:17.61M (Peak 17.61M) | Time:00:00.00 | Mem:0.65M, Peak:0.77M | Scene, ViewLayer | Updating Mesh | Copying Mesh to device
Fra:1 Mem:17.61M (Peak 17.61M) | Time:00:00.00 | Mem:1.08M, Peak:1.08M | Scene, ViewLayer | Updating Objects Flags
Fra:1 Mem:17.61M (Peak 17.61M) | Time:00:00.00 | Mem:1.08M, Peak:1.08M | Scene, ViewLayer | Updating Primitive Offsets
Fra:1 Mem:17.61M (Peak 17.61M) | Time:00:00.00 | Mem:1.08M, Peak:1.08M | Scene, ViewLayer | Updating Images
Fra:1 Mem:17.61M (Peak 17.61M) | Time:00:00.00 | Mem:1.08M, Peak:1.08M | Scene, ViewLayer | Updating Images | Loading environment_v2_normal.png
Fra:1 Mem:21.61M (Peak 21.61M) | Time:00:00.00 | Mem:1.08M, Peak:1.08M | Scene, ViewLayer | Updating Images | Loading environment_v2_albedo.png
Fra:1 Mem:25.62M (Peak 25.62M) | Time:00:00.03 | Mem:5.08M, Peak:5.08M | Scene, ViewLayer | Updating Images | Loading environment_v2_orm.png
Fra:1 Mem:29.62M (Peak 29.62M) | Time:00:00.05 | Mem:13.08M, Peak:13.08M | Scene, ViewLayer | Updating Camera Volume
Fra:1 Mem:29.62M (Peak 29.62M) | Time:00:00.05 | Mem:13.08M, Peak:13.08M | Scene, ViewLayer | Updating Lookup Tables
Fra:1 Mem:29.62M (Peak 29.62M) | Time:00:00.05 | Mem:13.16M, Peak:13.16M | Scene, ViewLayer | Updating Lights
Fra:1 Mem:29.62M (Peak 29.62M) | Time:00:00.05 | Mem:13.16M, Peak:13.16M | Scene, ViewLayer | Updating Lights | Computing tree
Fra:1 Mem:29.62M (Peak 29.62M) | Time:00:00.05 | Mem:13.16M, Peak:13.16M | Scene, ViewLayer | Updating Integrator
Fra:1 Mem:29.62M (Peak 29.62M) | Time:00:00.05 | Mem:13.16M, Peak:13.16M | Scene, ViewLayer | Updating Film
Fra:1 Mem:29.62M (Peak 29.62M) | Time:00:00.05 | Mem:13.08M, Peak:13.16M | Scene, ViewLayer | Updating Lookup Tables
Fra:1 Mem:29.62M (Peak 29.62M) | Time:00:00.05 | Mem:13.17M, Peak:13.17M | Scene, ViewLayer | Updating Baking
Fra:1 Mem:29.62M (Peak 29.62M) | Time:00:00.05 | Mem:13.17M, Peak:13.17M | Scene, ViewLayer | Updating Device | Writing constant memory
Fra:1 Mem:29.62M (Peak 29.62M) | Time:00:00.05 | Mem:13.17M, Peak:13.17M | Scene, ViewLayer | Sample 0/24
Fra:1 Mem:35.25M (Peak 35.25M) | Time:00:00.14 | Remaining:00:01.95 | Mem:18.80M, Peak:18.80M | Scene, ViewLayer | Sample 1/24
Fra:1 Mem:37.76M (Peak 42.76M) | Time:00:01.84 | Mem:18.80M, Peak:18.80M | Scene, ViewLayer | Sample 24/24
Fra:1 Mem:37.76M (Peak 42.76M) | Time:00:01.84 | Mem:18.80M, Peak:18.80M | Scene, ViewLayer | Finished
Saved: '/tmp/environment-v2-blender/env_pump_skid_shaded_180.png'
Time: 00:01.92 (Saving: 00:00.08)

Fra:1 Mem:15.89M (Peak 15.89M) | Time:00:00.00 | Mem:0.00M, Peak:0.00M | Scene, ViewLayer | Synchronizing object | env_pump_skid__shell_mesh
Fra:1 Mem:16.50M (Peak 17.19M) | Time:00:00.00 | Mem:0.00M, Peak:0.00M | Scene, ViewLayer | Initializing
Fra:1 Mem:16.28M (Peak 17.19M) | Time:00:00.00 | Mem:0.00M, Peak:0.00M | Scene, ViewLayer | Waiting for render to start
Fra:1 Mem:16.28M (Peak 17.19M) | Time:00:00.00 | Mem:0.00M, Peak:0.00M | Scene, ViewLayer | Loading render kernels (may take a few minutes the first time)
Fra:1 Mem:16.28M (Peak 17.19M) | Time:00:00.00 | Mem:0.00M, Peak:0.00M | Scene, ViewLayer | Updating Scene
Fra:1 Mem:16.28M (Peak 17.19M) | Time:00:00.00 | Mem:0.00M, Peak:0.00M | Scene, ViewLayer | Updating Shaders
Fra:1 Mem:16.36M (Peak 17.19M) | Time:00:00.00 | Mem:0.00M, Peak:0.00M | Scene, ViewLayer | Updating Procedurals
Fra:1 Mem:16.36M (Peak 17.19M) | Time:00:00.00 | Mem:0.00M, Peak:0.00M | Scene, ViewLayer | Updating Background
Fra:1 Mem:16.36M (Peak 17.19M) | Time:00:00.00 | Mem:0.00M, Peak:0.00M | Scene, ViewLayer | Updating Camera
Fra:1 Mem:16.36M (Peak 17.19M) | Time:00:00.00 | Mem:0.00M, Peak:0.00M | Scene, ViewLayer | Updating Meshes Flags
Fra:1 Mem:16.36M (Peak 17.19M) | Time:00:00.00 | Mem:0.00M, Peak:0.00M | Scene, ViewLayer | Updating Objects
Fra:1 Mem:16.36M (Peak 17.19M) | Time:00:00.00 | Mem:0.00M, Peak:0.00M | Scene, ViewLayer | Updating Objects | Copying Transformations to device
Fra:1 Mem:16.36M (Peak 17.19M) | Time:00:00.00 | Mem:0.00M, Peak:0.00M | Scene, ViewLayer | Updating Objects | Applying Static Transformations
Fra:1 Mem:16.36M (Peak 17.19M) | Time:00:00.00 | Mem:0.00M, Peak:0.00M | Scene, ViewLayer | Updating Particle Systems
Fra:1 Mem:16.36M (Peak 17.19M) | Time:00:00.00 | Mem:0.00M, Peak:0.00M | Scene, ViewLayer | Updating Particle Systems | Copying Particles to device
Fra:1 Mem:16.36M (Peak 17.19M) | Time:00:00.00 | Mem:0.00M, Peak:0.00M | Scene, ViewLayer | Updating Meshes
Fra:1 Mem:16.42M (Peak 17.19M) | Time:00:00.00 | Mem:0.00M, Peak:0.00M | Scene, ViewLayer | Updating Mesh | Computing attributes
Fra:1 Mem:16.56M (Peak 17.19M) | Time:00:00.00 | Mem:0.00M, Peak:0.00M | Scene, ViewLayer | Updating Mesh | Copying Attributes to device
Fra:1 Mem:16.56M (Peak 17.19M) | Time:00:00.00 | Mem:0.14M, Peak:0.14M | Scene, ViewLayer | Updating Scene BVH | Building
Fra:1 Mem:16.56M (Peak 17.19M) | Time:00:00.00 | Mem:0.14M, Peak:0.14M | Scene, ViewLayer | Updating Scene BVH | Building BVH
Fra:1 Mem:16.56M (Peak 17.19M) | Time:00:00.00 | Mem:0.26M, Peak:0.26M | Scene, ViewLayer | Updating Scene BVH | Building BVH 0%
Fra:1 Mem:16.56M (Peak 17.19M) | Time:00:00.00 | Mem:0.38M, Peak:0.50M | Scene, ViewLayer | Updating Scene BVH | Copying BVH to device
Fra:1 Mem:16.56M (Peak 17.19M) | Time:00:00.00 | Mem:0.38M, Peak:0.50M | Scene, ViewLayer | Updating Mesh | Computing normals
Fra:1 Mem:16.99M (Peak 17.19M) | Time:00:00.00 | Mem:0.38M, Peak:0.50M | Scene, ViewLayer | Updating Mesh | Copying Mesh to device
Fra:1 Mem:16.99M (Peak 17.19M) | Time:00:00.00 | Mem:0.81M, Peak:0.81M | Scene, ViewLayer | Updating Objects Flags
Fra:1 Mem:16.99M (Peak 17.19M) | Time:00:00.00 | Mem:0.81M, Peak:0.81M | Scene, ViewLayer | Updating Primitive Offsets
Fra:1 Mem:16.99M (Peak 17.19M) | Time:00:00.00 | Mem:0.81M, Peak:0.81M | Scene, ViewLayer | Updating Images
Fra:1 Mem:16.99M (Peak 17.19M) | Time:00:00.00 | Mem:0.81M, Peak:0.81M | Scene, ViewLayer | Updating Camera Volume
Fra:1 Mem:16.99M (Peak 17.19M) | Time:00:00.00 | Mem:0.81M, Peak:0.81M | Scene, ViewLayer | Updating Lookup Tables
Fra:1 Mem:16.99M (Peak 17.19M) | Time:00:00.00 | Mem:0.89M, Peak:0.89M | Scene, ViewLayer | Updating Lights
Fra:1 Mem:16.99M (Peak 17.19M) | Time:00:00.00 | Mem:0.89M, Peak:0.89M | Scene, ViewLayer | Updating Lights | Computing tree
Fra:1 Mem:16.99M (Peak 17.19M) | Time:00:00.00 | Mem:0.89M, Peak:0.89M | Scene, ViewLayer | Updating Integrator
Fra:1 Mem:16.99M (Peak 17.19M) | Time:00:00.00 | Mem:0.89M, Peak:0.89M | Scene, ViewLayer | Updating Film
Fra:1 Mem:16.99M (Peak 17.19M) | Time:00:00.00 | Mem:0.81M, Peak:0.89M | Scene, ViewLayer | Updating Lookup Tables
Fra:1 Mem:16.99M (Peak 17.19M) | Time:00:00.00 | Mem:0.90M, Peak:0.90M | Scene, ViewLayer | Updating Baking
Fra:1 Mem:16.99M (Peak 17.19M) | Time:00:00.00 | Mem:0.90M, Peak:0.90M | Scene, ViewLayer | Updating Device | Writing constant memory
Fra:1 Mem:16.99M (Peak 17.19M) | Time:00:00.00 | Mem:0.90M, Peak:0.90M | Scene, ViewLayer | Sample 0/24
Fra:1 Mem:22.63M (Peak 22.63M) | Time:00:00.08 | Remaining:00:01.75 | Mem:6.52M, Peak:6.52M | Scene, ViewLayer | Sample 1/24
Fra:1 Mem:25.13M (Peak 30.13M) | Time:00:01.77 | Mem:6.52M, Peak:6.52M | Scene, ViewLayer | Sample 24/24
Fra:1 Mem:25.13M (Peak 30.13M) | Time:00:01.77 | Mem:6.52M, Peak:6.52M | Scene, ViewLayer | Finished
Saved: '/tmp/environment-v2-blender/env_pump_skid_clay_0.png'
Time: 00:01.80 (Saving: 00:00.02)

Fra:1 Mem:15.89M (Peak 15.89M) | Time:00:00.00 | Mem:0.00M, Peak:0.00M | Scene, ViewLayer | Synchronizing object | env_pump_skid__shell_mesh
Fra:1 Mem:16.50M (Peak 17.19M) | Time:00:00.00 | Mem:0.00M, Peak:0.00M | Scene, ViewLayer | Initializing
Fra:1 Mem:16.28M (Peak 17.19M) | Time:00:00.00 | Mem:0.00M, Peak:0.00M | Scene, ViewLayer | Waiting for render to start
Fra:1 Mem:16.28M (Peak 17.19M) | Time:00:00.00 | Mem:0.00M, Peak:0.00M | Scene, ViewLayer | Loading render kernels (may take a few minutes the first time)
Fra:1 Mem:16.28M (Peak 17.19M) | Time:00:00.00 | Mem:0.00M, Peak:0.00M | Scene, ViewLayer | Updating Scene
Fra:1 Mem:16.28M (Peak 17.19M) | Time:00:00.00 | Mem:0.00M, Peak:0.00M | Scene, ViewLayer | Updating Shaders
Fra:1 Mem:16.36M (Peak 17.19M) | Time:00:00.00 | Mem:0.00M, Peak:0.00M | Scene, ViewLayer | Updating Procedurals
Fra:1 Mem:16.36M (Peak 17.19M) | Time:00:00.00 | Mem:0.00M, Peak:0.00M | Scene, ViewLayer | Updating Background
Fra:1 Mem:16.36M (Peak 17.19M) | Time:00:00.00 | Mem:0.00M, Peak:0.00M | Scene, ViewLayer | Updating Camera
Fra:1 Mem:16.36M (Peak 17.19M) | Time:00:00.00 | Mem:0.00M, Peak:0.00M | Scene, ViewLayer | Updating Meshes Flags
Fra:1 Mem:16.36M (Peak 17.19M) | Time:00:00.00 | Mem:0.00M, Peak:0.00M | Scene, ViewLayer | Updating Objects
Fra:1 Mem:16.36M (Peak 17.19M) | Time:00:00.00 | Mem:0.00M, Peak:0.00M | Scene, ViewLayer | Updating Objects | Copying Transformations to device
Fra:1 Mem:16.36M (Peak 17.19M) | Time:00:00.00 | Mem:0.00M, Peak:0.00M | Scene, ViewLayer | Updating Objects | Applying Static Transformations
Fra:1 Mem:16.36M (Peak 17.19M) | Time:00:00.00 | Mem:0.00M, Peak:0.00M | Scene, ViewLayer | Updating Particle Systems
Fra:1 Mem:16.36M (Peak 17.19M) | Time:00:00.00 | Mem:0.00M, Peak:0.00M | Scene, ViewLayer | Updating Particle Systems | Copying Particles to device
Fra:1 Mem:16.36M (Peak 17.19M) | Time:00:00.00 | Mem:0.00M, Peak:0.00M | Scene, ViewLayer | Updating Meshes
Fra:1 Mem:16.42M (Peak 17.19M) | Time:00:00.00 | Mem:0.00M, Peak:0.00M | Scene, ViewLayer | Updating Mesh | Computing attributes
Fra:1 Mem:16.56M (Peak 17.19M) | Time:00:00.00 | Mem:0.00M, Peak:0.00M | Scene, ViewLayer | Updating Mesh | Copying Attributes to device
Fra:1 Mem:16.56M (Peak 17.19M) | Time:00:00.00 | Mem:0.14M, Peak:0.14M | Scene, ViewLayer | Updating Scene BVH | Building
Fra:1 Mem:16.56M (Peak 17.19M) | Time:00:00.00 | Mem:0.14M, Peak:0.14M | Scene, ViewLayer | Updating Scene BVH | Building BVH
Fra:1 Mem:16.56M (Peak 17.19M) | Time:00:00.00 | Mem:0.26M, Peak:0.26M | Scene, ViewLayer | Updating Scene BVH | Building BVH 0%
Fra:1 Mem:16.56M (Peak 17.19M) | Time:00:00.01 | Mem:0.38M, Peak:0.50M | Scene, ViewLayer | Updating Scene BVH | Copying BVH to device
Fra:1 Mem:16.56M (Peak 17.19M) | Time:00:00.01 | Mem:0.38M, Peak:0.50M | Scene, ViewLayer | Updating Mesh | Computing normals
Fra:1 Mem:16.99M (Peak 17.19M) | Time:00:00.01 | Mem:0.38M, Peak:0.50M | Scene, ViewLayer | Updating Mesh | Copying Mesh to device
Fra:1 Mem:16.99M (Peak 17.19M) | Time:00:00.01 | Mem:0.81M, Peak:0.81M | Scene, ViewLayer | Updating Objects Flags
Fra:1 Mem:16.99M (Peak 17.19M) | Time:00:00.01 | Mem:0.81M, Peak:0.81M | Scene, ViewLayer | Updating Primitive Offsets
Fra:1 Mem:16.99M (Peak 17.19M) | Time:00:00.01 | Mem:0.81M, Peak:0.81M | Scene, ViewLayer | Updating Images
Fra:1 Mem:16.99M (Peak 17.19M) | Time:00:00.01 | Mem:0.81M, Peak:0.81M | Scene, ViewLayer | Updating Camera Volume
Fra:1 Mem:16.99M (Peak 17.19M) | Time:00:00.01 | Mem:0.81M, Peak:0.81M | Scene, ViewLayer | Updating Lookup Tables
Fra:1 Mem:16.99M (Peak 17.19M) | Time:00:00.01 | Mem:0.89M, Peak:0.89M | Scene, ViewLayer | Updating Lights
Fra:1 Mem:16.99M (Peak 17.19M) | Time:00:00.01 | Mem:0.89M, Peak:0.89M | Scene, ViewLayer | Updating Lights | Computing tree
Fra:1 Mem:16.99M (Peak 17.19M) | Time:00:00.01 | Mem:0.89M, Peak:0.89M | Scene, ViewLayer | Updating Integrator
Fra:1 Mem:16.99M (Peak 17.19M) | Time:00:00.01 | Mem:0.89M, Peak:0.89M | Scene, ViewLayer | Updating Film
Fra:1 Mem:16.99M (Peak 17.19M) | Time:00:00.01 | Mem:0.81M, Peak:0.89M | Scene, ViewLayer | Updating Lookup Tables
Fra:1 Mem:16.99M (Peak 17.19M) | Time:00:00.01 | Mem:0.90M, Peak:0.90M | Scene, ViewLayer | Updating Baking
Fra:1 Mem:16.99M (Peak 17.19M) | Time:00:00.01 | Mem:0.90M, Peak:0.90M | Scene, ViewLayer | Updating Device | Writing constant memory
Fra:1 Mem:16.99M (Peak 17.19M) | Time:00:00.01 | Mem:0.90M, Peak:0.90M | Scene, ViewLayer | Sample 0/24
Fra:1 Mem:22.63M (Peak 22.63M) | Time:00:00.09 | Remaining:00:02.01 | Mem:6.52M, Peak:6.52M | Scene, ViewLayer | Sample 1/24
Fra:1 Mem:25.13M (Peak 30.13M) | Time:00:02.37 | Mem:6.52M, Peak:6.52M | Scene, ViewLayer | Sample 24/24
Fra:1 Mem:25.13M (Peak 30.13M) | Time:00:02.37 | Mem:6.52M, Peak:6.52M | Scene, ViewLayer | Finished
Saved: '/tmp/environment-v2-blender/env_pump_skid_clay_90.png'
Time: 00:02.44 (Saving: 00:00.06)

Fra:1 Mem:15.89M (Peak 15.89M) | Time:00:00.00 | Mem:0.00M, Peak:0.00M | Scene, ViewLayer | Synchronizing object | env_pump_skid__shell_mesh
Fra:1 Mem:16.50M (Peak 17.19M) | Time:00:00.01 | Mem:0.00M, Peak:0.00M | Scene, ViewLayer | Initializing
Fra:1 Mem:16.28M (Peak 17.19M) | Time:00:00.01 | Mem:0.00M, Peak:0.00M | Scene, ViewLayer | Waiting for render to start
Fra:1 Mem:16.28M (Peak 17.19M) | Time:00:00.01 | Mem:0.00M, Peak:0.00M | Scene, ViewLayer | Loading render kernels (may take a few minutes the first time)
Fra:1 Mem:16.28M (Peak 17.19M) | Time:00:00.01 | Mem:0.00M, Peak:0.00M | Scene, ViewLayer | Updating Scene
Fra:1 Mem:16.28M (Peak 17.19M) | Time:00:00.01 | Mem:0.00M, Peak:0.00M | Scene, ViewLayer | Updating Shaders
Fra:1 Mem:16.36M (Peak 17.19M) | Time:00:00.01 | Mem:0.00M, Peak:0.00M | Scene, ViewLayer | Updating Procedurals
Fra:1 Mem:16.36M (Peak 17.19M) | Time:00:00.01 | Mem:0.00M, Peak:0.00M | Scene, ViewLayer | Updating Background
Fra:1 Mem:16.36M (Peak 17.19M) | Time:00:00.01 | Mem:0.00M, Peak:0.00M | Scene, ViewLayer | Updating Camera
Fra:1 Mem:16.36M (Peak 17.19M) | Time:00:00.01 | Mem:0.00M, Peak:0.00M | Scene, ViewLayer | Updating Meshes Flags
Fra:1 Mem:16.36M (Peak 17.19M) | Time:00:00.01 | Mem:0.00M, Peak:0.00M | Scene, ViewLayer | Updating Objects
Fra:1 Mem:16.36M (Peak 17.19M) | Time:00:00.01 | Mem:0.00M, Peak:0.00M | Scene, ViewLayer | Updating Objects | Copying Transformations to device
Fra:1 Mem:16.36M (Peak 17.19M) | Time:00:00.01 | Mem:0.00M, Peak:0.00M | Scene, ViewLayer | Updating Objects | Applying Static Transformations
Fra:1 Mem:16.36M (Peak 17.19M) | Time:00:00.01 | Mem:0.00M, Peak:0.00M | Scene, ViewLayer | Updating Particle Systems
Fra:1 Mem:16.36M (Peak 17.19M) | Time:00:00.01 | Mem:0.00M, Peak:0.00M | Scene, ViewLayer | Updating Particle Systems | Copying Particles to device
Fra:1 Mem:16.36M (Peak 17.19M) | Time:00:00.01 | Mem:0.00M, Peak:0.00M | Scene, ViewLayer | Updating Meshes
Fra:1 Mem:16.42M (Peak 17.19M) | Time:00:00.01 | Mem:0.00M, Peak:0.00M | Scene, ViewLayer | Updating Mesh | Computing attributes
Fra:1 Mem:16.56M (Peak 17.19M) | Time:00:00.01 | Mem:0.00M, Peak:0.00M | Scene, ViewLayer | Updating Mesh | Copying Attributes to device
Fra:1 Mem:16.56M (Peak 17.19M) | Time:00:00.01 | Mem:0.14M, Peak:0.14M | Scene, ViewLayer | Updating Scene BVH | Building
Fra:1 Mem:16.56M (Peak 17.19M) | Time:00:00.01 | Mem:0.14M, Peak:0.14M | Scene, ViewLayer | Updating Scene BVH | Building BVH
Fra:1 Mem:16.56M (Peak 17.19M) | Time:00:00.01 | Mem:0.26M, Peak:0.26M | Scene, ViewLayer | Updating Scene BVH | Building BVH 0%
Fra:1 Mem:16.56M (Peak 17.19M) | Time:00:00.02 | Mem:0.38M, Peak:0.50M | Scene, ViewLayer | Updating Scene BVH | Copying BVH to device
Fra:1 Mem:16.56M (Peak 17.19M) | Time:00:00.02 | Mem:0.38M, Peak:0.50M | Scene, ViewLayer | Updating Mesh | Computing normals
Fra:1 Mem:16.99M (Peak 17.19M) | Time:00:00.02 | Mem:0.38M, Peak:0.50M | Scene, ViewLayer | Updating Mesh | Copying Mesh to device
Fra:1 Mem:16.99M (Peak 17.19M) | Time:00:00.02 | Mem:0.81M, Peak:0.81M | Scene, ViewLayer | Updating Objects Flags
Fra:1 Mem:16.99M (Peak 17.19M) | Time:00:00.02 | Mem:0.81M, Peak:0.81M | Scene, ViewLayer | Updating Primitive Offsets
Fra:1 Mem:16.99M (Peak 17.19M) | Time:00:00.02 | Mem:0.81M, Peak:0.81M | Scene, ViewLayer | Updating Images
Fra:1 Mem:16.99M (Peak 17.19M) | Time:00:00.02 | Mem:0.81M, Peak:0.81M | Scene, ViewLayer | Updating Camera Volume
Fra:1 Mem:16.99M (Peak 17.19M) | Time:00:00.02 | Mem:0.81M, Peak:0.81M | Scene, ViewLayer | Updating Lookup Tables
Fra:1 Mem:16.99M (Peak 17.19M) | Time:00:00.02 | Mem:0.89M, Peak:0.89M | Scene, ViewLayer | Updating Lights
Fra:1 Mem:16.99M (Peak 17.19M) | Time:00:00.02 | Mem:0.89M, Peak:0.89M | Scene, ViewLayer | Updating Lights | Computing tree
Fra:1 Mem:16.99M (Peak 17.19M) | Time:00:00.02 | Mem:0.89M, Peak:0.89M | Scene, ViewLayer | Updating Integrator
Fra:1 Mem:16.99M (Peak 17.19M) | Time:00:00.02 | Mem:0.89M, Peak:0.89M | Scene, ViewLayer | Updating Film
Fra:1 Mem:16.99M (Peak 17.19M) | Time:00:00.02 | Mem:0.81M, Peak:0.89M | Scene, ViewLayer | Updating Lookup Tables
Fra:1 Mem:16.99M (Peak 17.19M) | Time:00:00.02 | Mem:0.90M, Peak:0.90M | Scene, ViewLayer | Updating Baking
Fra:1 Mem:16.99M (Peak 17.19M) | Time:00:00.02 | Mem:0.90M, Peak:0.90M | Scene, ViewLayer | Updating Device | Writing constant memory
Fra:1 Mem:16.99M (Peak 17.19M) | Time:00:00.02 | Mem:0.90M, Peak:0.90M | Scene, ViewLayer | Sample 0/24
Fra:1 Mem:22.63M (Peak 22.63M) | Time:00:00.44 | Remaining:00:09.75 | Mem:6.52M, Peak:6.52M | Scene, ViewLayer | Sample 1/24
Fra:1 Mem:25.13M (Peak 30.13M) | Time:00:02.43 | Mem:6.52M, Peak:6.52M | Scene, ViewLayer | Sample 24/24
Fra:1 Mem:25.13M (Peak 30.13M) | Time:00:02.43 | Mem:6.52M, Peak:6.52M | Scene, ViewLayer | Finished
Saved: '/tmp/environment-v2-blender/env_pump_skid_clay_180.png'
Time: 00:02.46 (Saving: 00:00.02)

BLENDER_STUDY env_pump_skid
16:56:08 | INFO: Data are loaded, start creating Blender stuff
16:56:08 | INFO: Blender create Mesh node Cylinder.478
16:56:08 | INFO: glTF import finished in 0.01s
Fra:1 Mem:16.46M (Peak 16.46M) | Time:00:00.00 | Mem:0.00M, Peak:0.00M | Scene, ViewLayer | Synchronizing object | env_signal_mast__shell_mesh
Fra:1 Mem:17.00M (Peak 17.00M) | Time:00:00.00 | Mem:0.00M, Peak:0.00M | Scene, ViewLayer | Initializing
Fra:1 Mem:16.71M (Peak 17.00M) | Time:00:00.00 | Mem:0.00M, Peak:0.00M | Scene, ViewLayer | Waiting for render to start
Fra:1 Mem:16.71M (Peak 17.00M) | Time:00:00.00 | Mem:0.00M, Peak:0.00M | Scene, ViewLayer | Loading render kernels (may take a few minutes the first time)
Fra:1 Mem:16.71M (Peak 17.00M) | Time:00:00.00 | Mem:0.00M, Peak:0.00M | Scene, ViewLayer | Updating Scene
Fra:1 Mem:16.71M (Peak 17.00M) | Time:00:00.00 | Mem:0.00M, Peak:0.00M | Scene, ViewLayer | Updating Shaders
Fra:1 Mem:16.79M (Peak 17.00M) | Time:00:00.00 | Mem:0.00M, Peak:0.00M | Scene, ViewLayer | Updating Procedurals
Fra:1 Mem:16.79M (Peak 17.00M) | Time:00:00.00 | Mem:0.00M, Peak:0.00M | Scene, ViewLayer | Updating Background
Fra:1 Mem:16.79M (Peak 17.00M) | Time:00:00.00 | Mem:0.00M, Peak:0.00M | Scene, ViewLayer | Updating Camera
Fra:1 Mem:16.79M (Peak 17.00M) | Time:00:00.00 | Mem:0.00M, Peak:0.00M | Scene, ViewLayer | Updating Meshes Flags
Fra:1 Mem:16.79M (Peak 17.00M) | Time:00:00.00 | Mem:0.00M, Peak:0.00M | Scene, ViewLayer | Updating Objects
Fra:1 Mem:16.79M (Peak 17.00M) | Time:00:00.00 | Mem:0.00M, Peak:0.00M | Scene, ViewLayer | Updating Objects | Copying Transformations to device
Fra:1 Mem:16.79M (Peak 17.00M) | Time:00:00.00 | Mem:0.00M, Peak:0.00M | Scene, ViewLayer | Updating Objects | Applying Static Transformations
Fra:1 Mem:16.79M (Peak 17.00M) | Time:00:00.00 | Mem:0.00M, Peak:0.00M | Scene, ViewLayer | Updating Particle Systems
Fra:1 Mem:16.79M (Peak 17.00M) | Time:00:00.00 | Mem:0.00M, Peak:0.00M | Scene, ViewLayer | Updating Particle Systems | Copying Particles to device
Fra:1 Mem:16.79M (Peak 17.00M) | Time:00:00.00 | Mem:0.00M, Peak:0.00M | Scene, ViewLayer | Updating Meshes
Fra:1 Mem:16.82M (Peak 17.00M) | Time:00:00.00 | Mem:0.00M, Peak:0.00M | Scene, ViewLayer | Updating Mesh | Computing attributes
Fra:1 Mem:17.04M (Peak 17.04M) | Time:00:00.00 | Mem:0.00M, Peak:0.00M | Scene, ViewLayer | Updating Mesh | Copying Attributes to device
Fra:1 Mem:17.04M (Peak 17.04M) | Time:00:00.00 | Mem:0.22M, Peak:0.22M | Scene, ViewLayer | Updating Scene BVH | Building
Fra:1 Mem:17.04M (Peak 17.04M) | Time:00:00.00 | Mem:0.22M, Peak:0.22M | Scene, ViewLayer | Updating Scene BVH | Building BVH
Fra:1 Mem:17.04M (Peak 17.04M) | Time:00:00.00 | Mem:0.28M, Peak:0.28M | Scene, ViewLayer | Updating Scene BVH | Building BVH 0%
Fra:1 Mem:17.04M (Peak 17.04M) | Time:00:00.00 | Mem:0.35M, Peak:0.42M | Scene, ViewLayer | Updating Scene BVH | Copying BVH to device
Fra:1 Mem:17.04M (Peak 17.04M) | Time:00:00.00 | Mem:0.35M, Peak:0.42M | Scene, ViewLayer | Updating Mesh | Computing normals
Fra:1 Mem:17.27M (Peak 17.27M) | Time:00:00.00 | Mem:0.35M, Peak:0.42M | Scene, ViewLayer | Updating Mesh | Copying Mesh to device
Fra:1 Mem:17.27M (Peak 17.27M) | Time:00:00.00 | Mem:0.59M, Peak:0.59M | Scene, ViewLayer | Updating Objects Flags
Fra:1 Mem:17.27M (Peak 17.27M) | Time:00:00.00 | Mem:0.59M, Peak:0.59M | Scene, ViewLayer | Updating Primitive Offsets
Fra:1 Mem:17.27M (Peak 17.27M) | Time:00:00.00 | Mem:0.59M, Peak:0.59M | Scene, ViewLayer | Updating Images
Fra:1 Mem:17.27M (Peak 17.27M) | Time:00:00.00 | Mem:0.59M, Peak:0.59M | Scene, ViewLayer | Updating Images | Loading environment_v2_normal.png
Fra:1 Mem:21.27M (Peak 21.27M) | Time:00:00.00 | Mem:0.59M, Peak:0.59M | Scene, ViewLayer | Updating Images | Loading environment_v2_albedo.png
Fra:1 Mem:25.28M (Peak 25.28M) | Time:00:00.04 | Mem:4.59M, Peak:4.59M | Scene, ViewLayer | Updating Images | Loading environment_v2_orm.png
Fra:1 Mem:29.28M (Peak 29.28M) | Time:00:00.06 | Mem:12.59M, Peak:12.59M | Scene, ViewLayer | Updating Camera Volume
Fra:1 Mem:29.28M (Peak 29.28M) | Time:00:00.06 | Mem:12.59M, Peak:12.59M | Scene, ViewLayer | Updating Lookup Tables
Fra:1 Mem:29.28M (Peak 29.28M) | Time:00:00.06 | Mem:12.67M, Peak:12.67M | Scene, ViewLayer | Updating Lights
Fra:1 Mem:29.28M (Peak 29.28M) | Time:00:00.06 | Mem:12.67M, Peak:12.67M | Scene, ViewLayer | Updating Lights | Computing tree
Fra:1 Mem:29.31M (Peak 29.31M) | Time:00:00.06 | Mem:12.70M, Peak:12.70M | Scene, ViewLayer | Updating Integrator
Fra:1 Mem:29.31M (Peak 29.31M) | Time:00:00.06 | Mem:12.70M, Peak:12.70M | Scene, ViewLayer | Updating Film
Fra:1 Mem:29.32M (Peak 29.32M) | Time:00:00.06 | Mem:12.62M, Peak:12.70M | Scene, ViewLayer | Updating Lookup Tables
Fra:1 Mem:29.32M (Peak 29.32M) | Time:00:00.06 | Mem:12.70M, Peak:12.70M | Scene, ViewLayer | Updating Baking
Fra:1 Mem:29.32M (Peak 29.32M) | Time:00:00.06 | Mem:12.70M, Peak:12.70M | Scene, ViewLayer | Updating Device | Writing constant memory
Fra:1 Mem:29.32M (Peak 29.32M) | Time:00:00.06 | Mem:12.70M, Peak:12.70M | Scene, ViewLayer | Sample 0/24
Fra:1 Mem:34.95M (Peak 34.95M) | Time:00:00.10 | Remaining:00:00.91 | Mem:18.34M, Peak:18.34M | Scene, ViewLayer | Sample 1/24
Fra:1 Mem:37.45M (Peak 42.45M) | Time:00:00.65 | Mem:18.34M, Peak:18.34M | Scene, ViewLayer | Sample 24/24
Fra:1 Mem:37.45M (Peak 42.45M) | Time:00:00.65 | Mem:18.34M, Peak:18.34M | Scene, ViewLayer | Finished
Saved: '/tmp/environment-v2-blender/env_signal_mast_shaded_0.png'
Time: 00:00.67 (Saving: 00:00.01)

Fra:1 Mem:16.51M (Peak 16.51M) | Time:00:00.00 | Mem:0.00M, Peak:0.00M | Scene, ViewLayer | Synchronizing object | env_signal_mast__shell_mesh
Fra:1 Mem:17.00M (Peak 17.00M) | Time:00:00.00 | Mem:0.00M, Peak:0.00M | Scene, ViewLayer | Initializing
Fra:1 Mem:16.71M (Peak 17.00M) | Time:00:00.00 | Mem:0.00M, Peak:0.00M | Scene, ViewLayer | Waiting for render to start
Fra:1 Mem:16.71M (Peak 17.00M) | Time:00:00.00 | Mem:0.00M, Peak:0.00M | Scene, ViewLayer | Loading render kernels (may take a few minutes the first time)
Fra:1 Mem:16.71M (Peak 17.00M) | Time:00:00.00 | Mem:0.00M, Peak:0.00M | Scene, ViewLayer | Updating Scene
Fra:1 Mem:16.71M (Peak 17.00M) | Time:00:00.00 | Mem:0.00M, Peak:0.00M | Scene, ViewLayer | Updating Shaders
Fra:1 Mem:16.79M (Peak 17.00M) | Time:00:00.00 | Mem:0.00M, Peak:0.00M | Scene, ViewLayer | Updating Procedurals
Fra:1 Mem:16.79M (Peak 17.00M) | Time:00:00.00 | Mem:0.00M, Peak:0.00M | Scene, ViewLayer | Updating Background
Fra:1 Mem:16.79M (Peak 17.00M) | Time:00:00.00 | Mem:0.00M, Peak:0.00M | Scene, ViewLayer | Updating Camera
Fra:1 Mem:16.79M (Peak 17.00M) | Time:00:00.00 | Mem:0.00M, Peak:0.00M | Scene, ViewLayer | Updating Meshes Flags
Fra:1 Mem:16.79M (Peak 17.00M) | Time:00:00.00 | Mem:0.00M, Peak:0.00M | Scene, ViewLayer | Updating Objects
Fra:1 Mem:16.79M (Peak 17.00M) | Time:00:00.00 | Mem:0.00M, Peak:0.00M | Scene, ViewLayer | Updating Objects | Copying Transformations to device
Fra:1 Mem:16.79M (Peak 17.00M) | Time:00:00.00 | Mem:0.00M, Peak:0.00M | Scene, ViewLayer | Updating Objects | Applying Static Transformations
Fra:1 Mem:16.79M (Peak 17.00M) | Time:00:00.00 | Mem:0.00M, Peak:0.00M | Scene, ViewLayer | Updating Particle Systems
Fra:1 Mem:16.79M (Peak 17.00M) | Time:00:00.00 | Mem:0.00M, Peak:0.00M | Scene, ViewLayer | Updating Particle Systems | Copying Particles to device
Fra:1 Mem:16.79M (Peak 17.00M) | Time:00:00.00 | Mem:0.00M, Peak:0.00M | Scene, ViewLayer | Updating Meshes
Fra:1 Mem:16.82M (Peak 17.00M) | Time:00:00.00 | Mem:0.00M, Peak:0.00M | Scene, ViewLayer | Updating Mesh | Computing attributes
Fra:1 Mem:17.04M (Peak 17.04M) | Time:00:00.00 | Mem:0.00M, Peak:0.00M | Scene, ViewLayer | Updating Mesh | Copying Attributes to device
Fra:1 Mem:17.04M (Peak 17.04M) | Time:00:00.00 | Mem:0.22M, Peak:0.22M | Scene, ViewLayer | Updating Scene BVH | Building
Fra:1 Mem:17.04M (Peak 17.04M) | Time:00:00.00 | Mem:0.22M, Peak:0.22M | Scene, ViewLayer | Updating Scene BVH | Building BVH
Fra:1 Mem:17.04M (Peak 17.04M) | Time:00:00.00 | Mem:0.28M, Peak:0.28M | Scene, ViewLayer | Updating Scene BVH | Building BVH 0%
Fra:1 Mem:17.04M (Peak 17.04M) | Time:00:00.00 | Mem:0.35M, Peak:0.42M | Scene, ViewLayer | Updating Scene BVH | Copying BVH to device
Fra:1 Mem:17.04M (Peak 17.04M) | Time:00:00.00 | Mem:0.35M, Peak:0.42M | Scene, ViewLayer | Updating Mesh | Computing normals
Fra:1 Mem:17.27M (Peak 17.27M) | Time:00:00.00 | Mem:0.35M, Peak:0.42M | Scene, ViewLayer | Updating Mesh | Copying Mesh to device
Fra:1 Mem:17.27M (Peak 17.27M) | Time:00:00.00 | Mem:0.59M, Peak:0.59M | Scene, ViewLayer | Updating Objects Flags
Fra:1 Mem:17.27M (Peak 17.27M) | Time:00:00.00 | Mem:0.59M, Peak:0.59M | Scene, ViewLayer | Updating Primitive Offsets
Fra:1 Mem:17.27M (Peak 17.27M) | Time:00:00.00 | Mem:0.59M, Peak:0.59M | Scene, ViewLayer | Updating Images
Fra:1 Mem:17.27M (Peak 17.27M) | Time:00:00.00 | Mem:0.59M, Peak:0.59M | Scene, ViewLayer | Updating Images | Loading environment_v2_normal.png
Fra:1 Mem:21.27M (Peak 21.27M) | Time:00:00.00 | Mem:0.59M, Peak:0.59M | Scene, ViewLayer | Updating Images | Loading environment_v2_albedo.png
Fra:1 Mem:25.28M (Peak 25.28M) | Time:00:00.03 | Mem:4.59M, Peak:4.59M | Scene, ViewLayer | Updating Images | Loading environment_v2_orm.png
Fra:1 Mem:29.28M (Peak 29.28M) | Time:00:00.06 | Mem:12.59M, Peak:12.59M | Scene, ViewLayer | Updating Camera Volume
Fra:1 Mem:29.28M (Peak 29.28M) | Time:00:00.06 | Mem:12.59M, Peak:12.59M | Scene, ViewLayer | Updating Lookup Tables
Fra:1 Mem:29.28M (Peak 29.28M) | Time:00:00.06 | Mem:12.67M, Peak:12.67M | Scene, ViewLayer | Updating Lights
Fra:1 Mem:29.28M (Peak 29.28M) | Time:00:00.06 | Mem:12.67M, Peak:12.67M | Scene, ViewLayer | Updating Lights | Computing tree
Fra:1 Mem:29.31M (Peak 29.31M) | Time:00:00.06 | Mem:12.70M, Peak:12.70M | Scene, ViewLayer | Updating Integrator
Fra:1 Mem:29.31M (Peak 29.31M) | Time:00:00.06 | Mem:12.70M, Peak:12.70M | Scene, ViewLayer | Updating Film
Fra:1 Mem:29.32M (Peak 29.32M) | Time:00:00.06 | Mem:12.62M, Peak:12.70M | Scene, ViewLayer | Updating Lookup Tables
Fra:1 Mem:29.32M (Peak 29.32M) | Time:00:00.06 | Mem:12.70M, Peak:12.70M | Scene, ViewLayer | Updating Baking
Fra:1 Mem:29.32M (Peak 29.32M) | Time:00:00.06 | Mem:12.70M, Peak:12.70M | Scene, ViewLayer | Updating Device | Writing constant memory
Fra:1 Mem:29.32M (Peak 29.32M) | Time:00:00.06 | Mem:12.70M, Peak:12.70M | Scene, ViewLayer | Sample 0/24
Fra:1 Mem:34.95M (Peak 34.95M) | Time:00:00.08 | Remaining:00:00.48 | Mem:18.34M, Peak:18.34M | Scene, ViewLayer | Sample 1/24
Fra:1 Mem:37.45M (Peak 42.45M) | Time:00:00.58 | Mem:18.34M, Peak:18.34M | Scene, ViewLayer | Sample 24/24
Fra:1 Mem:37.45M (Peak 42.45M) | Time:00:00.58 | Mem:18.34M, Peak:18.34M | Scene, ViewLayer | Finished
Saved: '/tmp/environment-v2-blender/env_signal_mast_shaded_90.png'
Time: 00:00.60 (Saving: 00:00.01)

Fra:1 Mem:16.51M (Peak 16.51M) | Time:00:00.00 | Mem:0.00M, Peak:0.00M | Scene, ViewLayer | Synchronizing object | env_signal_mast__shell_mesh
Fra:1 Mem:17.00M (Peak 17.00M) | Time:00:00.00 | Mem:0.00M, Peak:0.00M | Scene, ViewLayer | Initializing
Fra:1 Mem:16.71M (Peak 17.00M) | Time:00:00.00 | Mem:0.00M, Peak:0.00M | Scene, ViewLayer | Waiting for render to start
Fra:1 Mem:16.71M (Peak 17.00M) | Time:00:00.00 | Mem:0.00M, Peak:0.00M | Scene, ViewLayer | Loading render kernels (may take a few minutes the first time)
Fra:1 Mem:16.71M (Peak 17.00M) | Time:00:00.00 | Mem:0.00M, Peak:0.00M | Scene, ViewLayer | Updating Scene
Fra:1 Mem:16.71M (Peak 17.00M) | Time:00:00.00 | Mem:0.00M, Peak:0.00M | Scene, ViewLayer | Updating Shaders
Fra:1 Mem:16.79M (Peak 17.00M) | Time:00:00.00 | Mem:0.00M, Peak:0.00M | Scene, ViewLayer | Updating Procedurals
Fra:1 Mem:16.79M (Peak 17.00M) | Time:00:00.00 | Mem:0.00M, Peak:0.00M | Scene, ViewLayer | Updating Background
Fra:1 Mem:16.79M (Peak 17.00M) | Time:00:00.00 | Mem:0.00M, Peak:0.00M | Scene, ViewLayer | Updating Camera
Fra:1 Mem:16.79M (Peak 17.00M) | Time:00:00.00 | Mem:0.00M, Peak:0.00M | Scene, ViewLayer | Updating Meshes Flags
Fra:1 Mem:16.79M (Peak 17.00M) | Time:00:00.00 | Mem:0.00M, Peak:0.00M | Scene, ViewLayer | Updating Objects
Fra:1 Mem:16.79M (Peak 17.00M) | Time:00:00.00 | Mem:0.00M, Peak:0.00M | Scene, ViewLayer | Updating Objects | Copying Transformations to device
Fra:1 Mem:16.79M (Peak 17.00M) | Time:00:00.00 | Mem:0.00M, Peak:0.00M | Scene, ViewLayer | Updating Objects | Applying Static Transformations
Fra:1 Mem:16.79M (Peak 17.00M) | Time:00:00.00 | Mem:0.00M, Peak:0.00M | Scene, ViewLayer | Updating Particle Systems
Fra:1 Mem:16.79M (Peak 17.00M) | Time:00:00.00 | Mem:0.00M, Peak:0.00M | Scene, ViewLayer | Updating Particle Systems | Copying Particles to device
Fra:1 Mem:16.79M (Peak 17.00M) | Time:00:00.00 | Mem:0.00M, Peak:0.00M | Scene, ViewLayer | Updating Meshes
Fra:1 Mem:16.82M (Peak 17.00M) | Time:00:00.00 | Mem:0.00M, Peak:0.00M | Scene, ViewLayer | Updating Mesh | Computing attributes
Fra:1 Mem:17.04M (Peak 17.04M) | Time:00:00.00 | Mem:0.00M, Peak:0.00M | Scene, ViewLayer | Updating Mesh | Copying Attributes to device
Fra:1 Mem:17.04M (Peak 17.04M) | Time:00:00.00 | Mem:0.22M, Peak:0.22M | Scene, ViewLayer | Updating Scene BVH | Building
Fra:1 Mem:17.04M (Peak 17.04M) | Time:00:00.00 | Mem:0.22M, Peak:0.22M | Scene, ViewLayer | Updating Scene BVH | Building BVH
Fra:1 Mem:17.04M (Peak 17.04M) | Time:00:00.00 | Mem:0.28M, Peak:0.28M | Scene, ViewLayer | Updating Scene BVH | Building BVH 0%
Fra:1 Mem:17.04M (Peak 17.04M) | Time:00:00.00 | Mem:0.35M, Peak:0.42M | Scene, ViewLayer | Updating Scene BVH | Copying BVH to device
Fra:1 Mem:17.04M (Peak 17.04M) | Time:00:00.00 | Mem:0.35M, Peak:0.42M | Scene, ViewLayer | Updating Mesh | Computing normals
Fra:1 Mem:17.27M (Peak 17.27M) | Time:00:00.00 | Mem:0.35M, Peak:0.42M | Scene, ViewLayer | Updating Mesh | Copying Mesh to device
Fra:1 Mem:17.27M (Peak 17.27M) | Time:00:00.00 | Mem:0.59M, Peak:0.59M | Scene, ViewLayer | Updating Objects Flags
Fra:1 Mem:17.27M (Peak 17.27M) | Time:00:00.00 | Mem:0.59M, Peak:0.59M | Scene, ViewLayer | Updating Primitive Offsets
Fra:1 Mem:17.27M (Peak 17.27M) | Time:00:00.00 | Mem:0.59M, Peak:0.59M | Scene, ViewLayer | Updating Images
Fra:1 Mem:17.27M (Peak 17.27M) | Time:00:00.00 | Mem:0.59M, Peak:0.59M | Scene, ViewLayer | Updating Images | Loading environment_v2_normal.png
Fra:1 Mem:21.27M (Peak 21.27M) | Time:00:00.00 | Mem:0.59M, Peak:0.59M | Scene, ViewLayer | Updating Images | Loading environment_v2_albedo.png
Fra:1 Mem:25.28M (Peak 25.28M) | Time:00:00.04 | Mem:4.59M, Peak:4.59M | Scene, ViewLayer | Updating Images | Loading environment_v2_orm.png
Fra:1 Mem:29.28M (Peak 29.28M) | Time:00:00.06 | Mem:12.59M, Peak:12.59M | Scene, ViewLayer | Updating Camera Volume
Fra:1 Mem:29.28M (Peak 29.28M) | Time:00:00.06 | Mem:12.59M, Peak:12.59M | Scene, ViewLayer | Updating Lookup Tables
Fra:1 Mem:29.28M (Peak 29.28M) | Time:00:00.06 | Mem:12.67M, Peak:12.67M | Scene, ViewLayer | Updating Lights
Fra:1 Mem:29.28M (Peak 29.28M) | Time:00:00.06 | Mem:12.67M, Peak:12.67M | Scene, ViewLayer | Updating Lights | Computing tree
Fra:1 Mem:29.31M (Peak 29.31M) | Time:00:00.06 | Mem:12.70M, Peak:12.70M | Scene, ViewLayer | Updating Integrator
Fra:1 Mem:29.31M (Peak 29.31M) | Time:00:00.06 | Mem:12.70M, Peak:12.70M | Scene, ViewLayer | Updating Film
Fra:1 Mem:29.32M (Peak 29.32M) | Time:00:00.06 | Mem:12.62M, Peak:12.70M | Scene, ViewLayer | Updating Lookup Tables
Fra:1 Mem:29.32M (Peak 29.32M) | Time:00:00.06 | Mem:12.70M, Peak:12.70M | Scene, ViewLayer | Updating Baking
Fra:1 Mem:29.32M (Peak 29.32M) | Time:00:00.06 | Mem:12.70M, Peak:12.70M | Scene, ViewLayer | Updating Device | Writing constant memory
Fra:1 Mem:29.32M (Peak 29.32M) | Time:00:00.06 | Mem:12.70M, Peak:12.70M | Scene, ViewLayer | Sample 0/24
Fra:1 Mem:34.95M (Peak 34.95M) | Time:00:00.10 | Remaining:00:00.84 | Mem:18.34M, Peak:18.34M | Scene, ViewLayer | Sample 1/24
Fra:1 Mem:37.45M (Peak 42.45M) | Time:00:00.88 | Mem:18.34M, Peak:18.34M | Scene, ViewLayer | Sample 24/24
Fra:1 Mem:37.45M (Peak 42.45M) | Time:00:00.88 | Mem:18.34M, Peak:18.34M | Scene, ViewLayer | Finished
Saved: '/tmp/environment-v2-blender/env_signal_mast_shaded_180.png'
Time: 00:00.91 (Saving: 00:00.02)

Fra:1 Mem:16.37M (Peak 16.37M) | Time:00:00.00 | Mem:0.00M, Peak:0.00M | Scene, ViewLayer | Synchronizing object | env_signal_mast__shell_mesh
Fra:1 Mem:16.69M (Peak 16.69M) | Time:00:00.00 | Mem:0.00M, Peak:0.00M | Scene, ViewLayer | Initializing
Fra:1 Mem:16.47M (Peak 16.69M) | Time:00:00.00 | Mem:0.00M, Peak:0.00M | Scene, ViewLayer | Waiting for render to start
Fra:1 Mem:16.47M (Peak 16.69M) | Time:00:00.00 | Mem:0.00M, Peak:0.00M | Scene, ViewLayer | Loading render kernels (may take a few minutes the first time)
Fra:1 Mem:16.47M (Peak 16.69M) | Time:00:00.00 | Mem:0.00M, Peak:0.00M | Scene, ViewLayer | Updating Scene
Fra:1 Mem:16.47M (Peak 16.69M) | Time:00:00.00 | Mem:0.00M, Peak:0.00M | Scene, ViewLayer | Updating Shaders
Fra:1 Mem:16.55M (Peak 16.69M) | Time:00:00.00 | Mem:0.00M, Peak:0.00M | Scene, ViewLayer | Updating Procedurals
Fra:1 Mem:16.55M (Peak 16.69M) | Time:00:00.00 | Mem:0.00M, Peak:0.00M | Scene, ViewLayer | Updating Background
Fra:1 Mem:16.55M (Peak 16.69M) | Time:00:00.00 | Mem:0.00M, Peak:0.00M | Scene, ViewLayer | Updating Camera
Fra:1 Mem:16.55M (Peak 16.69M) | Time:00:00.00 | Mem:0.00M, Peak:0.00M | Scene, ViewLayer | Updating Meshes Flags
Fra:1 Mem:16.55M (Peak 16.69M) | Time:00:00.00 | Mem:0.00M, Peak:0.00M | Scene, ViewLayer | Updating Objects
Fra:1 Mem:16.55M (Peak 16.69M) | Time:00:00.00 | Mem:0.00M, Peak:0.00M | Scene, ViewLayer | Updating Objects | Copying Transformations to device
Fra:1 Mem:16.55M (Peak 16.69M) | Time:00:00.00 | Mem:0.00M, Peak:0.00M | Scene, ViewLayer | Updating Objects | Applying Static Transformations
Fra:1 Mem:16.55M (Peak 16.69M) | Time:00:00.00 | Mem:0.00M, Peak:0.00M | Scene, ViewLayer | Updating Particle Systems
Fra:1 Mem:16.55M (Peak 16.69M) | Time:00:00.00 | Mem:0.00M, Peak:0.00M | Scene, ViewLayer | Updating Particle Systems | Copying Particles to device
Fra:1 Mem:16.55M (Peak 16.69M) | Time:00:00.00 | Mem:0.00M, Peak:0.00M | Scene, ViewLayer | Updating Meshes
Fra:1 Mem:16.58M (Peak 16.69M) | Time:00:00.00 | Mem:0.00M, Peak:0.00M | Scene, ViewLayer | Updating Mesh | Computing attributes
Fra:1 Mem:16.65M (Peak 16.69M) | Time:00:00.00 | Mem:0.00M, Peak:0.00M | Scene, ViewLayer | Updating Mesh | Copying Attributes to device
Fra:1 Mem:16.65M (Peak 16.69M) | Time:00:00.00 | Mem:0.07M, Peak:0.07M | Scene, ViewLayer | Updating Scene BVH | Building
Fra:1 Mem:16.65M (Peak 16.69M) | Time:00:00.00 | Mem:0.07M, Peak:0.07M | Scene, ViewLayer | Updating Scene BVH | Building BVH
Fra:1 Mem:16.65M (Peak 16.69M) | Time:00:00.00 | Mem:0.14M, Peak:0.14M | Scene, ViewLayer | Updating Scene BVH | Building BVH 0%
Fra:1 Mem:16.65M (Peak 16.69M) | Time:00:00.00 | Mem:0.21M, Peak:0.27M | Scene, ViewLayer | Updating Scene BVH | Copying BVH to device
Fra:1 Mem:16.65M (Peak 16.69M) | Time:00:00.00 | Mem:0.21M, Peak:0.27M | Scene, ViewLayer | Updating Mesh | Computing normals
Fra:1 Mem:16.89M (Peak 16.89M) | Time:00:00.00 | Mem:0.21M, Peak:0.27M | Scene, ViewLayer | Updating Mesh | Copying Mesh to device
Fra:1 Mem:16.89M (Peak 16.89M) | Time:00:00.00 | Mem:0.44M, Peak:0.44M | Scene, ViewLayer | Updating Objects Flags
Fra:1 Mem:16.89M (Peak 16.89M) | Time:00:00.00 | Mem:0.44M, Peak:0.44M | Scene, ViewLayer | Updating Primitive Offsets
Fra:1 Mem:16.89M (Peak 16.89M) | Time:00:00.00 | Mem:0.44M, Peak:0.44M | Scene, ViewLayer | Updating Images
Fra:1 Mem:16.89M (Peak 16.89M) | Time:00:00.00 | Mem:0.44M, Peak:0.44M | Scene, ViewLayer | Updating Camera Volume
Fra:1 Mem:16.89M (Peak 16.89M) | Time:00:00.00 | Mem:0.44M, Peak:0.44M | Scene, ViewLayer | Updating Lookup Tables
Fra:1 Mem:16.89M (Peak 16.89M) | Time:00:00.00 | Mem:0.52M, Peak:0.52M | Scene, ViewLayer | Updating Lights
Fra:1 Mem:16.89M (Peak 16.89M) | Time:00:00.00 | Mem:0.52M, Peak:0.52M | Scene, ViewLayer | Updating Lights | Computing tree
Fra:1 Mem:16.89M (Peak 16.89M) | Time:00:00.00 | Mem:0.52M, Peak:0.52M | Scene, ViewLayer | Updating Integrator
Fra:1 Mem:16.89M (Peak 16.89M) | Time:00:00.00 | Mem:0.52M, Peak:0.52M | Scene, ViewLayer | Updating Film
Fra:1 Mem:16.89M (Peak 16.89M) | Time:00:00.00 | Mem:0.44M, Peak:0.52M | Scene, ViewLayer | Updating Lookup Tables
Fra:1 Mem:16.89M (Peak 16.89M) | Time:00:00.00 | Mem:0.53M, Peak:0.53M | Scene, ViewLayer | Updating Baking
Fra:1 Mem:16.89M (Peak 16.89M) | Time:00:00.00 | Mem:0.53M, Peak:0.53M | Scene, ViewLayer | Updating Device | Writing constant memory
Fra:1 Mem:16.89M (Peak 16.89M) | Time:00:00.00 | Mem:0.53M, Peak:0.53M | Scene, ViewLayer | Sample 0/24
Fra:1 Mem:22.52M (Peak 22.52M) | Time:00:00.04 | Remaining:00:00.77 | Mem:6.15M, Peak:6.15M | Scene, ViewLayer | Sample 1/24
Fra:1 Mem:25.02M (Peak 30.03M) | Time:00:00.52 | Mem:6.15M, Peak:6.15M | Scene, ViewLayer | Sample 24/24
Fra:1 Mem:25.02M (Peak 30.03M) | Time:00:00.52 | Mem:6.15M, Peak:6.15M | Scene, ViewLayer | Finished
Saved: '/tmp/environment-v2-blender/env_signal_mast_clay_0.png'
Time: 00:00.55 (Saving: 00:00.02)

Fra:1 Mem:16.37M (Peak 16.37M) | Time:00:00.00 | Mem:0.00M, Peak:0.00M | Scene, ViewLayer | Synchronizing object | env_signal_mast__shell_mesh
Fra:1 Mem:16.69M (Peak 16.69M) | Time:00:00.00 | Mem:0.00M, Peak:0.00M | Scene, ViewLayer | Initializing
Fra:1 Mem:16.47M (Peak 16.69M) | Time:00:00.00 | Mem:0.00M, Peak:0.00M | Scene, ViewLayer | Waiting for render to start
Fra:1 Mem:16.47M (Peak 16.69M) | Time:00:00.00 | Mem:0.00M, Peak:0.00M | Scene, ViewLayer | Loading render kernels (may take a few minutes the first time)
Fra:1 Mem:16.47M (Peak 16.69M) | Time:00:00.00 | Mem:0.00M, Peak:0.00M | Scene, ViewLayer | Updating Scene
Fra:1 Mem:16.47M (Peak 16.69M) | Time:00:00.00 | Mem:0.00M, Peak:0.00M | Scene, ViewLayer | Updating Shaders
Fra:1 Mem:16.55M (Peak 16.69M) | Time:00:00.00 | Mem:0.00M, Peak:0.00M | Scene, ViewLayer | Updating Procedurals
Fra:1 Mem:16.55M (Peak 16.69M) | Time:00:00.00 | Mem:0.00M, Peak:0.00M | Scene, ViewLayer | Updating Background
Fra:1 Mem:16.55M (Peak 16.69M) | Time:00:00.00 | Mem:0.00M, Peak:0.00M | Scene, ViewLayer | Updating Camera
Fra:1 Mem:16.55M (Peak 16.69M) | Time:00:00.00 | Mem:0.00M, Peak:0.00M | Scene, ViewLayer | Updating Meshes Flags
Fra:1 Mem:16.55M (Peak 16.69M) | Time:00:00.00 | Mem:0.00M, Peak:0.00M | Scene, ViewLayer | Updating Objects
Fra:1 Mem:16.55M (Peak 16.69M) | Time:00:00.00 | Mem:0.00M, Peak:0.00M | Scene, ViewLayer | Updating Objects | Copying Transformations to device
Fra:1 Mem:16.55M (Peak 16.69M) | Time:00:00.00 | Mem:0.00M, Peak:0.00M | Scene, ViewLayer | Updating Objects | Applying Static Transformations
Fra:1 Mem:16.55M (Peak 16.69M) | Time:00:00.00 | Mem:0.00M, Peak:0.00M | Scene, ViewLayer | Updating Particle Systems
Fra:1 Mem:16.55M (Peak 16.69M) | Time:00:00.00 | Mem:0.00M, Peak:0.00M | Scene, ViewLayer | Updating Particle Systems | Copying Particles to device
Fra:1 Mem:16.55M (Peak 16.69M) | Time:00:00.00 | Mem:0.00M, Peak:0.00M | Scene, ViewLayer | Updating Meshes
Fra:1 Mem:16.58M (Peak 16.69M) | Time:00:00.00 | Mem:0.00M, Peak:0.00M | Scene, ViewLayer | Updating Mesh | Computing attributes
Fra:1 Mem:16.65M (Peak 16.69M) | Time:00:00.00 | Mem:0.00M, Peak:0.00M | Scene, ViewLayer | Updating Mesh | Copying Attributes to device
Fra:1 Mem:16.65M (Peak 16.69M) | Time:00:00.00 | Mem:0.07M, Peak:0.07M | Scene, ViewLayer | Updating Scene BVH | Building
Fra:1 Mem:16.65M (Peak 16.69M) | Time:00:00.00 | Mem:0.07M, Peak:0.07M | Scene, ViewLayer | Updating Scene BVH | Building BVH
Fra:1 Mem:16.65M (Peak 16.69M) | Time:00:00.00 | Mem:0.14M, Peak:0.14M | Scene, ViewLayer | Updating Scene BVH | Building BVH 0%
Fra:1 Mem:16.65M (Peak 16.69M) | Time:00:00.00 | Mem:0.21M, Peak:0.27M | Scene, ViewLayer | Updating Scene BVH | Copying BVH to device
Fra:1 Mem:16.65M (Peak 16.69M) | Time:00:00.00 | Mem:0.21M, Peak:0.27M | Scene, ViewLayer | Updating Mesh | Computing normals
Fra:1 Mem:16.89M (Peak 16.89M) | Time:00:00.00 | Mem:0.21M, Peak:0.27M | Scene, ViewLayer | Updating Mesh | Copying Mesh to device
Fra:1 Mem:16.89M (Peak 16.89M) | Time:00:00.00 | Mem:0.44M, Peak:0.44M | Scene, ViewLayer | Updating Objects Flags
Fra:1 Mem:16.89M (Peak 16.89M) | Time:00:00.00 | Mem:0.44M, Peak:0.44M | Scene, ViewLayer | Updating Primitive Offsets
Fra:1 Mem:16.89M (Peak 16.89M) | Time:00:00.00 | Mem:0.44M, Peak:0.44M | Scene, ViewLayer | Updating Images
Fra:1 Mem:16.89M (Peak 16.89M) | Time:00:00.00 | Mem:0.44M, Peak:0.44M | Scene, ViewLayer | Updating Camera Volume
Fra:1 Mem:16.89M (Peak 16.89M) | Time:00:00.00 | Mem:0.44M, Peak:0.44M | Scene, ViewLayer | Updating Lookup Tables
Fra:1 Mem:16.89M (Peak 16.89M) | Time:00:00.00 | Mem:0.52M, Peak:0.52M | Scene, ViewLayer | Updating Lights
Fra:1 Mem:16.89M (Peak 16.89M) | Time:00:00.00 | Mem:0.52M, Peak:0.52M | Scene, ViewLayer | Updating Lights | Computing tree
Fra:1 Mem:16.89M (Peak 16.89M) | Time:00:00.00 | Mem:0.52M, Peak:0.52M | Scene, ViewLayer | Updating Integrator
Fra:1 Mem:16.89M (Peak 16.89M) | Time:00:00.00 | Mem:0.52M, Peak:0.52M | Scene, ViewLayer | Updating Film
Fra:1 Mem:16.89M (Peak 16.89M) | Time:00:00.00 | Mem:0.44M, Peak:0.52M | Scene, ViewLayer | Updating Lookup Tables
Fra:1 Mem:16.89M (Peak 16.89M) | Time:00:00.00 | Mem:0.53M, Peak:0.53M | Scene, ViewLayer | Updating Baking
Fra:1 Mem:16.89M (Peak 16.89M) | Time:00:00.00 | Mem:0.53M, Peak:0.53M | Scene, ViewLayer | Updating Device | Writing constant memory
Fra:1 Mem:16.89M (Peak 16.89M) | Time:00:00.00 | Mem:0.53M, Peak:0.53M | Scene, ViewLayer | Sample 0/24
Fra:1 Mem:22.52M (Peak 22.52M) | Time:00:00.02 | Remaining:00:00.41 | Mem:6.15M, Peak:6.15M | Scene, ViewLayer | Sample 1/24
Fra:1 Mem:25.02M (Peak 30.03M) | Time:00:00.52 | Mem:6.15M, Peak:6.15M | Scene, ViewLayer | Sample 24/24
Fra:1 Mem:25.02M (Peak 30.03M) | Time:00:00.52 | Mem:6.15M, Peak:6.15M | Scene, ViewLayer | Finished
Saved: '/tmp/environment-v2-blender/env_signal_mast_clay_90.png'
Time: 00:00.53 (Saving: 00:00.01)

Fra:1 Mem:16.37M (Peak 16.37M) | Time:00:00.00 | Mem:0.00M, Peak:0.00M | Scene, ViewLayer | Synchronizing object | env_signal_mast__shell_mesh
Fra:1 Mem:16.69M (Peak 16.69M) | Time:00:00.00 | Mem:0.00M, Peak:0.00M | Scene, ViewLayer | Initializing
Fra:1 Mem:16.47M (Peak 16.69M) | Time:00:00.00 | Mem:0.00M, Peak:0.00M | Scene, ViewLayer | Waiting for render to start
Fra:1 Mem:16.47M (Peak 16.69M) | Time:00:00.00 | Mem:0.00M, Peak:0.00M | Scene, ViewLayer | Loading render kernels (may take a few minutes the first time)
Fra:1 Mem:16.47M (Peak 16.69M) | Time:00:00.00 | Mem:0.00M, Peak:0.00M | Scene, ViewLayer | Updating Scene
Fra:1 Mem:16.47M (Peak 16.69M) | Time:00:00.00 | Mem:0.00M, Peak:0.00M | Scene, ViewLayer | Updating Shaders
Fra:1 Mem:16.55M (Peak 16.69M) | Time:00:00.00 | Mem:0.00M, Peak:0.00M | Scene, ViewLayer | Updating Procedurals
Fra:1 Mem:16.55M (Peak 16.69M) | Time:00:00.00 | Mem:0.00M, Peak:0.00M | Scene, ViewLayer | Updating Background
Fra:1 Mem:16.55M (Peak 16.69M) | Time:00:00.00 | Mem:0.00M, Peak:0.00M | Scene, ViewLayer | Updating Camera
Fra:1 Mem:16.55M (Peak 16.69M) | Time:00:00.00 | Mem:0.00M, Peak:0.00M | Scene, ViewLayer | Updating Meshes Flags
Fra:1 Mem:16.55M (Peak 16.69M) | Time:00:00.00 | Mem:0.00M, Peak:0.00M | Scene, ViewLayer | Updating Objects
Fra:1 Mem:16.55M (Peak 16.69M) | Time:00:00.00 | Mem:0.00M, Peak:0.00M | Scene, ViewLayer | Updating Objects | Copying Transformations to device
Fra:1 Mem:16.55M (Peak 16.69M) | Time:00:00.00 | Mem:0.00M, Peak:0.00M | Scene, ViewLayer | Updating Objects | Applying Static Transformations
Fra:1 Mem:16.55M (Peak 16.69M) | Time:00:00.00 | Mem:0.00M, Peak:0.00M | Scene, ViewLayer | Updating Particle Systems
Fra:1 Mem:16.55M (Peak 16.69M) | Time:00:00.00 | Mem:0.00M, Peak:0.00M | Scene, ViewLayer | Updating Particle Systems | Copying Particles to device
Fra:1 Mem:16.55M (Peak 16.69M) | Time:00:00.00 | Mem:0.00M, Peak:0.00M | Scene, ViewLayer | Updating Meshes
Fra:1 Mem:16.58M (Peak 16.69M) | Time:00:00.00 | Mem:0.00M, Peak:0.00M | Scene, ViewLayer | Updating Mesh | Computing attributes
Fra:1 Mem:16.65M (Peak 16.69M) | Time:00:00.00 | Mem:0.00M, Peak:0.00M | Scene, ViewLayer | Updating Mesh | Copying Attributes to device
Fra:1 Mem:16.65M (Peak 16.69M) | Time:00:00.00 | Mem:0.07M, Peak:0.07M | Scene, ViewLayer | Updating Scene BVH | Building
Fra:1 Mem:16.65M (Peak 16.69M) | Time:00:00.00 | Mem:0.07M, Peak:0.07M | Scene, ViewLayer | Updating Scene BVH | Building BVH
Fra:1 Mem:16.65M (Peak 16.69M) | Time:00:00.00 | Mem:0.14M, Peak:0.14M | Scene, ViewLayer | Updating Scene BVH | Building BVH 0%
Fra:1 Mem:16.65M (Peak 16.69M) | Time:00:00.00 | Mem:0.21M, Peak:0.27M | Scene, ViewLayer | Updating Scene BVH | Copying BVH to device
Fra:1 Mem:16.65M (Peak 16.69M) | Time:00:00.00 | Mem:0.21M, Peak:0.27M | Scene, ViewLayer | Updating Mesh | Computing normals
Fra:1 Mem:16.89M (Peak 16.89M) | Time:00:00.00 | Mem:0.21M, Peak:0.27M | Scene, ViewLayer | Updating Mesh | Copying Mesh to device
Fra:1 Mem:16.89M (Peak 16.89M) | Time:00:00.00 | Mem:0.44M, Peak:0.44M | Scene, ViewLayer | Updating Objects Flags
Fra:1 Mem:16.89M (Peak 16.89M) | Time:00:00.00 | Mem:0.44M, Peak:0.44M | Scene, ViewLayer | Updating Primitive Offsets
Fra:1 Mem:16.89M (Peak 16.89M) | Time:00:00.00 | Mem:0.44M, Peak:0.44M | Scene, ViewLayer | Updating Images
Fra:1 Mem:16.89M (Peak 16.89M) | Time:00:00.00 | Mem:0.44M, Peak:0.44M | Scene, ViewLayer | Updating Camera Volume
Fra:1 Mem:16.89M (Peak 16.89M) | Time:00:00.00 | Mem:0.44M, Peak:0.44M | Scene, ViewLayer | Updating Lookup Tables
Fra:1 Mem:16.89M (Peak 16.89M) | Time:00:00.00 | Mem:0.52M, Peak:0.52M | Scene, ViewLayer | Updating Lights
Fra:1 Mem:16.89M (Peak 16.89M) | Time:00:00.00 | Mem:0.52M, Peak:0.52M | Scene, ViewLayer | Updating Lights | Computing tree
Fra:1 Mem:16.89M (Peak 16.89M) | Time:00:00.00 | Mem:0.52M, Peak:0.52M | Scene, ViewLayer | Updating Integrator
Fra:1 Mem:16.89M (Peak 16.89M) | Time:00:00.00 | Mem:0.52M, Peak:0.52M | Scene, ViewLayer | Updating Film
Fra:1 Mem:16.89M (Peak 16.89M) | Time:00:00.00 | Mem:0.44M, Peak:0.52M | Scene, ViewLayer | Updating Lookup Tables
Fra:1 Mem:16.89M (Peak 16.89M) | Time:00:00.00 | Mem:0.53M, Peak:0.53M | Scene, ViewLayer | Updating Baking
Fra:1 Mem:16.89M (Peak 16.89M) | Time:00:00.00 | Mem:0.53M, Peak:0.53M | Scene, ViewLayer | Updating Device | Writing constant memory
Fra:1 Mem:16.89M (Peak 16.89M) | Time:00:00.00 | Mem:0.53M, Peak:0.53M | Scene, ViewLayer | Sample 0/24
Fra:1 Mem:22.52M (Peak 22.52M) | Time:00:00.02 | Remaining:00:00.43 | Mem:6.15M, Peak:6.15M | Scene, ViewLayer | Sample 1/24
Fra:1 Mem:25.02M (Peak 30.03M) | Time:00:00.57 | Mem:6.15M, Peak:6.15M | Scene, ViewLayer | Sample 24/24
Fra:1 Mem:25.02M (Peak 30.03M) | Time:00:00.57 | Mem:6.15M, Peak:6.15M | Scene, ViewLayer | Finished
Saved: '/tmp/environment-v2-blender/env_signal_mast_clay_180.png'
Time: 00:00.59 (Saving: 00:00.01)

BLENDER_STUDY env_signal_mast
16:56:12 | INFO: Data are loaded, start creating Blender stuff
16:56:12 | INFO: Blender create Mesh node Cube.596
16:56:12 | INFO: glTF import finished in 0.01s
Fra:1 Mem:16.96M (Peak 16.96M) | Time:00:00.00 | Mem:0.00M, Peak:0.00M | Scene, ViewLayer | Synchronizing object | env_depot_tank_pair__shell_mesh
Fra:1 Mem:17.78M (Peak 18.06M) | Time:00:00.00 | Mem:0.00M, Peak:0.00M | Scene, ViewLayer | Initializing
Fra:1 Mem:17.53M (Peak 18.06M) | Time:00:00.00 | Mem:0.00M, Peak:0.00M | Scene, ViewLayer | Waiting for render to start
Fra:1 Mem:17.53M (Peak 18.06M) | Time:00:00.00 | Mem:0.00M, Peak:0.00M | Scene, ViewLayer | Loading render kernels (may take a few minutes the first time)
Fra:1 Mem:17.53M (Peak 18.06M) | Time:00:00.00 | Mem:0.00M, Peak:0.00M | Scene, ViewLayer | Updating Scene
Fra:1 Mem:17.53M (Peak 18.06M) | Time:00:00.00 | Mem:0.00M, Peak:0.00M | Scene, ViewLayer | Updating Shaders
Fra:1 Mem:17.62M (Peak 18.06M) | Time:00:00.00 | Mem:0.00M, Peak:0.00M | Scene, ViewLayer | Updating Procedurals
Fra:1 Mem:17.62M (Peak 18.06M) | Time:00:00.00 | Mem:0.00M, Peak:0.00M | Scene, ViewLayer | Updating Background
Fra:1 Mem:17.62M (Peak 18.06M) | Time:00:00.00 | Mem:0.00M, Peak:0.00M | Scene, ViewLayer | Updating Camera
Fra:1 Mem:17.62M (Peak 18.06M) | Time:00:00.00 | Mem:0.00M, Peak:0.00M | Scene, ViewLayer | Updating Meshes Flags
Fra:1 Mem:17.62M (Peak 18.06M) | Time:00:00.00 | Mem:0.00M, Peak:0.00M | Scene, ViewLayer | Updating Objects
Fra:1 Mem:17.62M (Peak 18.06M) | Time:00:00.00 | Mem:0.00M, Peak:0.00M | Scene, ViewLayer | Updating Objects | Copying Transformations to device
Fra:1 Mem:17.62M (Peak 18.06M) | Time:00:00.00 | Mem:0.00M, Peak:0.00M | Scene, ViewLayer | Updating Objects | Applying Static Transformations
Fra:1 Mem:17.62M (Peak 18.06M) | Time:00:00.00 | Mem:0.00M, Peak:0.00M | Scene, ViewLayer | Updating Particle Systems
Fra:1 Mem:17.62M (Peak 18.06M) | Time:00:00.00 | Mem:0.00M, Peak:0.00M | Scene, ViewLayer | Updating Particle Systems | Copying Particles to device
Fra:1 Mem:17.62M (Peak 18.06M) | Time:00:00.00 | Mem:0.00M, Peak:0.00M | Scene, ViewLayer | Updating Meshes
Fra:1 Mem:17.66M (Peak 18.06M) | Time:00:00.00 | Mem:0.00M, Peak:0.00M | Scene, ViewLayer | Updating Mesh | Computing attributes
Fra:1 Mem:17.99M (Peak 18.06M) | Time:00:00.00 | Mem:0.00M, Peak:0.00M | Scene, ViewLayer | Updating Mesh | Copying Attributes to device
Fra:1 Mem:17.99M (Peak 18.06M) | Time:00:00.00 | Mem:0.33M, Peak:0.33M | Scene, ViewLayer | Updating Scene BVH | Building
Fra:1 Mem:17.99M (Peak 18.06M) | Time:00:00.00 | Mem:0.33M, Peak:0.33M | Scene, ViewLayer | Updating Scene BVH | Building BVH
Fra:1 Mem:17.99M (Peak 18.06M) | Time:00:00.00 | Mem:0.42M, Peak:0.42M | Scene, ViewLayer | Updating Scene BVH | Building BVH 0%
Fra:1 Mem:17.99M (Peak 18.06M) | Time:00:00.00 | Mem:0.54M, Peak:0.64M | Scene, ViewLayer | Updating Scene BVH | Copying BVH to device
Fra:1 Mem:17.99M (Peak 18.06M) | Time:00:00.00 | Mem:0.54M, Peak:0.64M | Scene, ViewLayer | Updating Mesh | Computing normals
Fra:1 Mem:18.34M (Peak 18.34M) | Time:00:00.00 | Mem:0.54M, Peak:0.64M | Scene, ViewLayer | Updating Mesh | Copying Mesh to device
Fra:1 Mem:18.34M (Peak 18.34M) | Time:00:00.00 | Mem:0.89M, Peak:0.89M | Scene, ViewLayer | Updating Objects Flags
Fra:1 Mem:18.34M (Peak 18.34M) | Time:00:00.00 | Mem:0.89M, Peak:0.89M | Scene, ViewLayer | Updating Primitive Offsets
Fra:1 Mem:18.34M (Peak 18.34M) | Time:00:00.00 | Mem:0.89M, Peak:0.89M | Scene, ViewLayer | Updating Images
Fra:1 Mem:18.34M (Peak 18.34M) | Time:00:00.00 | Mem:0.89M, Peak:0.89M | Scene, ViewLayer | Updating Images | Loading environment_v2_normal.png
Fra:1 Mem:22.34M (Peak 22.34M) | Time:00:00.00 | Mem:0.89M, Peak:0.89M | Scene, ViewLayer | Updating Images | Loading environment_v2_albedo.png
Fra:1 Mem:26.35M (Peak 26.35M) | Time:00:00.02 | Mem:4.89M, Peak:4.89M | Scene, ViewLayer | Updating Images | Loading environment_v2_orm.png
Fra:1 Mem:30.35M (Peak 30.35M) | Time:00:00.04 | Mem:12.89M, Peak:12.89M | Scene, ViewLayer | Updating Camera Volume
Fra:1 Mem:30.35M (Peak 30.35M) | Time:00:00.04 | Mem:12.89M, Peak:12.89M | Scene, ViewLayer | Updating Lookup Tables
Fra:1 Mem:30.35M (Peak 30.35M) | Time:00:00.04 | Mem:12.97M, Peak:12.97M | Scene, ViewLayer | Updating Lights
Fra:1 Mem:30.35M (Peak 30.35M) | Time:00:00.04 | Mem:12.97M, Peak:12.97M | Scene, ViewLayer | Updating Lights | Computing tree
Fra:1 Mem:30.35M (Peak 30.35M) | Time:00:00.04 | Mem:12.97M, Peak:12.97M | Scene, ViewLayer | Updating Integrator
Fra:1 Mem:30.35M (Peak 30.35M) | Time:00:00.04 | Mem:12.97M, Peak:12.97M | Scene, ViewLayer | Updating Film
Fra:1 Mem:30.35M (Peak 30.35M) | Time:00:00.04 | Mem:12.89M, Peak:12.97M | Scene, ViewLayer | Updating Lookup Tables
Fra:1 Mem:30.35M (Peak 30.35M) | Time:00:00.04 | Mem:12.98M, Peak:12.98M | Scene, ViewLayer | Updating Baking
Fra:1 Mem:30.35M (Peak 30.35M) | Time:00:00.04 | Mem:12.98M, Peak:12.98M | Scene, ViewLayer | Updating Device | Writing constant memory
Fra:1 Mem:30.35M (Peak 30.35M) | Time:00:00.04 | Mem:12.98M, Peak:12.98M | Scene, ViewLayer | Sample 0/24
Fra:1 Mem:35.99M (Peak 35.99M) | Time:00:00.12 | Remaining:00:01.79 | Mem:18.61M, Peak:18.61M | Scene, ViewLayer | Sample 1/24
Fra:1 Mem:38.49M (Peak 43.49M) | Time:00:01.41 | Mem:18.61M, Peak:18.61M | Scene, ViewLayer | Sample 24/24
Fra:1 Mem:38.49M (Peak 43.49M) | Time:00:01.41 | Mem:18.61M, Peak:18.61M | Scene, ViewLayer | Finished
Saved: '/tmp/environment-v2-blender/env_depot_tank_pair_shaded_0.png'
Time: 00:01.43 (Saving: 00:00.01)

Fra:1 Mem:17.05M (Peak 17.05M) | Time:00:00.00 | Mem:0.00M, Peak:0.00M | Scene, ViewLayer | Synchronizing object | env_depot_tank_pair__shell_mesh
Fra:1 Mem:17.78M (Peak 18.07M) | Time:00:00.00 | Mem:0.00M, Peak:0.00M | Scene, ViewLayer | Initializing
Fra:1 Mem:17.53M (Peak 18.07M) | Time:00:00.00 | Mem:0.00M, Peak:0.00M | Scene, ViewLayer | Waiting for render to start
Fra:1 Mem:17.53M (Peak 18.07M) | Time:00:00.00 | Mem:0.00M, Peak:0.00M | Scene, ViewLayer | Loading render kernels (may take a few minutes the first time)
Fra:1 Mem:17.53M (Peak 18.07M) | Time:00:00.00 | Mem:0.00M, Peak:0.00M | Scene, ViewLayer | Updating Scene
Fra:1 Mem:17.53M (Peak 18.07M) | Time:00:00.00 | Mem:0.00M, Peak:0.00M | Scene, ViewLayer | Updating Shaders
Fra:1 Mem:17.62M (Peak 18.07M) | Time:00:00.00 | Mem:0.00M, Peak:0.00M | Scene, ViewLayer | Updating Procedurals
Fra:1 Mem:17.62M (Peak 18.07M) | Time:00:00.00 | Mem:0.00M, Peak:0.00M | Scene, ViewLayer | Updating Background
Fra:1 Mem:17.62M (Peak 18.07M) | Time:00:00.00 | Mem:0.00M, Peak:0.00M | Scene, ViewLayer | Updating Camera
Fra:1 Mem:17.62M (Peak 18.07M) | Time:00:00.00 | Mem:0.00M, Peak:0.00M | Scene, ViewLayer | Updating Meshes Flags
Fra:1 Mem:17.62M (Peak 18.07M) | Time:00:00.00 | Mem:0.00M, Peak:0.00M | Scene, ViewLayer | Updating Objects
Fra:1 Mem:17.62M (Peak 18.07M) | Time:00:00.00 | Mem:0.00M, Peak:0.00M | Scene, ViewLayer | Updating Objects | Copying Transformations to device
Fra:1 Mem:17.62M (Peak 18.07M) | Time:00:00.00 | Mem:0.00M, Peak:0.00M | Scene, ViewLayer | Updating Objects | Applying Static Transformations
Fra:1 Mem:17.62M (Peak 18.07M) | Time:00:00.00 | Mem:0.00M, Peak:0.00M | Scene, ViewLayer | Updating Particle Systems
Fra:1 Mem:17.62M (Peak 18.07M) | Time:00:00.00 | Mem:0.00M, Peak:0.00M | Scene, ViewLayer | Updating Particle Systems | Copying Particles to device
Fra:1 Mem:17.62M (Peak 18.07M) | Time:00:00.00 | Mem:0.00M, Peak:0.00M | Scene, ViewLayer | Updating Meshes
Fra:1 Mem:17.66M (Peak 18.07M) | Time:00:00.00 | Mem:0.00M, Peak:0.00M | Scene, ViewLayer | Updating Mesh | Computing attributes
Fra:1 Mem:17.99M (Peak 18.07M) | Time:00:00.00 | Mem:0.00M, Peak:0.00M | Scene, ViewLayer | Updating Mesh | Copying Attributes to device
Fra:1 Mem:17.99M (Peak 18.07M) | Time:00:00.00 | Mem:0.33M, Peak:0.33M | Scene, ViewLayer | Updating Scene BVH | Building
Fra:1 Mem:17.99M (Peak 18.07M) | Time:00:00.00 | Mem:0.33M, Peak:0.33M | Scene, ViewLayer | Updating Scene BVH | Building BVH
Fra:1 Mem:17.99M (Peak 18.07M) | Time:00:00.00 | Mem:0.42M, Peak:0.42M | Scene, ViewLayer | Updating Scene BVH | Building BVH 0%
Fra:1 Mem:17.99M (Peak 18.07M) | Time:00:00.01 | Mem:0.54M, Peak:0.64M | Scene, ViewLayer | Updating Scene BVH | Copying BVH to device
Fra:1 Mem:17.99M (Peak 18.07M) | Time:00:00.01 | Mem:0.54M, Peak:0.64M | Scene, ViewLayer | Updating Mesh | Computing normals
Fra:1 Mem:18.34M (Peak 18.34M) | Time:00:00.01 | Mem:0.54M, Peak:0.64M | Scene, ViewLayer | Updating Mesh | Copying Mesh to device
Fra:1 Mem:18.34M (Peak 18.34M) | Time:00:00.01 | Mem:0.89M, Peak:0.89M | Scene, ViewLayer | Updating Objects Flags
Fra:1 Mem:18.34M (Peak 18.34M) | Time:00:00.01 | Mem:0.89M, Peak:0.89M | Scene, ViewLayer | Updating Primitive Offsets
Fra:1 Mem:18.34M (Peak 18.34M) | Time:00:00.01 | Mem:0.89M, Peak:0.89M | Scene, ViewLayer | Updating Images
Fra:1 Mem:18.34M (Peak 18.34M) | Time:00:00.01 | Mem:0.89M, Peak:0.89M | Scene, ViewLayer | Updating Images | Loading environment_v2_normal.png
Fra:1 Mem:22.34M (Peak 22.34M) | Time:00:00.01 | Mem:0.89M, Peak:0.89M | Scene, ViewLayer | Updating Images | Loading environment_v2_albedo.png
Fra:1 Mem:26.35M (Peak 26.35M) | Time:00:00.03 | Mem:4.89M, Peak:4.89M | Scene, ViewLayer | Updating Images | Loading environment_v2_orm.png
Fra:1 Mem:30.35M (Peak 30.35M) | Time:00:00.05 | Mem:12.89M, Peak:12.89M | Scene, ViewLayer | Updating Camera Volume
Fra:1 Mem:30.35M (Peak 30.35M) | Time:00:00.05 | Mem:12.89M, Peak:12.89M | Scene, ViewLayer | Updating Lookup Tables
Fra:1 Mem:30.35M (Peak 30.35M) | Time:00:00.05 | Mem:12.97M, Peak:12.97M | Scene, ViewLayer | Updating Lights
Fra:1 Mem:30.35M (Peak 30.35M) | Time:00:00.05 | Mem:12.97M, Peak:12.97M | Scene, ViewLayer | Updating Lights | Computing tree
Fra:1 Mem:30.35M (Peak 30.35M) | Time:00:00.05 | Mem:12.97M, Peak:12.97M | Scene, ViewLayer | Updating Integrator
Fra:1 Mem:30.35M (Peak 30.35M) | Time:00:00.05 | Mem:12.97M, Peak:12.97M | Scene, ViewLayer | Updating Film
Fra:1 Mem:30.35M (Peak 30.35M) | Time:00:00.05 | Mem:12.89M, Peak:12.97M | Scene, ViewLayer | Updating Lookup Tables
Fra:1 Mem:30.35M (Peak 30.35M) | Time:00:00.05 | Mem:12.98M, Peak:12.98M | Scene, ViewLayer | Updating Baking
Fra:1 Mem:30.35M (Peak 30.35M) | Time:00:00.05 | Mem:12.98M, Peak:12.98M | Scene, ViewLayer | Updating Device | Writing constant memory
Fra:1 Mem:30.35M (Peak 30.35M) | Time:00:00.05 | Mem:12.98M, Peak:12.98M | Scene, ViewLayer | Sample 0/24
Fra:1 Mem:35.99M (Peak 35.99M) | Time:00:00.10 | Remaining:00:01.06 | Mem:18.61M, Peak:18.61M | Scene, ViewLayer | Sample 1/24
Fra:1 Mem:38.49M (Peak 43.49M) | Time:00:01.17 | Mem:18.61M, Peak:18.61M | Scene, ViewLayer | Sample 24/24
Fra:1 Mem:38.49M (Peak 43.49M) | Time:00:01.17 | Mem:18.61M, Peak:18.61M | Scene, ViewLayer | Finished
Saved: '/tmp/environment-v2-blender/env_depot_tank_pair_shaded_90.png'
Time: 00:01.19 (Saving: 00:00.01)

Fra:1 Mem:17.05M (Peak 17.05M) | Time:00:00.00 | Mem:0.00M, Peak:0.00M | Scene, ViewLayer | Synchronizing object | env_depot_tank_pair__shell_mesh
Fra:1 Mem:17.78M (Peak 18.07M) | Time:00:00.00 | Mem:0.00M, Peak:0.00M | Scene, ViewLayer | Initializing
Fra:1 Mem:17.53M (Peak 18.07M) | Time:00:00.00 | Mem:0.00M, Peak:0.00M | Scene, ViewLayer | Waiting for render to start
Fra:1 Mem:17.53M (Peak 18.07M) | Time:00:00.00 | Mem:0.00M, Peak:0.00M | Scene, ViewLayer | Loading render kernels (may take a few minutes the first time)
Fra:1 Mem:17.53M (Peak 18.07M) | Time:00:00.00 | Mem:0.00M, Peak:0.00M | Scene, ViewLayer | Updating Scene
Fra:1 Mem:17.53M (Peak 18.07M) | Time:00:00.00 | Mem:0.00M, Peak:0.00M | Scene, ViewLayer | Updating Shaders
Fra:1 Mem:17.62M (Peak 18.07M) | Time:00:00.00 | Mem:0.00M, Peak:0.00M | Scene, ViewLayer | Updating Procedurals
Fra:1 Mem:17.62M (Peak 18.07M) | Time:00:00.00 | Mem:0.00M, Peak:0.00M | Scene, ViewLayer | Updating Background
Fra:1 Mem:17.62M (Peak 18.07M) | Time:00:00.00 | Mem:0.00M, Peak:0.00M | Scene, ViewLayer | Updating Camera
Fra:1 Mem:17.62M (Peak 18.07M) | Time:00:00.00 | Mem:0.00M, Peak:0.00M | Scene, ViewLayer | Updating Meshes Flags
Fra:1 Mem:17.62M (Peak 18.07M) | Time:00:00.00 | Mem:0.00M, Peak:0.00M | Scene, ViewLayer | Updating Objects
Fra:1 Mem:17.62M (Peak 18.07M) | Time:00:00.00 | Mem:0.00M, Peak:0.00M | Scene, ViewLayer | Updating Objects | Copying Transformations to device
Fra:1 Mem:17.62M (Peak 18.07M) | Time:00:00.00 | Mem:0.00M, Peak:0.00M | Scene, ViewLayer | Updating Objects | Applying Static Transformations
Fra:1 Mem:17.62M (Peak 18.07M) | Time:00:00.00 | Mem:0.00M, Peak:0.00M | Scene, ViewLayer | Updating Particle Systems
Fra:1 Mem:17.62M (Peak 18.07M) | Time:00:00.00 | Mem:0.00M, Peak:0.00M | Scene, ViewLayer | Updating Particle Systems | Copying Particles to device
Fra:1 Mem:17.62M (Peak 18.07M) | Time:00:00.00 | Mem:0.00M, Peak:0.00M | Scene, ViewLayer | Updating Meshes
Fra:1 Mem:17.66M (Peak 18.07M) | Time:00:00.00 | Mem:0.00M, Peak:0.00M | Scene, ViewLayer | Updating Mesh | Computing attributes
Fra:1 Mem:17.99M (Peak 18.07M) | Time:00:00.00 | Mem:0.00M, Peak:0.00M | Scene, ViewLayer | Updating Mesh | Copying Attributes to device
Fra:1 Mem:17.99M (Peak 18.07M) | Time:00:00.00 | Mem:0.33M, Peak:0.33M | Scene, ViewLayer | Updating Scene BVH | Building
Fra:1 Mem:17.99M (Peak 18.07M) | Time:00:00.00 | Mem:0.33M, Peak:0.33M | Scene, ViewLayer | Updating Scene BVH | Building BVH
Fra:1 Mem:17.99M (Peak 18.07M) | Time:00:00.00 | Mem:0.42M, Peak:0.42M | Scene, ViewLayer | Updating Scene BVH | Building BVH 0%
Fra:1 Mem:17.99M (Peak 18.07M) | Time:00:00.00 | Mem:0.54M, Peak:0.64M | Scene, ViewLayer | Updating Scene BVH | Copying BVH to device
Fra:1 Mem:17.99M (Peak 18.07M) | Time:00:00.00 | Mem:0.54M, Peak:0.64M | Scene, ViewLayer | Updating Mesh | Computing normals
Fra:1 Mem:18.34M (Peak 18.34M) | Time:00:00.00 | Mem:0.54M, Peak:0.64M | Scene, ViewLayer | Updating Mesh | Copying Mesh to device
Fra:1 Mem:18.34M (Peak 18.34M) | Time:00:00.00 | Mem:0.89M, Peak:0.89M | Scene, ViewLayer | Updating Objects Flags
Fra:1 Mem:18.34M (Peak 18.34M) | Time:00:00.00 | Mem:0.89M, Peak:0.89M | Scene, ViewLayer | Updating Primitive Offsets
Fra:1 Mem:18.34M (Peak 18.34M) | Time:00:00.00 | Mem:0.89M, Peak:0.89M | Scene, ViewLayer | Updating Images
Fra:1 Mem:18.34M (Peak 18.34M) | Time:00:00.00 | Mem:0.89M, Peak:0.89M | Scene, ViewLayer | Updating Images | Loading environment_v2_normal.png
Fra:1 Mem:22.34M (Peak 22.34M) | Time:00:00.00 | Mem:0.89M, Peak:0.89M | Scene, ViewLayer | Updating Images | Loading environment_v2_albedo.png
Fra:1 Mem:26.35M (Peak 26.35M) | Time:00:00.03 | Mem:4.89M, Peak:4.89M | Scene, ViewLayer | Updating Images | Loading environment_v2_orm.png
Fra:1 Mem:30.35M (Peak 30.35M) | Time:00:00.05 | Mem:12.89M, Peak:12.89M | Scene, ViewLayer | Updating Camera Volume
Fra:1 Mem:30.35M (Peak 30.35M) | Time:00:00.05 | Mem:12.89M, Peak:12.89M | Scene, ViewLayer | Updating Lookup Tables
Fra:1 Mem:30.35M (Peak 30.35M) | Time:00:00.05 | Mem:12.97M, Peak:12.97M | Scene, ViewLayer | Updating Lights
Fra:1 Mem:30.35M (Peak 30.35M) | Time:00:00.05 | Mem:12.97M, Peak:12.97M | Scene, ViewLayer | Updating Lights | Computing tree
Fra:1 Mem:30.35M (Peak 30.35M) | Time:00:00.05 | Mem:12.97M, Peak:12.97M | Scene, ViewLayer | Updating Integrator
Fra:1 Mem:30.35M (Peak 30.35M) | Time:00:00.05 | Mem:12.97M, Peak:12.97M | Scene, ViewLayer | Updating Film
Fra:1 Mem:30.35M (Peak 30.35M) | Time:00:00.05 | Mem:12.89M, Peak:12.97M | Scene, ViewLayer | Updating Lookup Tables
Fra:1 Mem:30.35M (Peak 30.35M) | Time:00:00.05 | Mem:12.98M, Peak:12.98M | Scene, ViewLayer | Updating Baking
Fra:1 Mem:30.35M (Peak 30.35M) | Time:00:00.05 | Mem:12.98M, Peak:12.98M | Scene, ViewLayer | Updating Device | Writing constant memory
Fra:1 Mem:30.35M (Peak 30.35M) | Time:00:00.05 | Mem:12.98M, Peak:12.98M | Scene, ViewLayer | Sample 0/24
Fra:1 Mem:35.99M (Peak 35.99M) | Time:00:00.11 | Remaining:00:01.27 | Mem:18.61M, Peak:18.61M | Scene, ViewLayer | Sample 1/24
Fra:1 Mem:38.49M (Peak 43.49M) | Time:00:01.59 | Mem:18.61M, Peak:18.61M | Scene, ViewLayer | Sample 24/24
Fra:1 Mem:38.49M (Peak 43.49M) | Time:00:01.59 | Mem:18.61M, Peak:18.61M | Scene, ViewLayer | Finished
Saved: '/tmp/environment-v2-blender/env_depot_tank_pair_shaded_180.png'
Time: 00:01.61 (Saving: 00:00.02)

Fra:1 Mem:16.99M (Peak 16.99M) | Time:00:00.00 | Mem:0.00M, Peak:0.00M | Scene, ViewLayer | Synchronizing object | env_depot_tank_pair__shell_mesh
Fra:1 Mem:17.47M (Peak 18.01M) | Time:00:00.01 | Mem:0.00M, Peak:0.00M | Scene, ViewLayer | Initializing
Fra:1 Mem:17.25M (Peak 18.01M) | Time:00:00.01 | Mem:0.00M, Peak:0.00M | Scene, ViewLayer | Waiting for render to start
Fra:1 Mem:17.25M (Peak 18.01M) | Time:00:00.01 | Mem:0.00M, Peak:0.00M | Scene, ViewLayer | Loading render kernels (may take a few minutes the first time)
Fra:1 Mem:17.25M (Peak 18.01M) | Time:00:00.01 | Mem:0.00M, Peak:0.00M | Scene, ViewLayer | Updating Scene
Fra:1 Mem:17.25M (Peak 18.01M) | Time:00:00.01 | Mem:0.00M, Peak:0.00M | Scene, ViewLayer | Updating Shaders
Fra:1 Mem:17.33M (Peak 18.01M) | Time:00:00.01 | Mem:0.00M, Peak:0.00M | Scene, ViewLayer | Updating Procedurals
Fra:1 Mem:17.33M (Peak 18.01M) | Time:00:00.01 | Mem:0.00M, Peak:0.00M | Scene, ViewLayer | Updating Background
Fra:1 Mem:17.33M (Peak 18.01M) | Time:00:00.01 | Mem:0.00M, Peak:0.00M | Scene, ViewLayer | Updating Camera
Fra:1 Mem:17.33M (Peak 18.01M) | Time:00:00.01 | Mem:0.00M, Peak:0.00M | Scene, ViewLayer | Updating Meshes Flags
Fra:1 Mem:17.33M (Peak 18.01M) | Time:00:00.01 | Mem:0.00M, Peak:0.00M | Scene, ViewLayer | Updating Objects
Fra:1 Mem:17.33M (Peak 18.01M) | Time:00:00.01 | Mem:0.00M, Peak:0.00M | Scene, ViewLayer | Updating Objects | Copying Transformations to device
Fra:1 Mem:17.33M (Peak 18.01M) | Time:00:00.01 | Mem:0.00M, Peak:0.00M | Scene, ViewLayer | Updating Objects | Applying Static Transformations
Fra:1 Mem:17.33M (Peak 18.01M) | Time:00:00.01 | Mem:0.00M, Peak:0.00M | Scene, ViewLayer | Updating Particle Systems
Fra:1 Mem:17.33M (Peak 18.01M) | Time:00:00.01 | Mem:0.00M, Peak:0.00M | Scene, ViewLayer | Updating Particle Systems | Copying Particles to device
Fra:1 Mem:17.33M (Peak 18.01M) | Time:00:00.01 | Mem:0.00M, Peak:0.00M | Scene, ViewLayer | Updating Meshes
Fra:1 Mem:17.38M (Peak 18.01M) | Time:00:00.01 | Mem:0.00M, Peak:0.00M | Scene, ViewLayer | Updating Mesh | Computing attributes
Fra:1 Mem:17.49M (Peak 18.01M) | Time:00:00.01 | Mem:0.00M, Peak:0.00M | Scene, ViewLayer | Updating Mesh | Copying Attributes to device
Fra:1 Mem:17.49M (Peak 18.01M) | Time:00:00.01 | Mem:0.11M, Peak:0.11M | Scene, ViewLayer | Updating Scene BVH | Building
Fra:1 Mem:17.49M (Peak 18.01M) | Time:00:00.01 | Mem:0.11M, Peak:0.11M | Scene, ViewLayer | Updating Scene BVH | Building BVH
Fra:1 Mem:17.49M (Peak 18.01M) | Time:00:00.01 | Mem:0.21M, Peak:0.21M | Scene, ViewLayer | Updating Scene BVH | Building BVH 0%
Fra:1 Mem:17.49M (Peak 18.01M) | Time:00:00.01 | Mem:0.33M, Peak:0.42M | Scene, ViewLayer | Updating Scene BVH | Copying BVH to device
Fra:1 Mem:17.49M (Peak 18.01M) | Time:00:00.01 | Mem:0.33M, Peak:0.42M | Scene, ViewLayer | Updating Mesh | Computing normals
Fra:1 Mem:17.84M (Peak 18.01M) | Time:00:00.01 | Mem:0.33M, Peak:0.42M | Scene, ViewLayer | Updating Mesh | Copying Mesh to device
Fra:1 Mem:17.84M (Peak 18.01M) | Time:00:00.01 | Mem:0.67M, Peak:0.67M | Scene, ViewLayer | Updating Objects Flags
Fra:1 Mem:17.84M (Peak 18.01M) | Time:00:00.01 | Mem:0.67M, Peak:0.67M | Scene, ViewLayer | Updating Primitive Offsets
Fra:1 Mem:17.84M (Peak 18.01M) | Time:00:00.01 | Mem:0.67M, Peak:0.67M | Scene, ViewLayer | Updating Images
Fra:1 Mem:17.84M (Peak 18.01M) | Time:00:00.01 | Mem:0.67M, Peak:0.67M | Scene, ViewLayer | Updating Camera Volume
Fra:1 Mem:17.84M (Peak 18.01M) | Time:00:00.01 | Mem:0.67M, Peak:0.67M | Scene, ViewLayer | Updating Lookup Tables
Fra:1 Mem:17.84M (Peak 18.01M) | Time:00:00.01 | Mem:0.75M, Peak:0.75M | Scene, ViewLayer | Updating Lights
Fra:1 Mem:17.84M (Peak 18.01M) | Time:00:00.01 | Mem:0.75M, Peak:0.75M | Scene, ViewLayer | Updating Lights | Computing tree
Fra:1 Mem:17.84M (Peak 18.01M) | Time:00:00.01 | Mem:0.75M, Peak:0.75M | Scene, ViewLayer | Updating Integrator
Fra:1 Mem:17.84M (Peak 18.01M) | Time:00:00.01 | Mem:0.75M, Peak:0.75M | Scene, ViewLayer | Updating Film
Fra:1 Mem:17.84M (Peak 18.01M) | Time:00:00.01 | Mem:0.67M, Peak:0.75M | Scene, ViewLayer | Updating Lookup Tables
Fra:1 Mem:17.84M (Peak 18.01M) | Time:00:00.01 | Mem:0.76M, Peak:0.76M | Scene, ViewLayer | Updating Baking
Fra:1 Mem:17.84M (Peak 18.01M) | Time:00:00.01 | Mem:0.76M, Peak:0.76M | Scene, ViewLayer | Updating Device | Writing constant memory
Fra:1 Mem:17.84M (Peak 18.01M) | Time:00:00.01 | Mem:0.76M, Peak:0.76M | Scene, ViewLayer | Sample 0/24
Fra:1 Mem:23.47M (Peak 23.47M) | Time:00:00.20 | Remaining:00:04.35 | Mem:6.38M, Peak:6.38M | Scene, ViewLayer | Sample 1/24
Fra:1 Mem:25.98M (Peak 30.98M) | Time:00:01.53 | Mem:6.38M, Peak:6.38M | Scene, ViewLayer | Sample 24/24
Fra:1 Mem:25.98M (Peak 30.98M) | Time:00:01.53 | Mem:6.38M, Peak:6.38M | Scene, ViewLayer | Finished
Saved: '/tmp/environment-v2-blender/env_depot_tank_pair_clay_0.png'
Time: 00:01.55 (Saving: 00:00.02)

Fra:1 Mem:16.99M (Peak 16.99M) | Time:00:00.00 | Mem:0.00M, Peak:0.00M | Scene, ViewLayer | Synchronizing object | env_depot_tank_pair__shell_mesh
Fra:1 Mem:17.47M (Peak 18.01M) | Time:00:00.00 | Mem:0.00M, Peak:0.00M | Scene, ViewLayer | Initializing
Fra:1 Mem:17.25M (Peak 18.01M) | Time:00:00.00 | Mem:0.00M, Peak:0.00M | Scene, ViewLayer | Waiting for render to start
Fra:1 Mem:17.25M (Peak 18.01M) | Time:00:00.00 | Mem:0.00M, Peak:0.00M | Scene, ViewLayer | Loading render kernels (may take a few minutes the first time)
Fra:1 Mem:17.25M (Peak 18.01M) | Time:00:00.00 | Mem:0.00M, Peak:0.00M | Scene, ViewLayer | Updating Scene
Fra:1 Mem:17.25M (Peak 18.01M) | Time:00:00.00 | Mem:0.00M, Peak:0.00M | Scene, ViewLayer | Updating Shaders
Fra:1 Mem:17.33M (Peak 18.01M) | Time:00:00.00 | Mem:0.00M, Peak:0.00M | Scene, ViewLayer | Updating Procedurals
Fra:1 Mem:17.33M (Peak 18.01M) | Time:00:00.00 | Mem:0.00M, Peak:0.00M | Scene, ViewLayer | Updating Background
Fra:1 Mem:17.33M (Peak 18.01M) | Time:00:00.00 | Mem:0.00M, Peak:0.00M | Scene, ViewLayer | Updating Camera
Fra:1 Mem:17.33M (Peak 18.01M) | Time:00:00.00 | Mem:0.00M, Peak:0.00M | Scene, ViewLayer | Updating Meshes Flags
Fra:1 Mem:17.33M (Peak 18.01M) | Time:00:00.00 | Mem:0.00M, Peak:0.00M | Scene, ViewLayer | Updating Objects
Fra:1 Mem:17.33M (Peak 18.01M) | Time:00:00.00 | Mem:0.00M, Peak:0.00M | Scene, ViewLayer | Updating Objects | Copying Transformations to device
Fra:1 Mem:17.33M (Peak 18.01M) | Time:00:00.00 | Mem:0.00M, Peak:0.00M | Scene, ViewLayer | Updating Objects | Applying Static Transformations
Fra:1 Mem:17.33M (Peak 18.01M) | Time:00:00.00 | Mem:0.00M, Peak:0.00M | Scene, ViewLayer | Updating Particle Systems
Fra:1 Mem:17.33M (Peak 18.01M) | Time:00:00.00 | Mem:0.00M, Peak:0.00M | Scene, ViewLayer | Updating Particle Systems | Copying Particles to device
Fra:1 Mem:17.33M (Peak 18.01M) | Time:00:00.00 | Mem:0.00M, Peak:0.00M | Scene, ViewLayer | Updating Meshes
Fra:1 Mem:17.38M (Peak 18.01M) | Time:00:00.00 | Mem:0.00M, Peak:0.00M | Scene, ViewLayer | Updating Mesh | Computing attributes
Fra:1 Mem:17.49M (Peak 18.01M) | Time:00:00.00 | Mem:0.00M, Peak:0.00M | Scene, ViewLayer | Updating Mesh | Copying Attributes to device
Fra:1 Mem:17.49M (Peak 18.01M) | Time:00:00.00 | Mem:0.11M, Peak:0.11M | Scene, ViewLayer | Updating Scene BVH | Building
Fra:1 Mem:17.49M (Peak 18.01M) | Time:00:00.00 | Mem:0.11M, Peak:0.11M | Scene, ViewLayer | Updating Scene BVH | Building BVH
Fra:1 Mem:17.49M (Peak 18.01M) | Time:00:00.00 | Mem:0.21M, Peak:0.21M | Scene, ViewLayer | Updating Scene BVH | Building BVH 0%
Fra:1 Mem:17.49M (Peak 18.01M) | Time:00:00.00 | Mem:0.33M, Peak:0.42M | Scene, ViewLayer | Updating Scene BVH | Copying BVH to device
Fra:1 Mem:17.49M (Peak 18.01M) | Time:00:00.00 | Mem:0.33M, Peak:0.42M | Scene, ViewLayer | Updating Mesh | Computing normals
Fra:1 Mem:17.84M (Peak 18.01M) | Time:00:00.00 | Mem:0.33M, Peak:0.42M | Scene, ViewLayer | Updating Mesh | Copying Mesh to device
Fra:1 Mem:17.84M (Peak 18.01M) | Time:00:00.00 | Mem:0.67M, Peak:0.67M | Scene, ViewLayer | Updating Objects Flags
Fra:1 Mem:17.84M (Peak 18.01M) | Time:00:00.00 | Mem:0.67M, Peak:0.67M | Scene, ViewLayer | Updating Primitive Offsets
Fra:1 Mem:17.84M (Peak 18.01M) | Time:00:00.00 | Mem:0.67M, Peak:0.67M | Scene, ViewLayer | Updating Images
Fra:1 Mem:17.84M (Peak 18.01M) | Time:00:00.00 | Mem:0.67M, Peak:0.67M | Scene, ViewLayer | Updating Camera Volume
Fra:1 Mem:17.84M (Peak 18.01M) | Time:00:00.00 | Mem:0.67M, Peak:0.67M | Scene, ViewLayer | Updating Lookup Tables
Fra:1 Mem:17.84M (Peak 18.01M) | Time:00:00.00 | Mem:0.75M, Peak:0.75M | Scene, ViewLayer | Updating Lights
Fra:1 Mem:17.84M (Peak 18.01M) | Time:00:00.00 | Mem:0.75M, Peak:0.75M | Scene, ViewLayer | Updating Lights | Computing tree
Fra:1 Mem:17.84M (Peak 18.01M) | Time:00:00.00 | Mem:0.75M, Peak:0.75M | Scene, ViewLayer | Updating Integrator
Fra:1 Mem:17.84M (Peak 18.01M) | Time:00:00.00 | Mem:0.75M, Peak:0.75M | Scene, ViewLayer | Updating Film
Fra:1 Mem:17.84M (Peak 18.01M) | Time:00:00.00 | Mem:0.67M, Peak:0.75M | Scene, ViewLayer | Updating Lookup Tables
Fra:1 Mem:17.84M (Peak 18.01M) | Time:00:00.00 | Mem:0.76M, Peak:0.76M | Scene, ViewLayer | Updating Baking
Fra:1 Mem:17.84M (Peak 18.01M) | Time:00:00.00 | Mem:0.76M, Peak:0.76M | Scene, ViewLayer | Updating Device | Writing constant memory
Fra:1 Mem:17.84M (Peak 18.01M) | Time:00:00.00 | Mem:0.76M, Peak:0.76M | Scene, ViewLayer | Sample 0/24
Fra:1 Mem:23.47M (Peak 23.47M) | Time:00:00.05 | Remaining:00:01.01 | Mem:6.38M, Peak:6.38M | Scene, ViewLayer | Sample 1/24
Fra:1 Mem:25.98M (Peak 30.98M) | Time:00:01.05 | Mem:6.38M, Peak:6.38M | Scene, ViewLayer | Sample 24/24
Fra:1 Mem:25.98M (Peak 30.98M) | Time:00:01.05 | Mem:6.38M, Peak:6.38M | Scene, ViewLayer | Finished
Saved: '/tmp/environment-v2-blender/env_depot_tank_pair_clay_90.png'
Time: 00:01.06 (Saving: 00:00.01)

Fra:1 Mem:16.99M (Peak 16.99M) | Time:00:00.00 | Mem:0.00M, Peak:0.00M | Scene, ViewLayer | Synchronizing object | env_depot_tank_pair__shell_mesh
Fra:1 Mem:17.47M (Peak 18.01M) | Time:00:00.00 | Mem:0.00M, Peak:0.00M | Scene, ViewLayer | Initializing
Fra:1 Mem:17.25M (Peak 18.01M) | Time:00:00.00 | Mem:0.00M, Peak:0.00M | Scene, ViewLayer | Waiting for render to start
Fra:1 Mem:17.25M (Peak 18.01M) | Time:00:00.00 | Mem:0.00M, Peak:0.00M | Scene, ViewLayer | Loading render kernels (may take a few minutes the first time)
Fra:1 Mem:17.25M (Peak 18.01M) | Time:00:00.00 | Mem:0.00M, Peak:0.00M | Scene, ViewLayer | Updating Scene
Fra:1 Mem:17.25M (Peak 18.01M) | Time:00:00.00 | Mem:0.00M, Peak:0.00M | Scene, ViewLayer | Updating Shaders
Fra:1 Mem:17.33M (Peak 18.01M) | Time:00:00.00 | Mem:0.00M, Peak:0.00M | Scene, ViewLayer | Updating Procedurals
Fra:1 Mem:17.33M (Peak 18.01M) | Time:00:00.00 | Mem:0.00M, Peak:0.00M | Scene, ViewLayer | Updating Background
Fra:1 Mem:17.33M (Peak 18.01M) | Time:00:00.00 | Mem:0.00M, Peak:0.00M | Scene, ViewLayer | Updating Camera
Fra:1 Mem:17.33M (Peak 18.01M) | Time:00:00.00 | Mem:0.00M, Peak:0.00M | Scene, ViewLayer | Updating Meshes Flags
Fra:1 Mem:17.33M (Peak 18.01M) | Time:00:00.00 | Mem:0.00M, Peak:0.00M | Scene, ViewLayer | Updating Objects
Fra:1 Mem:17.33M (Peak 18.01M) | Time:00:00.00 | Mem:0.00M, Peak:0.00M | Scene, ViewLayer | Updating Objects | Copying Transformations to device
Fra:1 Mem:17.33M (Peak 18.01M) | Time:00:00.00 | Mem:0.00M, Peak:0.00M | Scene, ViewLayer | Updating Objects | Applying Static Transformations
Fra:1 Mem:17.33M (Peak 18.01M) | Time:00:00.00 | Mem:0.00M, Peak:0.00M | Scene, ViewLayer | Updating Particle Systems
Fra:1 Mem:17.33M (Peak 18.01M) | Time:00:00.00 | Mem:0.00M, Peak:0.00M | Scene, ViewLayer | Updating Particle Systems | Copying Particles to device
Fra:1 Mem:17.33M (Peak 18.01M) | Time:00:00.00 | Mem:0.00M, Peak:0.00M | Scene, ViewLayer | Updating Meshes
Fra:1 Mem:17.38M (Peak 18.01M) | Time:00:00.00 | Mem:0.00M, Peak:0.00M | Scene, ViewLayer | Updating Mesh | Computing attributes
Fra:1 Mem:17.49M (Peak 18.01M) | Time:00:00.00 | Mem:0.00M, Peak:0.00M | Scene, ViewLayer | Updating Mesh | Copying Attributes to device
Fra:1 Mem:17.49M (Peak 18.01M) | Time:00:00.00 | Mem:0.11M, Peak:0.11M | Scene, ViewLayer | Updating Scene BVH | Building
Fra:1 Mem:17.49M (Peak 18.01M) | Time:00:00.00 | Mem:0.11M, Peak:0.11M | Scene, ViewLayer | Updating Scene BVH | Building BVH
Fra:1 Mem:17.49M (Peak 18.01M) | Time:00:00.00 | Mem:0.21M, Peak:0.21M | Scene, ViewLayer | Updating Scene BVH | Building BVH 0%
Fra:1 Mem:17.49M (Peak 18.01M) | Time:00:00.00 | Mem:0.33M, Peak:0.42M | Scene, ViewLayer | Updating Scene BVH | Copying BVH to device
Fra:1 Mem:17.49M (Peak 18.01M) | Time:00:00.00 | Mem:0.33M, Peak:0.42M | Scene, ViewLayer | Updating Mesh | Computing normals
Fra:1 Mem:17.84M (Peak 18.01M) | Time:00:00.00 | Mem:0.33M, Peak:0.42M | Scene, ViewLayer | Updating Mesh | Copying Mesh to device
Fra:1 Mem:17.84M (Peak 18.01M) | Time:00:00.00 | Mem:0.67M, Peak:0.67M | Scene, ViewLayer | Updating Objects Flags
Fra:1 Mem:17.84M (Peak 18.01M) | Time:00:00.00 | Mem:0.67M, Peak:0.67M | Scene, ViewLayer | Updating Primitive Offsets
Fra:1 Mem:17.84M (Peak 18.01M) | Time:00:00.00 | Mem:0.67M, Peak:0.67M | Scene, ViewLayer | Updating Images
Fra:1 Mem:17.84M (Peak 18.01M) | Time:00:00.00 | Mem:0.67M, Peak:0.67M | Scene, ViewLayer | Updating Camera Volume
Fra:1 Mem:17.84M (Peak 18.01M) | Time:00:00.00 | Mem:0.67M, Peak:0.67M | Scene, ViewLayer | Updating Lookup Tables
Fra:1 Mem:17.84M (Peak 18.01M) | Time:00:00.00 | Mem:0.75M, Peak:0.75M | Scene, ViewLayer | Updating Lights
Fra:1 Mem:17.84M (Peak 18.01M) | Time:00:00.00 | Mem:0.75M, Peak:0.75M | Scene, ViewLayer | Updating Lights | Computing tree
Fra:1 Mem:17.84M (Peak 18.01M) | Time:00:00.00 | Mem:0.75M, Peak:0.75M | Scene, ViewLayer | Updating Integrator
Fra:1 Mem:17.84M (Peak 18.01M) | Time:00:00.00 | Mem:0.75M, Peak:0.75M | Scene, ViewLayer | Updating Film
Fra:1 Mem:17.84M (Peak 18.01M) | Time:00:00.00 | Mem:0.67M, Peak:0.75M | Scene, ViewLayer | Updating Lookup Tables
Fra:1 Mem:17.84M (Peak 18.01M) | Time:00:00.00 | Mem:0.76M, Peak:0.76M | Scene, ViewLayer | Updating Baking
Fra:1 Mem:17.84M (Peak 18.01M) | Time:00:00.00 | Mem:0.76M, Peak:0.76M | Scene, ViewLayer | Updating Device | Writing constant memory
Fra:1 Mem:17.84M (Peak 18.01M) | Time:00:00.00 | Mem:0.76M, Peak:0.76M | Scene, ViewLayer | Sample 0/24
Fra:1 Mem:23.47M (Peak 23.47M) | Time:00:00.06 | Remaining:00:01.24 | Mem:6.38M, Peak:6.38M | Scene, ViewLayer | Sample 1/24
Fra:1 Mem:25.98M (Peak 30.98M) | Time:00:01.33 | Mem:6.38M, Peak:6.38M | Scene, ViewLayer | Sample 24/24
Fra:1 Mem:25.98M (Peak 30.98M) | Time:00:01.33 | Mem:6.38M, Peak:6.38M | Scene, ViewLayer | Finished
Saved: '/tmp/environment-v2-blender/env_depot_tank_pair_clay_180.png'
Time: 00:01.35 (Saving: 00:00.02)

BLENDER_STUDY env_depot_tank_pair
16:56:20 | INFO: Data are loaded, start creating Blender stuff
16:56:20 | INFO: Blender create Mesh node Cylinder.640
16:56:20 | INFO: glTF import finished in 0.01s
Fra:1 Mem:17.50M (Peak 17.50M) | Time:00:00.00 | Mem:0.00M, Peak:0.00M | Scene, ViewLayer | Synchronizing object | env_radio_antenna__shell_mesh
Fra:1 Mem:18.12M (Peak 18.51M) | Time:00:00.00 | Mem:0.00M, Peak:0.00M | Scene, ViewLayer | Initializing
Fra:1 Mem:17.86M (Peak 18.51M) | Time:00:00.00 | Mem:0.00M, Peak:0.00M | Scene, ViewLayer | Waiting for render to start
Fra:1 Mem:17.86M (Peak 18.51M) | Time:00:00.00 | Mem:0.00M, Peak:0.00M | Scene, ViewLayer | Loading render kernels (may take a few minutes the first time)
Fra:1 Mem:17.86M (Peak 18.51M) | Time:00:00.00 | Mem:0.00M, Peak:0.00M | Scene, ViewLayer | Updating Scene
Fra:1 Mem:17.86M (Peak 18.51M) | Time:00:00.00 | Mem:0.00M, Peak:0.00M | Scene, ViewLayer | Updating Shaders
Fra:1 Mem:17.94M (Peak 18.51M) | Time:00:00.00 | Mem:0.00M, Peak:0.00M | Scene, ViewLayer | Updating Procedurals
Fra:1 Mem:17.94M (Peak 18.51M) | Time:00:00.00 | Mem:0.00M, Peak:0.00M | Scene, ViewLayer | Updating Background
Fra:1 Mem:17.94M (Peak 18.51M) | Time:00:00.00 | Mem:0.00M, Peak:0.00M | Scene, ViewLayer | Updating Camera
Fra:1 Mem:17.94M (Peak 18.51M) | Time:00:00.00 | Mem:0.00M, Peak:0.00M | Scene, ViewLayer | Updating Meshes Flags
Fra:1 Mem:17.94M (Peak 18.51M) | Time:00:00.00 | Mem:0.00M, Peak:0.00M | Scene, ViewLayer | Updating Objects
Fra:1 Mem:17.94M (Peak 18.51M) | Time:00:00.00 | Mem:0.00M, Peak:0.00M | Scene, ViewLayer | Updating Objects | Copying Transformations to device
Fra:1 Mem:17.94M (Peak 18.51M) | Time:00:00.00 | Mem:0.00M, Peak:0.00M | Scene, ViewLayer | Updating Objects | Applying Static Transformations
Fra:1 Mem:17.94M (Peak 18.51M) | Time:00:00.00 | Mem:0.00M, Peak:0.00M | Scene, ViewLayer | Updating Particle Systems
Fra:1 Mem:17.94M (Peak 18.51M) | Time:00:00.00 | Mem:0.00M, Peak:0.00M | Scene, ViewLayer | Updating Particle Systems | Copying Particles to device
Fra:1 Mem:17.94M (Peak 18.51M) | Time:00:00.00 | Mem:0.00M, Peak:0.00M | Scene, ViewLayer | Updating Meshes
Fra:1 Mem:17.98M (Peak 18.51M) | Time:00:00.00 | Mem:0.00M, Peak:0.00M | Scene, ViewLayer | Updating Mesh | Computing attributes
Fra:1 Mem:18.23M (Peak 18.51M) | Time:00:00.00 | Mem:0.00M, Peak:0.00M | Scene, ViewLayer | Updating Mesh | Copying Attributes to device
Fra:1 Mem:18.23M (Peak 18.51M) | Time:00:00.00 | Mem:0.25M, Peak:0.25M | Scene, ViewLayer | Updating Scene BVH | Building
Fra:1 Mem:18.23M (Peak 18.51M) | Time:00:00.00 | Mem:0.25M, Peak:0.25M | Scene, ViewLayer | Updating Scene BVH | Building BVH
Fra:1 Mem:18.23M (Peak 18.51M) | Time:00:00.00 | Mem:0.32M, Peak:0.32M | Scene, ViewLayer | Updating Scene BVH | Building BVH 0%
Fra:1 Mem:18.23M (Peak 18.51M) | Time:00:00.00 | Mem:0.40M, Peak:0.48M | Scene, ViewLayer | Updating Scene BVH | Copying BVH to device
Fra:1 Mem:18.23M (Peak 18.51M) | Time:00:00.00 | Mem:0.40M, Peak:0.48M | Scene, ViewLayer | Updating Mesh | Computing normals
Fra:1 Mem:18.49M (Peak 18.51M) | Time:00:00.00 | Mem:0.40M, Peak:0.48M | Scene, ViewLayer | Updating Mesh | Copying Mesh to device
Fra:1 Mem:18.49M (Peak 18.51M) | Time:00:00.00 | Mem:0.67M, Peak:0.67M | Scene, ViewLayer | Updating Objects Flags
Fra:1 Mem:18.49M (Peak 18.51M) | Time:00:00.00 | Mem:0.67M, Peak:0.67M | Scene, ViewLayer | Updating Primitive Offsets
Fra:1 Mem:18.49M (Peak 18.51M) | Time:00:00.00 | Mem:0.67M, Peak:0.67M | Scene, ViewLayer | Updating Images
Fra:1 Mem:18.49M (Peak 18.51M) | Time:00:00.00 | Mem:0.67M, Peak:0.67M | Scene, ViewLayer | Updating Images | Loading environment_v2_normal.png
Fra:1 Mem:22.49M (Peak 22.49M) | Time:00:00.00 | Mem:0.67M, Peak:0.67M | Scene, ViewLayer | Updating Images | Loading environment_v2_albedo.png
Fra:1 Mem:26.50M (Peak 26.50M) | Time:00:00.03 | Mem:4.67M, Peak:4.67M | Scene, ViewLayer | Updating Images | Loading environment_v2_orm.png
Fra:1 Mem:30.50M (Peak 30.50M) | Time:00:00.05 | Mem:12.67M, Peak:12.67M | Scene, ViewLayer | Updating Camera Volume
Fra:1 Mem:30.50M (Peak 30.50M) | Time:00:00.05 | Mem:12.67M, Peak:12.67M | Scene, ViewLayer | Updating Lookup Tables
Fra:1 Mem:30.50M (Peak 30.50M) | Time:00:00.05 | Mem:12.75M, Peak:12.75M | Scene, ViewLayer | Updating Lights
Fra:1 Mem:30.50M (Peak 30.50M) | Time:00:00.05 | Mem:12.75M, Peak:12.75M | Scene, ViewLayer | Updating Lights | Computing tree
Fra:1 Mem:30.50M (Peak 30.50M) | Time:00:00.05 | Mem:12.75M, Peak:12.75M | Scene, ViewLayer | Updating Integrator
Fra:1 Mem:30.50M (Peak 30.50M) | Time:00:00.05 | Mem:12.75M, Peak:12.75M | Scene, ViewLayer | Updating Film
Fra:1 Mem:30.51M (Peak 30.51M) | Time:00:00.05 | Mem:12.67M, Peak:12.75M | Scene, ViewLayer | Updating Lookup Tables
Fra:1 Mem:30.51M (Peak 30.51M) | Time:00:00.05 | Mem:12.75M, Peak:12.75M | Scene, ViewLayer | Updating Baking
Fra:1 Mem:30.51M (Peak 30.51M) | Time:00:00.05 | Mem:12.75M, Peak:12.75M | Scene, ViewLayer | Updating Device | Writing constant memory
Fra:1 Mem:30.51M (Peak 30.51M) | Time:00:00.05 | Mem:12.75M, Peak:12.75M | Scene, ViewLayer | Sample 0/24
Fra:1 Mem:36.14M (Peak 36.14M) | Time:00:00.11 | Remaining:00:01.20 | Mem:18.39M, Peak:18.39M | Scene, ViewLayer | Sample 1/24
Fra:1 Mem:38.64M (Peak 43.64M) | Time:00:00.93 | Mem:18.39M, Peak:18.39M | Scene, ViewLayer | Sample 24/24
Fra:1 Mem:38.64M (Peak 43.64M) | Time:00:00.93 | Mem:18.39M, Peak:18.39M | Scene, ViewLayer | Finished
Saved: '/tmp/environment-v2-blender/env_radio_antenna_shaded_0.png'
Time: 00:00.95 (Saving: 00:00.01)

Fra:1 Mem:17.56M (Peak 17.56M) | Time:00:00.00 | Mem:0.00M, Peak:0.00M | Scene, ViewLayer | Synchronizing object | env_radio_antenna__shell_mesh
Fra:1 Mem:18.12M (Peak 18.59M) | Time:00:00.00 | Mem:0.00M, Peak:0.00M | Scene, ViewLayer | Initializing
Fra:1 Mem:17.86M (Peak 18.59M) | Time:00:00.00 | Mem:0.00M, Peak:0.00M | Scene, ViewLayer | Waiting for render to start
Fra:1 Mem:17.86M (Peak 18.59M) | Time:00:00.00 | Mem:0.00M, Peak:0.00M | Scene, ViewLayer | Loading render kernels (may take a few minutes the first time)
Fra:1 Mem:17.86M (Peak 18.59M) | Time:00:00.00 | Mem:0.00M, Peak:0.00M | Scene, ViewLayer | Updating Scene
Fra:1 Mem:17.86M (Peak 18.59M) | Time:00:00.00 | Mem:0.00M, Peak:0.00M | Scene, ViewLayer | Updating Shaders
Fra:1 Mem:17.94M (Peak 18.59M) | Time:00:00.00 | Mem:0.00M, Peak:0.00M | Scene, ViewLayer | Updating Procedurals
Fra:1 Mem:17.94M (Peak 18.59M) | Time:00:00.00 | Mem:0.00M, Peak:0.00M | Scene, ViewLayer | Updating Background
Fra:1 Mem:17.94M (Peak 18.59M) | Time:00:00.00 | Mem:0.00M, Peak:0.00M | Scene, ViewLayer | Updating Camera
Fra:1 Mem:17.94M (Peak 18.59M) | Time:00:00.00 | Mem:0.00M, Peak:0.00M | Scene, ViewLayer | Updating Meshes Flags
Fra:1 Mem:17.94M (Peak 18.59M) | Time:00:00.00 | Mem:0.00M, Peak:0.00M | Scene, ViewLayer | Updating Objects
Fra:1 Mem:17.94M (Peak 18.59M) | Time:00:00.00 | Mem:0.00M, Peak:0.00M | Scene, ViewLayer | Updating Objects | Copying Transformations to device
Fra:1 Mem:17.94M (Peak 18.59M) | Time:00:00.00 | Mem:0.00M, Peak:0.00M | Scene, ViewLayer | Updating Objects | Applying Static Transformations
Fra:1 Mem:17.94M (Peak 18.59M) | Time:00:00.00 | Mem:0.00M, Peak:0.00M | Scene, ViewLayer | Updating Particle Systems
Fra:1 Mem:17.94M (Peak 18.59M) | Time:00:00.00 | Mem:0.00M, Peak:0.00M | Scene, ViewLayer | Updating Particle Systems | Copying Particles to device
Fra:1 Mem:17.94M (Peak 18.59M) | Time:00:00.00 | Mem:0.00M, Peak:0.00M | Scene, ViewLayer | Updating Meshes
Fra:1 Mem:17.98M (Peak 18.59M) | Time:00:00.00 | Mem:0.00M, Peak:0.00M | Scene, ViewLayer | Updating Mesh | Computing attributes
Fra:1 Mem:18.23M (Peak 18.59M) | Time:00:00.00 | Mem:0.00M, Peak:0.00M | Scene, ViewLayer | Updating Mesh | Copying Attributes to device
Fra:1 Mem:18.23M (Peak 18.59M) | Time:00:00.00 | Mem:0.25M, Peak:0.25M | Scene, ViewLayer | Updating Scene BVH | Building
Fra:1 Mem:18.23M (Peak 18.59M) | Time:00:00.00 | Mem:0.25M, Peak:0.25M | Scene, ViewLayer | Updating Scene BVH | Building BVH
Fra:1 Mem:18.23M (Peak 18.59M) | Time:00:00.00 | Mem:0.32M, Peak:0.32M | Scene, ViewLayer | Updating Scene BVH | Building BVH 0%
Fra:1 Mem:18.23M (Peak 18.59M) | Time:00:00.00 | Mem:0.40M, Peak:0.48M | Scene, ViewLayer | Updating Scene BVH | Copying BVH to device
Fra:1 Mem:18.23M (Peak 18.59M) | Time:00:00.00 | Mem:0.40M, Peak:0.48M | Scene, ViewLayer | Updating Mesh | Computing normals
Fra:1 Mem:18.49M (Peak 18.59M) | Time:00:00.00 | Mem:0.40M, Peak:0.48M | Scene, ViewLayer | Updating Mesh | Copying Mesh to device
Fra:1 Mem:18.49M (Peak 18.59M) | Time:00:00.00 | Mem:0.67M, Peak:0.67M | Scene, ViewLayer | Updating Objects Flags
Fra:1 Mem:18.49M (Peak 18.59M) | Time:00:00.00 | Mem:0.67M, Peak:0.67M | Scene, ViewLayer | Updating Primitive Offsets
Fra:1 Mem:18.49M (Peak 18.59M) | Time:00:00.00 | Mem:0.67M, Peak:0.67M | Scene, ViewLayer | Updating Images
Fra:1 Mem:18.49M (Peak 18.59M) | Time:00:00.00 | Mem:0.67M, Peak:0.67M | Scene, ViewLayer | Updating Images | Loading environment_v2_normal.png
Fra:1 Mem:22.49M (Peak 22.49M) | Time:00:00.00 | Mem:0.67M, Peak:0.67M | Scene, ViewLayer | Updating Images | Loading environment_v2_albedo.png
Fra:1 Mem:26.50M (Peak 26.50M) | Time:00:00.04 | Mem:4.67M, Peak:4.67M | Scene, ViewLayer | Updating Images | Loading environment_v2_orm.png
Fra:1 Mem:30.50M (Peak 30.50M) | Time:00:00.06 | Mem:12.67M, Peak:12.67M | Scene, ViewLayer | Updating Camera Volume
Fra:1 Mem:30.50M (Peak 30.50M) | Time:00:00.06 | Mem:12.67M, Peak:12.67M | Scene, ViewLayer | Updating Lookup Tables
Fra:1 Mem:30.50M (Peak 30.50M) | Time:00:00.06 | Mem:12.75M, Peak:12.75M | Scene, ViewLayer | Updating Lights
Fra:1 Mem:30.50M (Peak 30.50M) | Time:00:00.06 | Mem:12.75M, Peak:12.75M | Scene, ViewLayer | Updating Lights | Computing tree
Fra:1 Mem:30.50M (Peak 30.50M) | Time:00:00.06 | Mem:12.75M, Peak:12.75M | Scene, ViewLayer | Updating Integrator
Fra:1 Mem:30.50M (Peak 30.50M) | Time:00:00.06 | Mem:12.75M, Peak:12.75M | Scene, ViewLayer | Updating Film
Fra:1 Mem:30.51M (Peak 30.51M) | Time:00:00.06 | Mem:12.67M, Peak:12.75M | Scene, ViewLayer | Updating Lookup Tables
Fra:1 Mem:30.51M (Peak 30.51M) | Time:00:00.06 | Mem:12.75M, Peak:12.75M | Scene, ViewLayer | Updating Baking
Fra:1 Mem:30.51M (Peak 30.51M) | Time:00:00.06 | Mem:12.75M, Peak:12.75M | Scene, ViewLayer | Updating Device | Writing constant memory
Fra:1 Mem:30.51M (Peak 30.51M) | Time:00:00.06 | Mem:12.75M, Peak:12.75M | Scene, ViewLayer | Sample 0/24
Fra:1 Mem:36.14M (Peak 36.14M) | Time:00:00.10 | Remaining:00:00.85 | Mem:18.39M, Peak:18.39M | Scene, ViewLayer | Sample 1/24
Fra:1 Mem:38.64M (Peak 43.64M) | Time:00:00.76 | Mem:18.39M, Peak:18.39M | Scene, ViewLayer | Sample 24/24
Fra:1 Mem:38.64M (Peak 43.64M) | Time:00:00.76 | Mem:18.39M, Peak:18.39M | Scene, ViewLayer | Finished
Saved: '/tmp/environment-v2-blender/env_radio_antenna_shaded_90.png'
Time: 00:00.81 (Saving: 00:00.04)

Fra:1 Mem:17.56M (Peak 17.56M) | Time:00:00.00 | Mem:0.00M, Peak:0.00M | Scene, ViewLayer | Synchronizing object | env_radio_antenna__shell_mesh
Fra:1 Mem:18.12M (Peak 18.59M) | Time:00:00.00 | Mem:0.00M, Peak:0.00M | Scene, ViewLayer | Initializing
Fra:1 Mem:17.86M (Peak 18.59M) | Time:00:00.00 | Mem:0.00M, Peak:0.00M | Scene, ViewLayer | Waiting for render to start
Fra:1 Mem:17.86M (Peak 18.59M) | Time:00:00.00 | Mem:0.00M, Peak:0.00M | Scene, ViewLayer | Loading render kernels (may take a few minutes the first time)
Fra:1 Mem:17.86M (Peak 18.59M) | Time:00:00.00 | Mem:0.00M, Peak:0.00M | Scene, ViewLayer | Updating Scene
Fra:1 Mem:17.86M (Peak 18.59M) | Time:00:00.00 | Mem:0.00M, Peak:0.00M | Scene, ViewLayer | Updating Shaders
Fra:1 Mem:17.94M (Peak 18.59M) | Time:00:00.00 | Mem:0.00M, Peak:0.00M | Scene, ViewLayer | Updating Procedurals
Fra:1 Mem:17.94M (Peak 18.59M) | Time:00:00.00 | Mem:0.00M, Peak:0.00M | Scene, ViewLayer | Updating Background
Fra:1 Mem:17.94M (Peak 18.59M) | Time:00:00.00 | Mem:0.00M, Peak:0.00M | Scene, ViewLayer | Updating Camera
Fra:1 Mem:17.94M (Peak 18.59M) | Time:00:00.00 | Mem:0.00M, Peak:0.00M | Scene, ViewLayer | Updating Meshes Flags
Fra:1 Mem:17.94M (Peak 18.59M) | Time:00:00.00 | Mem:0.00M, Peak:0.00M | Scene, ViewLayer | Updating Objects
Fra:1 Mem:17.94M (Peak 18.59M) | Time:00:00.00 | Mem:0.00M, Peak:0.00M | Scene, ViewLayer | Updating Objects | Copying Transformations to device
Fra:1 Mem:17.94M (Peak 18.59M) | Time:00:00.00 | Mem:0.00M, Peak:0.00M | Scene, ViewLayer | Updating Objects | Applying Static Transformations
Fra:1 Mem:17.94M (Peak 18.59M) | Time:00:00.00 | Mem:0.00M, Peak:0.00M | Scene, ViewLayer | Updating Particle Systems
Fra:1 Mem:17.94M (Peak 18.59M) | Time:00:00.00 | Mem:0.00M, Peak:0.00M | Scene, ViewLayer | Updating Particle Systems | Copying Particles to device
Fra:1 Mem:17.94M (Peak 18.59M) | Time:00:00.00 | Mem:0.00M, Peak:0.00M | Scene, ViewLayer | Updating Meshes
Fra:1 Mem:17.98M (Peak 18.59M) | Time:00:00.00 | Mem:0.00M, Peak:0.00M | Scene, ViewLayer | Updating Mesh | Computing attributes
Fra:1 Mem:18.23M (Peak 18.59M) | Time:00:00.00 | Mem:0.00M, Peak:0.00M | Scene, ViewLayer | Updating Mesh | Copying Attributes to device
Fra:1 Mem:18.23M (Peak 18.59M) | Time:00:00.00 | Mem:0.25M, Peak:0.25M | Scene, ViewLayer | Updating Scene BVH | Building
Fra:1 Mem:18.23M (Peak 18.59M) | Time:00:00.00 | Mem:0.25M, Peak:0.25M | Scene, ViewLayer | Updating Scene BVH | Building BVH
Fra:1 Mem:18.23M (Peak 18.59M) | Time:00:00.00 | Mem:0.32M, Peak:0.32M | Scene, ViewLayer | Updating Scene BVH | Building BVH 0%
Fra:1 Mem:18.23M (Peak 18.59M) | Time:00:00.00 | Mem:0.40M, Peak:0.48M | Scene, ViewLayer | Updating Scene BVH | Copying BVH to device
Fra:1 Mem:18.23M (Peak 18.59M) | Time:00:00.00 | Mem:0.40M, Peak:0.48M | Scene, ViewLayer | Updating Mesh | Computing normals
Fra:1 Mem:18.49M (Peak 18.59M) | Time:00:00.00 | Mem:0.40M, Peak:0.48M | Scene, ViewLayer | Updating Mesh | Copying Mesh to device
Fra:1 Mem:18.49M (Peak 18.59M) | Time:00:00.00 | Mem:0.67M, Peak:0.67M | Scene, ViewLayer | Updating Objects Flags
Fra:1 Mem:18.49M (Peak 18.59M) | Time:00:00.00 | Mem:0.67M, Peak:0.67M | Scene, ViewLayer | Updating Primitive Offsets
Fra:1 Mem:18.49M (Peak 18.59M) | Time:00:00.00 | Mem:0.67M, Peak:0.67M | Scene, ViewLayer | Updating Images
Fra:1 Mem:18.49M (Peak 18.59M) | Time:00:00.00 | Mem:0.67M, Peak:0.67M | Scene, ViewLayer | Updating Images | Loading environment_v2_normal.png
Fra:1 Mem:22.49M (Peak 22.49M) | Time:00:00.00 | Mem:0.67M, Peak:0.67M | Scene, ViewLayer | Updating Images | Loading environment_v2_albedo.png
Fra:1 Mem:26.50M (Peak 26.50M) | Time:00:00.03 | Mem:4.67M, Peak:4.67M | Scene, ViewLayer | Updating Images | Loading environment_v2_orm.png
Fra:1 Mem:30.50M (Peak 30.50M) | Time:00:00.05 | Mem:12.67M, Peak:12.67M | Scene, ViewLayer | Updating Camera Volume
Fra:1 Mem:30.50M (Peak 30.50M) | Time:00:00.05 | Mem:12.67M, Peak:12.67M | Scene, ViewLayer | Updating Lookup Tables
Fra:1 Mem:30.50M (Peak 30.50M) | Time:00:00.05 | Mem:12.75M, Peak:12.75M | Scene, ViewLayer | Updating Lights
Fra:1 Mem:30.50M (Peak 30.50M) | Time:00:00.05 | Mem:12.75M, Peak:12.75M | Scene, ViewLayer | Updating Lights | Computing tree
Fra:1 Mem:30.50M (Peak 30.50M) | Time:00:00.05 | Mem:12.75M, Peak:12.75M | Scene, ViewLayer | Updating Integrator
Fra:1 Mem:30.50M (Peak 30.50M) | Time:00:00.05 | Mem:12.75M, Peak:12.75M | Scene, ViewLayer | Updating Film
Fra:1 Mem:30.51M (Peak 30.51M) | Time:00:00.05 | Mem:12.67M, Peak:12.75M | Scene, ViewLayer | Updating Lookup Tables
Fra:1 Mem:30.51M (Peak 30.51M) | Time:00:00.05 | Mem:12.75M, Peak:12.75M | Scene, ViewLayer | Updating Baking
Fra:1 Mem:30.51M (Peak 30.51M) | Time:00:00.05 | Mem:12.75M, Peak:12.75M | Scene, ViewLayer | Updating Device | Writing constant memory
Fra:1 Mem:30.51M (Peak 30.51M) | Time:00:00.05 | Mem:12.75M, Peak:12.75M | Scene, ViewLayer | Sample 0/24
Fra:1 Mem:36.14M (Peak 36.14M) | Time:00:00.08 | Remaining:00:00.76 | Mem:18.39M, Peak:18.39M | Scene, ViewLayer | Sample 1/24
Fra:1 Mem:38.64M (Peak 43.64M) | Time:00:00.81 | Mem:18.39M, Peak:18.39M | Scene, ViewLayer | Sample 24/24
Fra:1 Mem:38.64M (Peak 43.64M) | Time:00:00.81 | Mem:18.39M, Peak:18.39M | Scene, ViewLayer | Finished
Saved: '/tmp/environment-v2-blender/env_radio_antenna_shaded_180.png'
Time: 00:00.83 (Saving: 00:00.01)

Fra:1 Mem:17.50M (Peak 17.50M) | Time:00:00.00 | Mem:0.00M, Peak:0.00M | Scene, ViewLayer | Synchronizing object | env_radio_antenna__shell_mesh
Fra:1 Mem:17.87M (Peak 18.53M) | Time:00:00.00 | Mem:0.00M, Peak:0.00M | Scene, ViewLayer | Initializing
Fra:1 Mem:17.64M (Peak 18.53M) | Time:00:00.00 | Mem:0.00M, Peak:0.00M | Scene, ViewLayer | Waiting for render to start
Fra:1 Mem:17.64M (Peak 18.53M) | Time:00:00.00 | Mem:0.00M, Peak:0.00M | Scene, ViewLayer | Loading render kernels (may take a few minutes the first time)
Fra:1 Mem:17.64M (Peak 18.53M) | Time:00:00.00 | Mem:0.00M, Peak:0.00M | Scene, ViewLayer | Updating Scene
Fra:1 Mem:17.64M (Peak 18.53M) | Time:00:00.00 | Mem:0.00M, Peak:0.00M | Scene, ViewLayer | Updating Shaders
Fra:1 Mem:17.72M (Peak 18.53M) | Time:00:00.00 | Mem:0.00M, Peak:0.00M | Scene, ViewLayer | Updating Procedurals
Fra:1 Mem:17.72M (Peak 18.53M) | Time:00:00.00 | Mem:0.00M, Peak:0.00M | Scene, ViewLayer | Updating Background
Fra:1 Mem:17.72M (Peak 18.53M) | Time:00:00.00 | Mem:0.00M, Peak:0.00M | Scene, ViewLayer | Updating Camera
Fra:1 Mem:17.72M (Peak 18.53M) | Time:00:00.00 | Mem:0.00M, Peak:0.00M | Scene, ViewLayer | Updating Meshes Flags
Fra:1 Mem:17.72M (Peak 18.53M) | Time:00:00.00 | Mem:0.00M, Peak:0.00M | Scene, ViewLayer | Updating Objects
Fra:1 Mem:17.72M (Peak 18.53M) | Time:00:00.00 | Mem:0.00M, Peak:0.00M | Scene, ViewLayer | Updating Objects | Copying Transformations to device
Fra:1 Mem:17.72M (Peak 18.53M) | Time:00:00.00 | Mem:0.00M, Peak:0.00M | Scene, ViewLayer | Updating Objects | Applying Static Transformations
Fra:1 Mem:17.72M (Peak 18.53M) | Time:00:00.00 | Mem:0.00M, Peak:0.00M | Scene, ViewLayer | Updating Particle Systems
Fra:1 Mem:17.72M (Peak 18.53M) | Time:00:00.00 | Mem:0.00M, Peak:0.00M | Scene, ViewLayer | Updating Particle Systems | Copying Particles to device
Fra:1 Mem:17.72M (Peak 18.53M) | Time:00:00.00 | Mem:0.00M, Peak:0.00M | Scene, ViewLayer | Updating Meshes
Fra:1 Mem:17.76M (Peak 18.53M) | Time:00:00.00 | Mem:0.00M, Peak:0.00M | Scene, ViewLayer | Updating Mesh | Computing attributes
Fra:1 Mem:17.84M (Peak 18.53M) | Time:00:00.00 | Mem:0.00M, Peak:0.00M | Scene, ViewLayer | Updating Mesh | Copying Attributes to device
Fra:1 Mem:17.84M (Peak 18.53M) | Time:00:00.00 | Mem:0.08M, Peak:0.08M | Scene, ViewLayer | Updating Scene BVH | Building
Fra:1 Mem:17.84M (Peak 18.53M) | Time:00:00.00 | Mem:0.08M, Peak:0.08M | Scene, ViewLayer | Updating Scene BVH | Building BVH
Fra:1 Mem:17.84M (Peak 18.53M) | Time:00:00.00 | Mem:0.16M, Peak:0.16M | Scene, ViewLayer | Updating Scene BVH | Building BVH 0%
Fra:1 Mem:17.84M (Peak 18.53M) | Time:00:00.00 | Mem:0.24M, Peak:0.31M | Scene, ViewLayer | Updating Scene BVH | Copying BVH to device
Fra:1 Mem:17.84M (Peak 18.53M) | Time:00:00.00 | Mem:0.24M, Peak:0.31M | Scene, ViewLayer | Updating Mesh | Computing normals
Fra:1 Mem:18.10M (Peak 18.53M) | Time:00:00.00 | Mem:0.24M, Peak:0.31M | Scene, ViewLayer | Updating Mesh | Copying Mesh to device
Fra:1 Mem:18.10M (Peak 18.53M) | Time:00:00.00 | Mem:0.50M, Peak:0.50M | Scene, ViewLayer | Updating Objects Flags
Fra:1 Mem:18.10M (Peak 18.53M) | Time:00:00.00 | Mem:0.50M, Peak:0.50M | Scene, ViewLayer | Updating Primitive Offsets
Fra:1 Mem:18.10M (Peak 18.53M) | Time:00:00.00 | Mem:0.50M, Peak:0.50M | Scene, ViewLayer | Updating Images
Fra:1 Mem:18.10M (Peak 18.53M) | Time:00:00.00 | Mem:0.50M, Peak:0.50M | Scene, ViewLayer | Updating Camera Volume
Fra:1 Mem:18.10M (Peak 18.53M) | Time:00:00.00 | Mem:0.50M, Peak:0.50M | Scene, ViewLayer | Updating Lookup Tables
Fra:1 Mem:18.10M (Peak 18.53M) | Time:00:00.00 | Mem:0.58M, Peak:0.58M | Scene, ViewLayer | Updating Lights
Fra:1 Mem:18.10M (Peak 18.53M) | Time:00:00.00 | Mem:0.58M, Peak:0.58M | Scene, ViewLayer | Updating Lights | Computing tree
Fra:1 Mem:18.10M (Peak 18.53M) | Time:00:00.00 | Mem:0.59M, Peak:0.59M | Scene, ViewLayer | Updating Integrator
Fra:1 Mem:18.10M (Peak 18.53M) | Time:00:00.00 | Mem:0.59M, Peak:0.59M | Scene, ViewLayer | Updating Film
Fra:1 Mem:18.11M (Peak 18.53M) | Time:00:00.00 | Mem:0.50M, Peak:0.59M | Scene, ViewLayer | Updating Lookup Tables
Fra:1 Mem:18.11M (Peak 18.53M) | Time:00:00.00 | Mem:0.59M, Peak:0.59M | Scene, ViewLayer | Updating Baking
Fra:1 Mem:18.11M (Peak 18.53M) | Time:00:00.00 | Mem:0.59M, Peak:0.59M | Scene, ViewLayer | Updating Device | Writing constant memory
Fra:1 Mem:18.11M (Peak 18.53M) | Time:00:00.00 | Mem:0.59M, Peak:0.59M | Scene, ViewLayer | Sample 0/24
Fra:1 Mem:23.74M (Peak 23.74M) | Time:00:00.03 | Remaining:00:00.64 | Mem:6.21M, Peak:6.21M | Scene, ViewLayer | Sample 1/24
Fra:1 Mem:26.24M (Peak 31.24M) | Time:00:00.84 | Mem:6.21M, Peak:6.21M | Scene, ViewLayer | Sample 24/24
Fra:1 Mem:26.24M (Peak 31.24M) | Time:00:00.84 | Mem:6.21M, Peak:6.21M | Scene, ViewLayer | Finished
Saved: '/tmp/environment-v2-blender/env_radio_antenna_clay_0.png'
Time: 00:00.86 (Saving: 00:00.02)

Fra:1 Mem:17.50M (Peak 17.50M) | Time:00:00.00 | Mem:0.00M, Peak:0.00M | Scene, ViewLayer | Synchronizing object | env_radio_antenna__shell_mesh
Fra:1 Mem:17.87M (Peak 18.53M) | Time:00:00.00 | Mem:0.00M, Peak:0.00M | Scene, ViewLayer | Initializing
Fra:1 Mem:17.64M (Peak 18.53M) | Time:00:00.00 | Mem:0.00M, Peak:0.00M | Scene, ViewLayer | Waiting for render to start
Fra:1 Mem:17.64M (Peak 18.53M) | Time:00:00.00 | Mem:0.00M, Peak:0.00M | Scene, ViewLayer | Loading render kernels (may take a few minutes the first time)
Fra:1 Mem:17.64M (Peak 18.53M) | Time:00:00.00 | Mem:0.00M, Peak:0.00M | Scene, ViewLayer | Updating Scene
Fra:1 Mem:17.64M (Peak 18.53M) | Time:00:00.00 | Mem:0.00M, Peak:0.00M | Scene, ViewLayer | Updating Shaders
Fra:1 Mem:17.72M (Peak 18.53M) | Time:00:00.00 | Mem:0.00M, Peak:0.00M | Scene, ViewLayer | Updating Procedurals
Fra:1 Mem:17.72M (Peak 18.53M) | Time:00:00.00 | Mem:0.00M, Peak:0.00M | Scene, ViewLayer | Updating Background
Fra:1 Mem:17.72M (Peak 18.53M) | Time:00:00.00 | Mem:0.00M, Peak:0.00M | Scene, ViewLayer | Updating Camera
Fra:1 Mem:17.72M (Peak 18.53M) | Time:00:00.00 | Mem:0.00M, Peak:0.00M | Scene, ViewLayer | Updating Meshes Flags
Fra:1 Mem:17.72M (Peak 18.53M) | Time:00:00.00 | Mem:0.00M, Peak:0.00M | Scene, ViewLayer | Updating Objects
Fra:1 Mem:17.72M (Peak 18.53M) | Time:00:00.00 | Mem:0.00M, Peak:0.00M | Scene, ViewLayer | Updating Objects | Copying Transformations to device
Fra:1 Mem:17.72M (Peak 18.53M) | Time:00:00.00 | Mem:0.00M, Peak:0.00M | Scene, ViewLayer | Updating Objects | Applying Static Transformations
Fra:1 Mem:17.72M (Peak 18.53M) | Time:00:00.00 | Mem:0.00M, Peak:0.00M | Scene, ViewLayer | Updating Particle Systems
Fra:1 Mem:17.72M (Peak 18.53M) | Time:00:00.00 | Mem:0.00M, Peak:0.00M | Scene, ViewLayer | Updating Particle Systems | Copying Particles to device
Fra:1 Mem:17.72M (Peak 18.53M) | Time:00:00.00 | Mem:0.00M, Peak:0.00M | Scene, ViewLayer | Updating Meshes
Fra:1 Mem:17.76M (Peak 18.53M) | Time:00:00.00 | Mem:0.00M, Peak:0.00M | Scene, ViewLayer | Updating Mesh | Computing attributes
Fra:1 Mem:17.84M (Peak 18.53M) | Time:00:00.00 | Mem:0.00M, Peak:0.00M | Scene, ViewLayer | Updating Mesh | Copying Attributes to device
Fra:1 Mem:17.84M (Peak 18.53M) | Time:00:00.00 | Mem:0.08M, Peak:0.08M | Scene, ViewLayer | Updating Scene BVH | Building
Fra:1 Mem:17.84M (Peak 18.53M) | Time:00:00.00 | Mem:0.08M, Peak:0.08M | Scene, ViewLayer | Updating Scene BVH | Building BVH
Fra:1 Mem:17.84M (Peak 18.53M) | Time:00:00.00 | Mem:0.16M, Peak:0.16M | Scene, ViewLayer | Updating Scene BVH | Building BVH 0%
Fra:1 Mem:17.84M (Peak 18.53M) | Time:00:00.00 | Mem:0.24M, Peak:0.31M | Scene, ViewLayer | Updating Scene BVH | Copying BVH to device
Fra:1 Mem:17.84M (Peak 18.53M) | Time:00:00.00 | Mem:0.24M, Peak:0.31M | Scene, ViewLayer | Updating Mesh | Computing normals
Fra:1 Mem:18.10M (Peak 18.53M) | Time:00:00.00 | Mem:0.24M, Peak:0.31M | Scene, ViewLayer | Updating Mesh | Copying Mesh to device
Fra:1 Mem:18.10M (Peak 18.53M) | Time:00:00.00 | Mem:0.50M, Peak:0.50M | Scene, ViewLayer | Updating Objects Flags
Fra:1 Mem:18.10M (Peak 18.53M) | Time:00:00.00 | Mem:0.50M, Peak:0.50M | Scene, ViewLayer | Updating Primitive Offsets
Fra:1 Mem:18.10M (Peak 18.53M) | Time:00:00.00 | Mem:0.50M, Peak:0.50M | Scene, ViewLayer | Updating Images
Fra:1 Mem:18.10M (Peak 18.53M) | Time:00:00.00 | Mem:0.50M, Peak:0.50M | Scene, ViewLayer | Updating Camera Volume
Fra:1 Mem:18.10M (Peak 18.53M) | Time:00:00.00 | Mem:0.50M, Peak:0.50M | Scene, ViewLayer | Updating Lookup Tables
Fra:1 Mem:18.10M (Peak 18.53M) | Time:00:00.00 | Mem:0.58M, Peak:0.58M | Scene, ViewLayer | Updating Lights
Fra:1 Mem:18.10M (Peak 18.53M) | Time:00:00.00 | Mem:0.58M, Peak:0.58M | Scene, ViewLayer | Updating Lights | Computing tree
Fra:1 Mem:18.10M (Peak 18.53M) | Time:00:00.00 | Mem:0.59M, Peak:0.59M | Scene, ViewLayer | Updating Integrator
Fra:1 Mem:18.10M (Peak 18.53M) | Time:00:00.00 | Mem:0.59M, Peak:0.59M | Scene, ViewLayer | Updating Film
Fra:1 Mem:18.11M (Peak 18.53M) | Time:00:00.00 | Mem:0.50M, Peak:0.59M | Scene, ViewLayer | Updating Lookup Tables
Fra:1 Mem:18.11M (Peak 18.53M) | Time:00:00.00 | Mem:0.59M, Peak:0.59M | Scene, ViewLayer | Updating Baking
Fra:1 Mem:18.11M (Peak 18.53M) | Time:00:00.00 | Mem:0.59M, Peak:0.59M | Scene, ViewLayer | Updating Device | Writing constant memory
Fra:1 Mem:18.11M (Peak 18.53M) | Time:00:00.00 | Mem:0.59M, Peak:0.59M | Scene, ViewLayer | Sample 0/24
Fra:1 Mem:23.74M (Peak 23.74M) | Time:00:00.04 | Remaining:00:00.82 | Mem:6.21M, Peak:6.21M | Scene, ViewLayer | Sample 1/24
Fra:1 Mem:26.24M (Peak 31.24M) | Time:00:00.69 | Mem:6.21M, Peak:6.21M | Scene, ViewLayer | Sample 24/24
Fra:1 Mem:26.24M (Peak 31.24M) | Time:00:00.69 | Mem:6.21M, Peak:6.21M | Scene, ViewLayer | Finished
Saved: '/tmp/environment-v2-blender/env_radio_antenna_clay_90.png'
Time: 00:00.72 (Saving: 00:00.02)

Fra:1 Mem:17.50M (Peak 17.50M) | Time:00:00.00 | Mem:0.00M, Peak:0.00M | Scene, ViewLayer | Synchronizing object | env_radio_antenna__shell_mesh
Fra:1 Mem:17.87M (Peak 18.53M) | Time:00:00.00 | Mem:0.00M, Peak:0.00M | Scene, ViewLayer | Initializing
Fra:1 Mem:17.64M (Peak 18.53M) | Time:00:00.00 | Mem:0.00M, Peak:0.00M | Scene, ViewLayer | Waiting for render to start
Fra:1 Mem:17.64M (Peak 18.53M) | Time:00:00.00 | Mem:0.00M, Peak:0.00M | Scene, ViewLayer | Loading render kernels (may take a few minutes the first time)
Fra:1 Mem:17.64M (Peak 18.53M) | Time:00:00.00 | Mem:0.00M, Peak:0.00M | Scene, ViewLayer | Updating Scene
Fra:1 Mem:17.64M (Peak 18.53M) | Time:00:00.00 | Mem:0.00M, Peak:0.00M | Scene, ViewLayer | Updating Shaders
Fra:1 Mem:17.72M (Peak 18.53M) | Time:00:00.00 | Mem:0.00M, Peak:0.00M | Scene, ViewLayer | Updating Procedurals
Fra:1 Mem:17.72M (Peak 18.53M) | Time:00:00.00 | Mem:0.00M, Peak:0.00M | Scene, ViewLayer | Updating Background
Fra:1 Mem:17.72M (Peak 18.53M) | Time:00:00.00 | Mem:0.00M, Peak:0.00M | Scene, ViewLayer | Updating Camera
Fra:1 Mem:17.72M (Peak 18.53M) | Time:00:00.00 | Mem:0.00M, Peak:0.00M | Scene, ViewLayer | Updating Meshes Flags
Fra:1 Mem:17.72M (Peak 18.53M) | Time:00:00.00 | Mem:0.00M, Peak:0.00M | Scene, ViewLayer | Updating Objects
Fra:1 Mem:17.72M (Peak 18.53M) | Time:00:00.00 | Mem:0.00M, Peak:0.00M | Scene, ViewLayer | Updating Objects | Copying Transformations to device
Fra:1 Mem:17.72M (Peak 18.53M) | Time:00:00.00 | Mem:0.00M, Peak:0.00M | Scene, ViewLayer | Updating Objects | Applying Static Transformations
Fra:1 Mem:17.72M (Peak 18.53M) | Time:00:00.00 | Mem:0.00M, Peak:0.00M | Scene, ViewLayer | Updating Particle Systems
Fra:1 Mem:17.72M (Peak 18.53M) | Time:00:00.00 | Mem:0.00M, Peak:0.00M | Scene, ViewLayer | Updating Particle Systems | Copying Particles to device
Fra:1 Mem:17.72M (Peak 18.53M) | Time:00:00.00 | Mem:0.00M, Peak:0.00M | Scene, ViewLayer | Updating Meshes
Fra:1 Mem:17.76M (Peak 18.53M) | Time:00:00.00 | Mem:0.00M, Peak:0.00M | Scene, ViewLayer | Updating Mesh | Computing attributes
Fra:1 Mem:17.84M (Peak 18.53M) | Time:00:00.00 | Mem:0.00M, Peak:0.00M | Scene, ViewLayer | Updating Mesh | Copying Attributes to device
Fra:1 Mem:17.84M (Peak 18.53M) | Time:00:00.00 | Mem:0.08M, Peak:0.08M | Scene, ViewLayer | Updating Scene BVH | Building
Fra:1 Mem:17.84M (Peak 18.53M) | Time:00:00.00 | Mem:0.08M, Peak:0.08M | Scene, ViewLayer | Updating Scene BVH | Building BVH
Fra:1 Mem:17.84M (Peak 18.53M) | Time:00:00.00 | Mem:0.16M, Peak:0.16M | Scene, ViewLayer | Updating Scene BVH | Building BVH 0%
Fra:1 Mem:17.84M (Peak 18.53M) | Time:00:00.00 | Mem:0.24M, Peak:0.31M | Scene, ViewLayer | Updating Scene BVH | Copying BVH to device
Fra:1 Mem:17.84M (Peak 18.53M) | Time:00:00.00 | Mem:0.24M, Peak:0.31M | Scene, ViewLayer | Updating Mesh | Computing normals
Fra:1 Mem:18.10M (Peak 18.53M) | Time:00:00.00 | Mem:0.24M, Peak:0.31M | Scene, ViewLayer | Updating Mesh | Copying Mesh to device
Fra:1 Mem:18.10M (Peak 18.53M) | Time:00:00.00 | Mem:0.50M, Peak:0.50M | Scene, ViewLayer | Updating Objects Flags
Fra:1 Mem:18.10M (Peak 18.53M) | Time:00:00.00 | Mem:0.50M, Peak:0.50M | Scene, ViewLayer | Updating Primitive Offsets
Fra:1 Mem:18.10M (Peak 18.53M) | Time:00:00.00 | Mem:0.50M, Peak:0.50M | Scene, ViewLayer | Updating Images
Fra:1 Mem:18.10M (Peak 18.53M) | Time:00:00.00 | Mem:0.50M, Peak:0.50M | Scene, ViewLayer | Updating Camera Volume
Fra:1 Mem:18.10M (Peak 18.53M) | Time:00:00.00 | Mem:0.50M, Peak:0.50M | Scene, ViewLayer | Updating Lookup Tables
Fra:1 Mem:18.10M (Peak 18.53M) | Time:00:00.00 | Mem:0.58M, Peak:0.58M | Scene, ViewLayer | Updating Lights
Fra:1 Mem:18.10M (Peak 18.53M) | Time:00:00.00 | Mem:0.58M, Peak:0.58M | Scene, ViewLayer | Updating Lights | Computing tree
Fra:1 Mem:18.10M (Peak 18.53M) | Time:00:00.00 | Mem:0.59M, Peak:0.59M | Scene, ViewLayer | Updating Integrator
Fra:1 Mem:18.10M (Peak 18.53M) | Time:00:00.00 | Mem:0.59M, Peak:0.59M | Scene, ViewLayer | Updating Film
Fra:1 Mem:18.11M (Peak 18.53M) | Time:00:00.00 | Mem:0.50M, Peak:0.59M | Scene, ViewLayer | Updating Lookup Tables
Fra:1 Mem:18.11M (Peak 18.53M) | Time:00:00.00 | Mem:0.59M, Peak:0.59M | Scene, ViewLayer | Updating Baking
Fra:1 Mem:18.11M (Peak 18.53M) | Time:00:00.00 | Mem:0.59M, Peak:0.59M | Scene, ViewLayer | Updating Device | Writing constant memory
Fra:1 Mem:18.11M (Peak 18.53M) | Time:00:00.00 | Mem:0.59M, Peak:0.59M | Scene, ViewLayer | Sample 0/24
Fra:1 Mem:23.74M (Peak 23.74M) | Time:00:00.03 | Remaining:00:00.72 | Mem:6.21M, Peak:6.21M | Scene, ViewLayer | Sample 1/24
Fra:1 Mem:26.24M (Peak 31.24M) | Time:00:00.78 | Mem:6.21M, Peak:6.21M | Scene, ViewLayer | Sample 24/24
Fra:1 Mem:26.24M (Peak 31.24M) | Time:00:00.78 | Mem:6.21M, Peak:6.21M | Scene, ViewLayer | Finished
Saved: '/tmp/environment-v2-blender/env_radio_antenna_clay_180.png'
Time: 00:00.81 (Saving: 00:00.02)

BLENDER_STUDY env_radio_antenna
BLENDER_SOURCE_REVIEW_COMPLETE

Blender quit
